target,model,size,seed,fold,source,run_id,n_train,n_test,status,error,train_ids,test_ids,fit_seconds,predict_seconds,roc_auc,average_precision,brier,ece,elapsed_seconds
target_survival_5y,tabpfn,50,42,0,real,161f09fbf6ae354ba6a0,50,79,complete,,"['563', '460', '098', '349', '433', '162', '325', '128', '704', '022', '304', '263', '636', '013', '547', '573', '221', '057', '507', '654', '741', '402', '077', '292', '531', '161', '751', '712', '709', '127', '680', '500', '179', '606', '453', '228', '711', '599', '199', '479', '264', '698', '568', '761', '093', '555', '745', '399', '543', '615']","['019', '028', '029', '033', '050', '056', '059', '073', '074', '081', '086', '095', '104', '109', '121', '139', '142', '144', '154', '182', '189', '194', '201', '212', '218', '220', '246', '249', '258', '287', '290', '297', '314', '328', '333', '334', '335', '347', '348', '353', '383', '389', '398', '417', '418', '423', '451', '465', '493', '521', '528', '544', '545', '554', '567', '579', '582', '590', '601', '604', '613', '625', '627', '630', '632', '659', '660', '700', '705', '708', '717', '720', '721', '726', '728', '732', '735', '742', '759']",4.633578750304878,1.3439557496458292,0.6686046511627907,0.6318735153209742,0.2315057249425946,0.10315682597552676,5.983260500244796
target_survival_5y,lightgbm,50,42,0,real,9b2b04715a166d439c4b,50,79,complete,,"['563', '460', '098', '349', '433', '162', '325', '128', '704', '022', '304', '263', '636', '013', '547', '573', '221', '057', '507', '654', '741', '402', '077', '292', '531', '161', '751', '712', '709', '127', '680', '500', '179', '606', '453', '228', '711', '599', '199', '479', '264', '698', '568', '761', '093', '555', '745', '399', '543', '615']","['019', '028', '029', '033', '050', '056', '059', '073', '074', '081', '086', '095', '104', '109', '121', '139', '142', '144', '154', '182', '189', '194', '201', '212', '218', '220', '246', '249', '258', '287', '290', '297', '314', '328', '333', '334', '335', '347', '348', '353', '383', '389', '398', '417', '418', '423', '451', '465', '493', '521', '528', '544', '545', '554', '567', '579', '582', '590', '601', '604', '613', '625', '627', '630', '632', '659', '660', '700', '705', '708', '717', '720', '721', '726', '728', '732', '735', '742', '759']",0.06939379218965769,0.006774832960218191,0.6237080103359173,0.5612799493083228,0.27004842675275637,0.1942340877850091,0.07734100008383393
target_survival_5y,xgboost,50,42,0,real,cbb5651e5025849be761,50,79,complete,,"['563', '460', '098', '349', '433', '162', '325', '128', '704', '022', '304', '263', '636', '013', '547', '573', '221', '057', '507', '654', '741', '402', '077', '292', '531', '161', '751', '712', '709', '127', '680', '500', '179', '606', '453', '228', '711', '599', '199', '479', '264', '698', '568', '761', '093', '555', '745', '399', '543', '615']","['019', '028', '029', '033', '050', '056', '059', '073', '074', '081', '086', '095', '104', '109', '121', '139', '142', '144', '154', '182', '189', '194', '201', '212', '218', '220', '246', '249', '258', '287', '290', '297', '314', '328', '333', '334', '335', '347', '348', '353', '383', '389', '398', '417', '418', '423', '451', '465', '493', '521', '528', '544', '545', '554', '567', '579', '582', '590', '601', '604', '613', '625', '627', '630', '632', '659', '660', '700', '705', '708', '717', '720', '721', '726', '728', '732', '735', '742', '759']",0.06135849980637431,0.011200208216905594,0.6233850129198966,0.5966079563484703,0.30748869162033426,0.2727294818032533,0.07388000003993511
target_survival_5y,tabpfn,100,42,0,real,da97e9c5651efc38a699,100,79,complete,,"['563', '460', '098', '349', '433', '162', '325', '128', '704', '022', '304', '263', '636', '013', '547', '573', '221', '057', '507', '654', '741', '402', '077', '292', '531', '161', '751', '712', '709', '127', '680', '500', '179', '606', '453', '228', '711', '599', '199', '479', '264', '698', '568', '761', '093', '555', '745', '399', '543', '615', '312', '285', '096', '276', '396', '046', '190', '740', '026', '344', '694', '553', '434', '485', '652', '255', '362', '114', '702', '119', '550', '012', '682', '106', '641', '645', '261', '391', '371', '459', '025', '209', '048', '319', '316', '309', '366', '071', '337', '667', '102', '411', '103', '486', '662', '661', '350', '137', '005', '650']","['019', '028', '029', '033', '050', '056', '059', '073', '074', '081', '086', '095', '104', '109', '121', '139', '142', '144', '154', '182', '189', '194', '201', '212', '218', '220', '246', '249', '258', '287', '290', '297', '314', '328', '333', '334', '335', '347', '348', '353', '383', '389', '398', '417', '418', '423', '451', '465', '493', '521', '528', '544', '545', '554', '567', '579', '582', '590', '601', '604', '613', '625', '627', '630', '632', '659', '660', '700', '705', '708', '717', '720', '721', '726', '728', '732', '735', '742', '759']",3.9620382077991962,1.5296875000931323,0.7280361757105943,0.7005776173276987,0.2175316711036407,0.06345377994489068,5.498284582979977
target_survival_5y,lightgbm,100,42,0,real,d7e2d45e6e5ce6eca25d,100,79,complete,,"['563', '460', '098', '349', '433', '162', '325', '128', '704', '022', '304', '263', '636', '013', '547', '573', '221', '057', '507', '654', '741', '402', '077', '292', '531', '161', '751', '712', '709', '127', '680', '500', '179', '606', '453', '228', '711', '599', '199', '479', '264', '698', '568', '761', '093', '555', '745', '399', '543', '615', '312', '285', '096', '276', '396', '046', '190', '740', '026', '344', '694', '553', '434', '485', '652', '255', '362', '114', '702', '119', '550', '012', '682', '106', '641', '645', '261', '391', '371', '459', '025', '209', '048', '319', '316', '309', '366', '071', '337', '667', '102', '411', '103', '486', '662', '661', '350', '137', '005', '650']","['019', '028', '029', '033', '050', '056', '059', '073', '074', '081', '086', '095', '104', '109', '121', '139', '142', '144', '154', '182', '189', '194', '201', '212', '218', '220', '246', '249', '258', '287', '290', '297', '314', '328', '333', '334', '335', '347', '348', '353', '383', '389', '398', '417', '418', '423', '451', '465', '493', '521', '528', '544', '545', '554', '567', '579', '582', '590', '601', '604', '613', '625', '627', '630', '632', '659', '660', '700', '705', '708', '717', '720', '721', '726', '728', '732', '735', '742', '759']",0.04576791590079665,0.008015417028218508,0.6350129198966409,0.5749227328476539,0.2755131807249008,0.2144890207621237,0.05509799998253584
target_survival_5y,xgboost,100,42,0,real,6b39058a901aa2ef45da,100,79,complete,,"['563', '460', '098', '349', '433', '162', '325', '128', '704', '022', '304', '263', '636', '013', '547', '573', '221', '057', '507', '654', '741', '402', '077', '292', '531', '161', '751', '712', '709', '127', '680', '500', '179', '606', '453', '228', '711', '599', '199', '479', '264', '698', '568', '761', '093', '555', '745', '399', '543', '615', '312', '285', '096', '276', '396', '046', '190', '740', '026', '344', '694', '553', '434', '485', '652', '255', '362', '114', '702', '119', '550', '012', '682', '106', '641', '645', '261', '391', '371', '459', '025', '209', '048', '319', '316', '309', '366', '071', '337', '667', '102', '411', '103', '486', '662', '661', '350', '137', '005', '650']","['019', '028', '029', '033', '050', '056', '059', '073', '074', '081', '086', '095', '104', '109', '121', '139', '142', '144', '154', '182', '189', '194', '201', '212', '218', '220', '246', '249', '258', '287', '290', '297', '314', '328', '333', '334', '335', '347', '348', '353', '383', '389', '398', '417', '418', '423', '451', '465', '493', '521', '528', '544', '545', '554', '567', '579', '582', '590', '601', '604', '613', '625', '627', '630', '632', '659', '660', '700', '705', '708', '717', '720', '721', '726', '728', '732', '735', '742', '759']",0.04160091606900096,0.00712670898064971,0.6395348837209303,0.5674601603212005,0.30002867430683927,0.262105738458259,0.04981745779514313
target_survival_5y,tabpfn,200,42,0,real,970e79e435f63caf3ecc,200,79,complete,,"['563', '460', '098', '349', '433', '162', '325', '128', '704', '022', '304', '263', '636', '013', '547', '573', '221', '057', '507', '654', '741', '402', '077', '292', '531', '161', '751', '712', '709', '127', '680', '500', '179', '606', '453', '228', '711', '599', '199', '479', '264', '698', '568', '761', '093', '555', '745', '399', '543', '615', '312', '285', '096', '276', '396', '046', '190', '740', '026', '344', '694', '553', '434', '485', '652', '255', '362', '114', '702', '119', '550', '012', '682', '106', '641', '645', '261', '391', '371', '459', '025', '209', '048', '319', '316', '309', '366', '071', '337', '667', '102', '411', '103', '486', '662', '661', '350', '137', '005', '650', '322', '115', '295', '014', '342', '527', '307', '616', '262', '710', '393', '193', '215', '257', '722', '205', '501', '105', '575', '424', '031', '113', '420', '444', '571', '001', '167', '758', '336', '576', '244', '330', '429', '306', '384', '129', '463', '482', '512', '618', '693', '311', '034', '067', '603', '468', '643', '018', '584', '321', '462', '214', '173', '040', '646', '488', '039', '461', '101', '467', '713', '436', '534', '760', '483', '410', '225', '634', '133', '743', '415', '317', '160', '533', '341', '118', '470', '047', '382', '716', '234', '294', '577', '176', '452', '052', '657', '282', '437', '752', '088', '419', '343', '381', '369', '403', '283', '448', '278', '072']","['019', '028', '029', '033', '050', '056', '059', '073', '074', '081', '086', '095', '104', '109', '121', '139', '142', '144', '154', '182', '189', '194', '201', '212', '218', '220', '246', '249', '258', '287', '290', '297', '314', '328', '333', '334', '335', '347', '348', '353', '383', '389', '398', '417', '418', '423', '451', '465', '493', '521', '528', '544', '545', '554', '567', '579', '582', '590', '601', '604', '613', '625', '627', '630', '632', '659', '660', '700', '705', '708', '717', '720', '721', '726', '728', '732', '735', '742', '759']",3.9322054171934724,1.299968957901001,0.712532299741602,0.723461163643884,0.21430038135788962,0.09383299531815927,5.234913500025868
target_survival_5y,lightgbm,200,42,0,real,66ff319392e553321fa6,200,79,complete,,"['563', '460', '098', '349', '433', '162', '325', '128', '704', '022', '304', '263', '636', '013', '547', '573', '221', '057', '507', '654', '741', '402', '077', '292', '531', '161', '751', '712', '709', '127', '680', '500', '179', '606', '453', '228', '711', '599', '199', '479', '264', '698', '568', '761', '093', '555', '745', '399', '543', '615', '312', '285', '096', '276', '396', '046', '190', '740', '026', '344', '694', '553', '434', '485', '652', '255', '362', '114', '702', '119', '550', '012', '682', '106', '641', '645', '261', '391', '371', '459', '025', '209', '048', '319', '316', '309', '366', '071', '337', '667', '102', '411', '103', '486', '662', '661', '350', '137', '005', '650', '322', '115', '295', '014', '342', '527', '307', '616', '262', '710', '393', '193', '215', '257', '722', '205', '501', '105', '575', '424', '031', '113', '420', '444', '571', '001', '167', '758', '336', '576', '244', '330', '429', '306', '384', '129', '463', '482', '512', '618', '693', '311', '034', '067', '603', '468', '643', '018', '584', '321', '462', '214', '173', '040', '646', '488', '039', '461', '101', '467', '713', '436', '534', '760', '483', '410', '225', '634', '133', '743', '415', '317', '160', '533', '341', '118', '470', '047', '382', '716', '234', '294', '577', '176', '452', '052', '657', '282', '437', '752', '088', '419', '343', '381', '369', '403', '283', '448', '278', '072']","['019', '028', '029', '033', '050', '056', '059', '073', '074', '081', '086', '095', '104', '109', '121', '139', '142', '144', '154', '182', '189', '194', '201', '212', '218', '220', '246', '249', '258', '287', '290', '297', '314', '328', '333', '334', '335', '347', '348', '353', '383', '389', '398', '417', '418', '423', '451', '465', '493', '521', '528', '544', '545', '554', '567', '579', '582', '590', '601', '604', '613', '625', '627', '630', '632', '659', '660', '700', '705', '708', '717', '720', '721', '726', '728', '732', '735', '742', '759']",0.04270858271047473,0.006976500153541565,0.6537467700258397,0.6153482010205301,0.26569770326069525,0.19752404502606227,0.050829415675252676
target_survival_5y,xgboost,200,42,0,real,1fae91a2ae20b306121c,200,79,complete,,"['563', '460', '098', '349', '433', '162', '325', '128', '704', '022', '304', '263', '636', '013', '547', '573', '221', '057', '507', '654', '741', '402', '077', '292', '531', '161', '751', '712', '709', '127', '680', '500', '179', '606', '453', '228', '711', '599', '199', '479', '264', '698', '568', '761', '093', '555', '745', '399', '543', '615', '312', '285', '096', '276', '396', '046', '190', '740', '026', '344', '694', '553', '434', '485', '652', '255', '362', '114', '702', '119', '550', '012', '682', '106', '641', '645', '261', '391', '371', '459', '025', '209', '048', '319', '316', '309', '366', '071', '337', '667', '102', '411', '103', '486', '662', '661', '350', '137', '005', '650', '322', '115', '295', '014', '342', '527', '307', '616', '262', '710', '393', '193', '215', '257', '722', '205', '501', '105', '575', '424', '031', '113', '420', '444', '571', '001', '167', '758', '336', '576', '244', '330', '429', '306', '384', '129', '463', '482', '512', '618', '693', '311', '034', '067', '603', '468', '643', '018', '584', '321', '462', '214', '173', '040', '646', '488', '039', '461', '101', '467', '713', '436', '534', '760', '483', '410', '225', '634', '133', '743', '415', '317', '160', '533', '341', '118', '470', '047', '382', '716', '234', '294', '577', '176', '452', '052', '657', '282', '437', '752', '088', '419', '343', '381', '369', '403', '283', '448', '278', '072']","['019', '028', '029', '033', '050', '056', '059', '073', '074', '081', '086', '095', '104', '109', '121', '139', '142', '144', '154', '182', '189', '194', '201', '212', '218', '220', '246', '249', '258', '287', '290', '297', '314', '328', '333', '334', '335', '347', '348', '353', '383', '389', '398', '417', '418', '423', '451', '465', '493', '521', '528', '544', '545', '554', '567', '579', '582', '590', '601', '604', '613', '625', '627', '630', '632', '659', '660', '700', '705', '708', '717', '720', '721', '726', '728', '732', '735', '742', '759']",0.04951283382251859,0.0071849580854177475,0.727390180878553,0.7319302415165635,0.2310513747970019,0.1946487902388083,0.057768791913986206
target_survival_5y,tabpfn,500,42,0,real,99ac0f84ee2f94da988a,337,79,skipped,N=500 infeasible for 337 eligible training patients and class balance,"['563', '460', '098', '349', '433', '162', '325', '128', '704', '022', '304', '263', '636', '013', '547', '573', '221', '057', '507', '654', '741', '402', '077', '292', '531', '161', '751', '712', '709', '127', '680', '500', '179', '606', '453', '228', '711', '599', '199', '479', '264', '698', '568', '761', '093', '555', '745', '399', '543', '615', '312', '285', '096', '276', '396', '046', '190', '740', '026', '344', '694', '553', '434', '485', '652', '255', '362', '114', '702', '119', '550', '012', '682', '106', '641', '645', '261', '391', '371', '459', '025', '209', '048', '319', '316', '309', '366', '071', '337', '667', '102', '411', '103', '486', '662', '661', '350', '137', '005', '650', '322', '115', '295', '014', '342', '527', '307', '616', '262', '710', '393', '193', '215', '257', '722', '205', '501', '105', '575', '424', '031', '113', '420', '444', '571', '001', '167', '758', '336', '576', '244', '330', '429', '306', '384', '129', '463', '482', '512', '618', '693', '311', '034', '067', '603', '468', '643', '018', '584', '321', '462', '214', '173', '040', '646', '488', '039', '461', '101', '467', '713', '436', '534', '760', '483', '410', '225', '634', '133', '743', '415', '317', '160', '533', '341', '118', '470', '047', '382', '716', '234', '294', '577', '176', '452', '052', '657', '282', '437', '752', '088', '419', '343', '381', '369', '403', '283', '448', '278', '072', '691', '560', '714', '345', '358', '727', '331', '589', '622', '232', '147', '254', '267', '653', '367', '671', '279', '230', '609', '552', '170', '464', '211', '689', '443', '672', '284', '421', '623', '296', '027', '441', '607', '532', '753', '248', '004', '633', '140', '377', '454', '045', '668', '669', '631', '206', '286', '440', '608', '324', '130', '271', '111', '624', '066', '475', '572', '510', '397', '132', '600', '724', '030', '515', '385', '141', '216', '638', '241', '253', '222', '729', '611', '076', '301', '628', '656', '038', '238', '754', '412', '340', '494', '112', '513', '043', '231', '143', '675', '298', '122', '089', '107', '542', '229', '125', '379', '293', '748', '175', '020', '506', '372', '250', '649', '502', '136', '673', '181', '138', '413', '061', '075', '188', '053', '614', '541', '251', '435', '165', '427', '516', '503', '466', '665', '526', '036', '509', '058', '738', '016', '126', '364', '192', '733', '326', '492']","['019', '028', '029', '033', '050', '056', '059', '073', '074', '081', '086', '095', '104', '109', '121', '139', '142', '144', '154', '182', '189', '194', '201', '212', '218', '220', '246', '249', '258', '287', '290', '297', '314', '328', '333', '334', '335', '347', '348', '353', '383', '389', '398', '417', '418', '423', '451', '465', '493', '521', '528', '544', '545', '554', '567', '579', '582', '590', '601', '604', '613', '625', '627', '630', '632', '659', '660', '700', '705', '708', '717', '720', '721', '726', '728', '732', '735', '742', '759']",,,,,,,1.5418045222759247e-06
target_survival_5y,lightgbm,500,42,0,real,e2e7306332bc82eceaef,337,79,skipped,N=500 infeasible for 337 eligible training patients and class balance,"['563', '460', '098', '349', '433', '162', '325', '128', '704', '022', '304', '263', '636', '013', '547', '573', '221', '057', '507', '654', '741', '402', '077', '292', '531', '161', '751', '712', '709', '127', '680', '500', '179', '606', '453', '228', '711', '599', '199', '479', '264', '698', '568', '761', '093', '555', '745', '399', '543', '615', '312', '285', '096', '276', '396', '046', '190', '740', '026', '344', '694', '553', '434', '485', '652', '255', '362', '114', '702', '119', '550', '012', '682', '106', '641', '645', '261', '391', '371', '459', '025', '209', '048', '319', '316', '309', '366', '071', '337', '667', '102', '411', '103', '486', '662', '661', '350', '137', '005', '650', '322', '115', '295', '014', '342', '527', '307', '616', '262', '710', '393', '193', '215', '257', '722', '205', '501', '105', '575', '424', '031', '113', '420', '444', '571', '001', '167', '758', '336', '576', '244', '330', '429', '306', '384', '129', '463', '482', '512', '618', '693', '311', '034', '067', '603', '468', '643', '018', '584', '321', '462', '214', '173', '040', '646', '488', '039', '461', '101', '467', '713', '436', '534', '760', '483', '410', '225', '634', '133', '743', '415', '317', '160', '533', '341', '118', '470', '047', '382', '716', '234', '294', '577', '176', '452', '052', '657', '282', '437', '752', '088', '419', '343', '381', '369', '403', '283', '448', '278', '072', '691', '560', '714', '345', '358', '727', '331', '589', '622', '232', '147', '254', '267', '653', '367', '671', '279', '230', '609', '552', '170', '464', '211', '689', '443', '672', '284', '421', '623', '296', '027', '441', '607', '532', '753', '248', '004', '633', '140', '377', '454', '045', '668', '669', '631', '206', '286', '440', '608', '324', '130', '271', '111', '624', '066', '475', '572', '510', '397', '132', '600', '724', '030', '515', '385', '141', '216', '638', '241', '253', '222', '729', '611', '076', '301', '628', '656', '038', '238', '754', '412', '340', '494', '112', '513', '043', '231', '143', '675', '298', '122', '089', '107', '542', '229', '125', '379', '293', '748', '175', '020', '506', '372', '250', '649', '502', '136', '673', '181', '138', '413', '061', '075', '188', '053', '614', '541', '251', '435', '165', '427', '516', '503', '466', '665', '526', '036', '509', '058', '738', '016', '126', '364', '192', '733', '326', '492']","['019', '028', '029', '033', '050', '056', '059', '073', '074', '081', '086', '095', '104', '109', '121', '139', '142', '144', '154', '182', '189', '194', '201', '212', '218', '220', '246', '249', '258', '287', '290', '297', '314', '328', '333', '334', '335', '347', '348', '353', '383', '389', '398', '417', '418', '423', '451', '465', '493', '521', '528', '544', '545', '554', '567', '579', '582', '590', '601', '604', '613', '625', '627', '630', '632', '659', '660', '700', '705', '708', '717', '720', '721', '726', '728', '732', '735', '742', '759']",,,,,,,1.1669471859931946e-06
target_survival_5y,xgboost,500,42,0,real,0feaab2c999741ea0b31,337,79,skipped,N=500 infeasible for 337 eligible training patients and class balance,"['563', '460', '098', '349', '433', '162', '325', '128', '704', '022', '304', '263', '636', '013', '547', '573', '221', '057', '507', '654', '741', '402', '077', '292', '531', '161', '751', '712', '709', '127', '680', '500', '179', '606', '453', '228', '711', '599', '199', '479', '264', '698', '568', '761', '093', '555', '745', '399', '543', '615', '312', '285', '096', '276', '396', '046', '190', '740', '026', '344', '694', '553', '434', '485', '652', '255', '362', '114', '702', '119', '550', '012', '682', '106', '641', '645', '261', '391', '371', '459', '025', '209', '048', '319', '316', '309', '366', '071', '337', '667', '102', '411', '103', '486', '662', '661', '350', '137', '005', '650', '322', '115', '295', '014', '342', '527', '307', '616', '262', '710', '393', '193', '215', '257', '722', '205', '501', '105', '575', '424', '031', '113', '420', '444', '571', '001', '167', '758', '336', '576', '244', '330', '429', '306', '384', '129', '463', '482', '512', '618', '693', '311', '034', '067', '603', '468', '643', '018', '584', '321', '462', '214', '173', '040', '646', '488', '039', '461', '101', '467', '713', '436', '534', '760', '483', '410', '225', '634', '133', '743', '415', '317', '160', '533', '341', '118', '470', '047', '382', '716', '234', '294', '577', '176', '452', '052', '657', '282', '437', '752', '088', '419', '343', '381', '369', '403', '283', '448', '278', '072', '691', '560', '714', '345', '358', '727', '331', '589', '622', '232', '147', '254', '267', '653', '367', '671', '279', '230', '609', '552', '170', '464', '211', '689', '443', '672', '284', '421', '623', '296', '027', '441', '607', '532', '753', '248', '004', '633', '140', '377', '454', '045', '668', '669', '631', '206', '286', '440', '608', '324', '130', '271', '111', '624', '066', '475', '572', '510', '397', '132', '600', '724', '030', '515', '385', '141', '216', '638', '241', '253', '222', '729', '611', '076', '301', '628', '656', '038', '238', '754', '412', '340', '494', '112', '513', '043', '231', '143', '675', '298', '122', '089', '107', '542', '229', '125', '379', '293', '748', '175', '020', '506', '372', '250', '649', '502', '136', '673', '181', '138', '413', '061', '075', '188', '053', '614', '541', '251', '435', '165', '427', '516', '503', '466', '665', '526', '036', '509', '058', '738', '016', '126', '364', '192', '733', '326', '492']","['019', '028', '029', '033', '050', '056', '059', '073', '074', '081', '086', '095', '104', '109', '121', '139', '142', '144', '154', '182', '189', '194', '201', '212', '218', '220', '246', '249', '258', '287', '290', '297', '314', '328', '333', '334', '335', '347', '348', '353', '383', '389', '398', '417', '418', '423', '451', '465', '493', '521', '528', '544', '545', '554', '567', '579', '582', '590', '601', '604', '613', '625', '627', '630', '632', '659', '660', '700', '705', '708', '717', '720', '721', '726', '728', '732', '735', '742', '759']",,,,,,,1.2088567018508911e-06
target_survival_5y,tabpfn,Full,42,0,real,9c46f6a04d2938ff200c,337,79,complete,,"['563', '460', '098', '349', '433', '162', '325', '128', '704', '022', '304', '263', '636', '013', '547', '573', '221', '057', '507', '654', '741', '402', '077', '292', '531', '161', '751', '712', '709', '127', '680', '500', '179', '606', '453', '228', '711', '599', '199', '479', '264', '698', '568', '761', '093', '555', '745', '399', '543', '615', '312', '285', '096', '276', '396', '046', '190', '740', '026', '344', '694', '553', '434', '485', '652', '255', '362', '114', '702', '119', '550', '012', '682', '106', '641', '645', '261', '391', '371', '459', '025', '209', '048', '319', '316', '309', '366', '071', '337', '667', '102', '411', '103', '486', '662', '661', '350', '137', '005', '650', '322', '115', '295', '014', '342', '527', '307', '616', '262', '710', '393', '193', '215', '257', '722', '205', '501', '105', '575', '424', '031', '113', '420', '444', '571', '001', '167', '758', '336', '576', '244', '330', '429', '306', '384', '129', '463', '482', '512', '618', '693', '311', '034', '067', '603', '468', '643', '018', '584', '321', '462', '214', '173', '040', '646', '488', '039', '461', '101', '467', '713', '436', '534', '760', '483', '410', '225', '634', '133', '743', '415', '317', '160', '533', '341', '118', '470', '047', '382', '716', '234', '294', '577', '176', '452', '052', '657', '282', '437', '752', '088', '419', '343', '381', '369', '403', '283', '448', '278', '072', '691', '560', '714', '345', '358', '727', '331', '589', '622', '232', '147', '254', '267', '653', '367', '671', '279', '230', '609', '552', '170', '464', '211', '689', '443', '672', '284', '421', '623', '296', '027', '441', '607', '532', '753', '248', '004', '633', '140', '377', '454', '045', '668', '669', '631', '206', '286', '440', '608', '324', '130', '271', '111', '624', '066', '475', '572', '510', '397', '132', '600', '724', '030', '515', '385', '141', '216', '638', '241', '253', '222', '729', '611', '076', '301', '628', '656', '038', '238', '754', '412', '340', '494', '112', '513', '043', '231', '143', '675', '298', '122', '089', '107', '542', '229', '125', '379', '293', '748', '175', '020', '506', '372', '250', '649', '502', '136', '673', '181', '138', '413', '061', '075', '188', '053', '614', '541', '251', '435', '165', '427', '516', '503', '466', '665', '526', '036', '509', '058', '738', '016', '126', '364', '192', '733', '326', '492']","['019', '028', '029', '033', '050', '056', '059', '073', '074', '081', '086', '095', '104', '109', '121', '139', '142', '144', '154', '182', '189', '194', '201', '212', '218', '220', '246', '249', '258', '287', '290', '297', '314', '328', '333', '334', '335', '347', '348', '353', '383', '389', '398', '417', '418', '423', '451', '465', '493', '521', '528', '544', '545', '554', '567', '579', '582', '590', '601', '604', '613', '625', '627', '630', '632', '659', '660', '700', '705', '708', '717', '720', '721', '726', '728', '732', '735', '742', '759']",3.95347600011155,1.3428446250036359,0.7506459948320412,0.78390090651857,0.1953091104933616,0.09573728987310506,5.301386334002018
target_survival_5y,lightgbm,Full,42,0,real,b636da53c9c5626da132,337,79,complete,,"['563', '460', '098', '349', '433', '162', '325', '128', '704', '022', '304', '263', '636', '013', '547', '573', '221', '057', '507', '654', '741', '402', '077', '292', '531', '161', '751', '712', '709', '127', '680', '500', '179', '606', '453', '228', '711', '599', '199', '479', '264', '698', '568', '761', '093', '555', '745', '399', '543', '615', '312', '285', '096', '276', '396', '046', '190', '740', '026', '344', '694', '553', '434', '485', '652', '255', '362', '114', '702', '119', '550', '012', '682', '106', '641', '645', '261', '391', '371', '459', '025', '209', '048', '319', '316', '309', '366', '071', '337', '667', '102', '411', '103', '486', '662', '661', '350', '137', '005', '650', '322', '115', '295', '014', '342', '527', '307', '616', '262', '710', '393', '193', '215', '257', '722', '205', '501', '105', '575', '424', '031', '113', '420', '444', '571', '001', '167', '758', '336', '576', '244', '330', '429', '306', '384', '129', '463', '482', '512', '618', '693', '311', '034', '067', '603', '468', '643', '018', '584', '321', '462', '214', '173', '040', '646', '488', '039', '461', '101', '467', '713', '436', '534', '760', '483', '410', '225', '634', '133', '743', '415', '317', '160', '533', '341', '118', '470', '047', '382', '716', '234', '294', '577', '176', '452', '052', '657', '282', '437', '752', '088', '419', '343', '381', '369', '403', '283', '448', '278', '072', '691', '560', '714', '345', '358', '727', '331', '589', '622', '232', '147', '254', '267', '653', '367', '671', '279', '230', '609', '552', '170', '464', '211', '689', '443', '672', '284', '421', '623', '296', '027', '441', '607', '532', '753', '248', '004', '633', '140', '377', '454', '045', '668', '669', '631', '206', '286', '440', '608', '324', '130', '271', '111', '624', '066', '475', '572', '510', '397', '132', '600', '724', '030', '515', '385', '141', '216', '638', '241', '253', '222', '729', '611', '076', '301', '628', '656', '038', '238', '754', '412', '340', '494', '112', '513', '043', '231', '143', '675', '298', '122', '089', '107', '542', '229', '125', '379', '293', '748', '175', '020', '506', '372', '250', '649', '502', '136', '673', '181', '138', '413', '061', '075', '188', '053', '614', '541', '251', '435', '165', '427', '516', '503', '466', '665', '526', '036', '509', '058', '738', '016', '126', '364', '192', '733', '326', '492']","['019', '028', '029', '033', '050', '056', '059', '073', '074', '081', '086', '095', '104', '109', '121', '139', '142', '144', '154', '182', '189', '194', '201', '212', '218', '220', '246', '249', '258', '287', '290', '297', '314', '328', '333', '334', '335', '347', '348', '353', '383', '389', '398', '417', '418', '423', '451', '465', '493', '521', '528', '544', '545', '554', '567', '579', '582', '590', '601', '604', '613', '625', '627', '630', '632', '659', '660', '700', '705', '708', '717', '720', '721', '726', '728', '732', '735', '742', '759']",0.07132020778954029,0.006886334158480167,0.7189922480620154,0.7200865944218293,0.22941006924995172,0.17845777848130392,0.07935333298519254
target_survival_5y,xgboost,Full,42,0,real,358b569edc1ec68029e3,337,79,complete,,"['563', '460', '098', '349', '433', '162', '325', '128', '704', '022', '304', '263', '636', '013', '547', '573', '221', '057', '507', '654', '741', '402', '077', '292', '531', '161', '751', '712', '709', '127', '680', '500', '179', '606', '453', '228', '711', '599', '199', '479', '264', '698', '568', '761', '093', '555', '745', '399', '543', '615', '312', '285', '096', '276', '396', '046', '190', '740', '026', '344', '694', '553', '434', '485', '652', '255', '362', '114', '702', '119', '550', '012', '682', '106', '641', '645', '261', '391', '371', '459', '025', '209', '048', '319', '316', '309', '366', '071', '337', '667', '102', '411', '103', '486', '662', '661', '350', '137', '005', '650', '322', '115', '295', '014', '342', '527', '307', '616', '262', '710', '393', '193', '215', '257', '722', '205', '501', '105', '575', '424', '031', '113', '420', '444', '571', '001', '167', '758', '336', '576', '244', '330', '429', '306', '384', '129', '463', '482', '512', '618', '693', '311', '034', '067', '603', '468', '643', '018', '584', '321', '462', '214', '173', '040', '646', '488', '039', '461', '101', '467', '713', '436', '534', '760', '483', '410', '225', '634', '133', '743', '415', '317', '160', '533', '341', '118', '470', '047', '382', '716', '234', '294', '577', '176', '452', '052', '657', '282', '437', '752', '088', '419', '343', '381', '369', '403', '283', '448', '278', '072', '691', '560', '714', '345', '358', '727', '331', '589', '622', '232', '147', '254', '267', '653', '367', '671', '279', '230', '609', '552', '170', '464', '211', '689', '443', '672', '284', '421', '623', '296', '027', '441', '607', '532', '753', '248', '004', '633', '140', '377', '454', '045', '668', '669', '631', '206', '286', '440', '608', '324', '130', '271', '111', '624', '066', '475', '572', '510', '397', '132', '600', '724', '030', '515', '385', '141', '216', '638', '241', '253', '222', '729', '611', '076', '301', '628', '656', '038', '238', '754', '412', '340', '494', '112', '513', '043', '231', '143', '675', '298', '122', '089', '107', '542', '229', '125', '379', '293', '748', '175', '020', '506', '372', '250', '649', '502', '136', '673', '181', '138', '413', '061', '075', '188', '053', '614', '541', '251', '435', '165', '427', '516', '503', '466', '665', '526', '036', '509', '058', '738', '016', '126', '364', '192', '733', '326', '492']","['019', '028', '029', '033', '050', '056', '059', '073', '074', '081', '086', '095', '104', '109', '121', '139', '142', '144', '154', '182', '189', '194', '201', '212', '218', '220', '246', '249', '258', '287', '290', '297', '314', '328', '333', '334', '335', '347', '348', '353', '383', '389', '398', '417', '418', '423', '451', '465', '493', '521', '528', '544', '545', '554', '567', '579', '582', '590', '601', '604', '613', '625', '627', '630', '632', '659', '660', '700', '705', '708', '717', '720', '721', '726', '728', '732', '735', '742', '759']",0.06010762508958578,0.006884582806378603,0.665374677002584,0.6499023726358641,0.2889930336494976,0.24560824098858294,0.06804520776495337
target_survival_5y,tabpfn,50,43,0,real,4926f92bdddadfa53091,50,79,complete,,"['022', '278', '205', '161', '257', '127', '631', '652', '584', '345', '502', '255', '461', '662', '371', '435', '322', '509', '526', '641', '512', '470', '284', '403', '254', '516', '738', '076', '710', '143', '324', '503', '675', '016', '751', '459', '125', '534', '225', '141', '067', '018', '577', '048', '251', '506', '372', '424', '553', '552']","['019', '028', '029', '033', '050', '056', '059', '073', '074', '081', '086', '095', '104', '109', '121', '139', '142', '144', '154', '182', '189', '194', '201', '212', '218', '220', '246', '249', '258', '287', '290', '297', '314', '328', '333', '334', '335', '347', '348', '353', '383', '389', '398', '417', '418', '423', '451', '465', '493', '521', '528', '544', '545', '554', '567', '579', '582', '590', '601', '604', '613', '625', '627', '630', '632', '659', '660', '700', '705', '708', '717', '720', '721', '726', '728', '732', '735', '742', '759']",4.039682916831225,1.2733498332090676,0.6582687338501292,0.6192481768824186,0.23873070779969005,0.049398768928986564,5.31583133386448
target_survival_5y,lightgbm,50,43,0,real,c6248df024b0eedf34a6,50,79,complete,,"['022', '278', '205', '161', '257', '127', '631', '652', '584', '345', '502', '255', '461', '662', '371', '435', '322', '509', '526', '641', '512', '470', '284', '403', '254', '516', '738', '076', '710', '143', '324', '503', '675', '016', '751', '459', '125', '534', '225', '141', '067', '018', '577', '048', '251', '506', '372', '424', '553', '552']","['019', '028', '029', '033', '050', '056', '059', '073', '074', '081', '086', '095', '104', '109', '121', '139', '142', '144', '154', '182', '189', '194', '201', '212', '218', '220', '246', '249', '258', '287', '290', '297', '314', '328', '333', '334', '335', '347', '348', '353', '383', '389', '398', '417', '418', '423', '451', '465', '493', '521', '528', '544', '545', '554', '567', '579', '582', '590', '601', '604', '613', '625', '627', '630', '632', '659', '660', '700', '705', '708', '717', '720', '721', '726', '728', '732', '735', '742', '759']",0.04008374968543649,0.008592500351369381,0.5045219638242894,0.4509099699117915,0.283763015464773,0.19457064201488053,0.05013854196295142
target_survival_5y,xgboost,50,43,0,real,99eae2dee6c14cfdb6f2,50,79,complete,,"['022', '278', '205', '161', '257', '127', '631', '652', '584', '345', '502', '255', '461', '662', '371', '435', '322', '509', '526', '641', '512', '470', '284', '403', '254', '516', '738', '076', '710', '143', '324', '503', '675', '016', '751', '459', '125', '534', '225', '141', '067', '018', '577', '048', '251', '506', '372', '424', '553', '552']","['019', '028', '029', '033', '050', '056', '059', '073', '074', '081', '086', '095', '104', '109', '121', '139', '142', '144', '154', '182', '189', '194', '201', '212', '218', '220', '246', '249', '258', '287', '290', '297', '314', '328', '333', '334', '335', '347', '348', '353', '383', '389', '398', '417', '418', '423', '451', '465', '493', '521', '528', '544', '545', '554', '567', '579', '582', '590', '601', '604', '613', '625', '627', '630', '632', '659', '660', '700', '705', '708', '717', '720', '721', '726', '728', '732', '735', '742', '759']",0.036434332840144634,0.0069291251711547375,0.5329457364341085,0.4745278880176886,0.3358441755590188,0.29236291650729845,0.04447258310392499
target_survival_5y,tabpfn,100,43,0,real,2bcd2bd215466817855e,100,79,complete,,"['022', '278', '205', '161', '257', '127', '631', '652', '584', '345', '502', '255', '461', '662', '371', '435', '322', '509', '526', '641', '512', '470', '284', '403', '254', '516', '738', '076', '710', '143', '324', '503', '675', '016', '751', '459', '125', '534', '225', '141', '067', '018', '577', '048', '251', '506', '372', '424', '553', '552', '118', '575', '040', '560', '628', '103', '107', '234', '358', '036', '740', '128', '460', '693', '367', '132', '005', '729', '229', '673', '650', '488', '192', '702', '622', '211', '304', '694', '262', '550', '047', '657', '753', '276', '727', '515', '745', '096', '341', '136', '119', '614', '061', '012', '214', '232', '420', '253', '653', '724']","['019', '028', '029', '033', '050', '056', '059', '073', '074', '081', '086', '095', '104', '109', '121', '139', '142', '144', '154', '182', '189', '194', '201', '212', '218', '220', '246', '249', '258', '287', '290', '297', '314', '328', '333', '334', '335', '347', '348', '353', '383', '389', '398', '417', '418', '423', '451', '465', '493', '521', '528', '544', '545', '554', '567', '579', '582', '590', '601', '604', '613', '625', '627', '630', '632', '659', '660', '700', '705', '708', '717', '720', '721', '726', '728', '732', '735', '742', '759']",3.9679201249964535,1.2430982496589422,0.7319121447028425,0.7226886181329742,0.21451537997696285,0.10429555460622036,5.216735583730042
target_survival_5y,lightgbm,100,43,0,real,49671d76274f59ab27d6,100,79,complete,,"['022', '278', '205', '161', '257', '127', '631', '652', '584', '345', '502', '255', '461', '662', '371', '435', '322', '509', '526', '641', '512', '470', '284', '403', '254', '516', '738', '076', '710', '143', '324', '503', '675', '016', '751', '459', '125', '534', '225', '141', '067', '018', '577', '048', '251', '506', '372', '424', '553', '552', '118', '575', '040', '560', '628', '103', '107', '234', '358', '036', '740', '128', '460', '693', '367', '132', '005', '729', '229', '673', '650', '488', '192', '702', '622', '211', '304', '694', '262', '550', '047', '657', '753', '276', '727', '515', '745', '096', '341', '136', '119', '614', '061', '012', '214', '232', '420', '253', '653', '724']","['019', '028', '029', '033', '050', '056', '059', '073', '074', '081', '086', '095', '104', '109', '121', '139', '142', '144', '154', '182', '189', '194', '201', '212', '218', '220', '246', '249', '258', '287', '290', '297', '314', '328', '333', '334', '335', '347', '348', '353', '383', '389', '398', '417', '418', '423', '451', '465', '493', '521', '528', '544', '545', '554', '567', '579', '582', '590', '601', '604', '613', '625', '627', '630', '632', '659', '660', '700', '705', '708', '717', '720', '721', '726', '728', '732', '735', '742', '759']",0.04654149990528822,0.007374292239546776,0.5678294573643411,0.5102929972501914,0.28930362536834764,0.21324584970292165,0.055192166939377785
target_survival_5y,xgboost,100,43,0,real,48776643df3c861037a5,100,79,complete,,"['022', '278', '205', '161', '257', '127', '631', '652', '584', '345', '502', '255', '461', '662', '371', '435', '322', '509', '526', '641', '512', '470', '284', '403', '254', '516', '738', '076', '710', '143', '324', '503', '675', '016', '751', '459', '125', '534', '225', '141', '067', '018', '577', '048', '251', '506', '372', '424', '553', '552', '118', '575', '040', '560', '628', '103', '107', '234', '358', '036', '740', '128', '460', '693', '367', '132', '005', '729', '229', '673', '650', '488', '192', '702', '622', '211', '304', '694', '262', '550', '047', '657', '753', '276', '727', '515', '745', '096', '341', '136', '119', '614', '061', '012', '214', '232', '420', '253', '653', '724']","['019', '028', '029', '033', '050', '056', '059', '073', '074', '081', '086', '095', '104', '109', '121', '139', '142', '144', '154', '182', '189', '194', '201', '212', '218', '220', '246', '249', '258', '287', '290', '297', '314', '328', '333', '334', '335', '347', '348', '353', '383', '389', '398', '417', '418', '423', '451', '465', '493', '521', '528', '544', '545', '554', '567', '579', '582', '590', '601', '604', '613', '625', '627', '630', '632', '659', '660', '700', '705', '708', '717', '720', '721', '726', '728', '732', '735', '742', '759']",0.041754750069230795,0.007217540871351957,0.5923772609819121,0.5295279417926708,0.30737887050864415,0.2609755559588629,0.05005220789462328
target_survival_5y,tabpfn,200,43,0,real,48693e887e60503e9bc3,200,79,complete,,"['022', '278', '205', '161', '257', '127', '631', '652', '584', '345', '502', '255', '461', '662', '371', '435', '322', '509', '526', '641', '512', '470', '284', '403', '254', '516', '738', '076', '710', '143', '324', '503', '675', '016', '751', '459', '125', '534', '225', '141', '067', '018', '577', '048', '251', '506', '372', '424', '553', '552', '118', '575', '040', '560', '628', '103', '107', '234', '358', '036', '740', '128', '460', '693', '367', '132', '005', '729', '229', '673', '650', '488', '192', '702', '622', '211', '304', '694', '262', '550', '047', '657', '753', '276', '727', '515', '745', '096', '341', '136', '119', '614', '061', '012', '214', '232', '420', '253', '653', '724', '115', '286', '216', '093', '013', '547', '467', '510', '279', '589', '369', '111', '758', '122', '691', '624', '466', '572', '468', '181', '427', '312', '362', '396', '326', '106', '167', '733', '543', '463', '364', '421', '282', '615', '052', '077', '193', '393', '133', '129', '336', '379', '004', '671', '568', '098', '137', '020', '415', '475', '532', '264', '482', '330', '634', '712', '176', '306', '542', '419', '027', '672', '317', '188', '711', '206', '296', '138', '199', '411', '228', '285', '271', '311', '486', '616', '366', '397', '046', '646', '501', '293', '222', '039', '045', '668', '025', '654', '340', '140', '606', '494', '433', '643', '752', '385', '623', '492', '170', '244']","['019', '028', '029', '033', '050', '056', '059', '073', '074', '081', '086', '095', '104', '109', '121', '139', '142', '144', '154', '182', '189', '194', '201', '212', '218', '220', '246', '249', '258', '287', '290', '297', '314', '328', '333', '334', '335', '347', '348', '353', '383', '389', '398', '417', '418', '423', '451', '465', '493', '521', '528', '544', '545', '554', '567', '579', '582', '590', '601', '604', '613', '625', '627', '630', '632', '659', '660', '700', '705', '708', '717', '720', '721', '726', '728', '732', '735', '742', '759']",1.9338896251283586,7.20206195814535,0.7835917312661498,0.7812426035130439,0.19109864679211705,0.10164072562622119,9.140926958061755
target_survival_5y,lightgbm,200,43,0,real,3f4aa11bbbd367d93b2a,200,79,complete,,"['022', '278', '205', '161', '257', '127', '631', '652', '584', '345', '502', '255', '461', '662', '371', '435', '322', '509', '526', '641', '512', '470', '284', '403', '254', '516', '738', '076', '710', '143', '324', '503', '675', '016', '751', '459', '125', '534', '225', '141', '067', '018', '577', '048', '251', '506', '372', '424', '553', '552', '118', '575', '040', '560', '628', '103', '107', '234', '358', '036', '740', '128', '460', '693', '367', '132', '005', '729', '229', '673', '650', '488', '192', '702', '622', '211', '304', '694', '262', '550', '047', '657', '753', '276', '727', '515', '745', '096', '341', '136', '119', '614', '061', '012', '214', '232', '420', '253', '653', '724', '115', '286', '216', '093', '013', '547', '467', '510', '279', '589', '369', '111', '758', '122', '691', '624', '466', '572', '468', '181', '427', '312', '362', '396', '326', '106', '167', '733', '543', '463', '364', '421', '282', '615', '052', '077', '193', '393', '133', '129', '336', '379', '004', '671', '568', '098', '137', '020', '415', '475', '532', '264', '482', '330', '634', '712', '176', '306', '542', '419', '027', '672', '317', '188', '711', '206', '296', '138', '199', '411', '228', '285', '271', '311', '486', '616', '366', '397', '046', '646', '501', '293', '222', '039', '045', '668', '025', '654', '340', '140', '606', '494', '433', '643', '752', '385', '623', '492', '170', '244']","['019', '028', '029', '033', '050', '056', '059', '073', '074', '081', '086', '095', '104', '109', '121', '139', '142', '144', '154', '182', '189', '194', '201', '212', '218', '220', '246', '249', '258', '287', '290', '297', '314', '328', '333', '334', '335', '347', '348', '353', '383', '389', '398', '417', '418', '423', '451', '465', '493', '521', '528', '544', '545', '554', '567', '579', '582', '590', '601', '604', '613', '625', '627', '630', '632', '659', '660', '700', '705', '708', '717', '720', '721', '726', '728', '732', '735', '742', '759']",0.0602764580398798,0.0073141250759363174,0.6757105943152455,0.6026165271973996,0.2686117890135503,0.20405657963640922,0.06879495782777667
target_survival_5y,xgboost,200,43,0,real,56c983ec9d5d36b74d09,200,79,complete,,"['022', '278', '205', '161', '257', '127', '631', '652', '584', '345', '502', '255', '461', '662', '371', '435', '322', '509', '526', '641', '512', '470', '284', '403', '254', '516', '738', '076', '710', '143', '324', '503', '675', '016', '751', '459', '125', '534', '225', '141', '067', '018', '577', '048', '251', '506', '372', '424', '553', '552', '118', '575', '040', '560', '628', '103', '107', '234', '358', '036', '740', '128', '460', '693', '367', '132', '005', '729', '229', '673', '650', '488', '192', '702', '622', '211', '304', '694', '262', '550', '047', '657', '753', '276', '727', '515', '745', '096', '341', '136', '119', '614', '061', '012', '214', '232', '420', '253', '653', '724', '115', '286', '216', '093', '013', '547', '467', '510', '279', '589', '369', '111', '758', '122', '691', '624', '466', '572', '468', '181', '427', '312', '362', '396', '326', '106', '167', '733', '543', '463', '364', '421', '282', '615', '052', '077', '193', '393', '133', '129', '336', '379', '004', '671', '568', '098', '137', '020', '415', '475', '532', '264', '482', '330', '634', '712', '176', '306', '542', '419', '027', '672', '317', '188', '711', '206', '296', '138', '199', '411', '228', '285', '271', '311', '486', '616', '366', '397', '046', '646', '501', '293', '222', '039', '045', '668', '025', '654', '340', '140', '606', '494', '433', '643', '752', '385', '623', '492', '170', '244']","['019', '028', '029', '033', '050', '056', '059', '073', '074', '081', '086', '095', '104', '109', '121', '139', '142', '144', '154', '182', '189', '194', '201', '212', '218', '220', '246', '249', '258', '287', '290', '297', '314', '328', '333', '334', '335', '347', '348', '353', '383', '389', '398', '417', '418', '423', '451', '465', '493', '521', '528', '544', '545', '554', '567', '579', '582', '590', '601', '604', '613', '625', '627', '630', '632', '659', '660', '700', '705', '708', '717', '720', '721', '726', '728', '732', '735', '742', '759']",0.05249183299019933,0.00729166716337204,0.6543927648578811,0.5762953568020143,0.28990135987046645,0.2679537163415181,0.06080945814028382
target_survival_5y,tabpfn,500,43,0,real,906c147fac0d0bf85745,337,79,skipped,N=500 infeasible for 337 eligible training patients and class balance,"['022', '278', '205', '161', '257', '127', '631', '652', '584', '345', '502', '255', '461', '662', '371', '435', '322', '509', '526', '641', '512', '470', '284', '403', '254', '516', '738', '076', '710', '143', '324', '503', '675', '016', '751', '459', '125', '534', '225', '141', '067', '018', '577', '048', '251', '506', '372', '424', '553', '552', '118', '575', '040', '560', '628', '103', '107', '234', '358', '036', '740', '128', '460', '693', '367', '132', '005', '729', '229', '673', '650', '488', '192', '702', '622', '211', '304', '694', '262', '550', '047', '657', '753', '276', '727', '515', '745', '096', '341', '136', '119', '614', '061', '012', '214', '232', '420', '253', '653', '724', '115', '286', '216', '093', '013', '547', '467', '510', '279', '589', '369', '111', '758', '122', '691', '624', '466', '572', '468', '181', '427', '312', '362', '396', '326', '106', '167', '733', '543', '463', '364', '421', '282', '615', '052', '077', '193', '393', '133', '129', '336', '379', '004', '671', '568', '098', '137', '020', '415', '475', '532', '264', '482', '330', '634', '712', '176', '306', '542', '419', '027', '672', '317', '188', '711', '206', '296', '138', '199', '411', '228', '285', '271', '311', '486', '616', '366', '397', '046', '646', '501', '293', '222', '039', '045', '668', '025', '654', '340', '140', '606', '494', '433', '643', '752', '385', '623', '492', '170', '244', '682', '453', '760', '454', '179', '754', '072', '704', '215', '413', '384', '563', '382', '043', '485', '101', '500', '667', '527', '665', '089', '603', '434', '057', '160', '513', '321', '088', '126', '058', '241', '034', '292', '031', '231', '609', '165', '377', '464', '761', '294', '462', '680', '248', '295', '452', '238', '633', '429', '301', '638', '716', '267', '611', '349', '075', '636', '576', '689', '741', '479', '381', '173', '412', '722', '402', '316', '410', '618', '399', '209', '437', '309', '105', '298', '221', '147', '175', '531', '645', '743', '263', '448', '443', '071', '344', '114', '190', '599', '607', '343', '714', '331', '571', '600', '026', '541', '713', '436', '350', '112', '325', '014', '250', '053', '483', '391', '441', '555', '130', '030', '533', '444', '507', '001', '102', '066', '649', '573', '319', '283', '709', '162', '440', '307', '230', '698', '337', '656', '661', '113', '038', '669', '342', '608', '748', '261']","['019', '028', '029', '033', '050', '056', '059', '073', '074', '081', '086', '095', '104', '109', '121', '139', '142', '144', '154', '182', '189', '194', '201', '212', '218', '220', '246', '249', '258', '287', '290', '297', '314', '328', '333', '334', '335', '347', '348', '353', '383', '389', '398', '417', '418', '423', '451', '465', '493', '521', '528', '544', '545', '554', '567', '579', '582', '590', '601', '604', '613', '625', '627', '630', '632', '659', '660', '700', '705', '708', '717', '720', '721', '726', '728', '732', '735', '742', '759']",,,,,,,1.084059476852417e-06
target_survival_5y,lightgbm,500,43,0,real,67bfea75e9b0093545f1,337,79,skipped,N=500 infeasible for 337 eligible training patients and class balance,"['022', '278', '205', '161', '257', '127', '631', '652', '584', '345', '502', '255', '461', '662', '371', '435', '322', '509', '526', '641', '512', '470', '284', '403', '254', '516', '738', '076', '710', '143', '324', '503', '675', '016', '751', '459', '125', '534', '225', '141', '067', '018', '577', '048', '251', '506', '372', '424', '553', '552', '118', '575', '040', '560', '628', '103', '107', '234', '358', '036', '740', '128', '460', '693', '367', '132', '005', '729', '229', '673', '650', '488', '192', '702', '622', '211', '304', '694', '262', '550', '047', '657', '753', '276', '727', '515', '745', '096', '341', '136', '119', '614', '061', '012', '214', '232', '420', '253', '653', '724', '115', '286', '216', '093', '013', '547', '467', '510', '279', '589', '369', '111', '758', '122', '691', '624', '466', '572', '468', '181', '427', '312', '362', '396', '326', '106', '167', '733', '543', '463', '364', '421', '282', '615', '052', '077', '193', '393', '133', '129', '336', '379', '004', '671', '568', '098', '137', '020', '415', '475', '532', '264', '482', '330', '634', '712', '176', '306', '542', '419', '027', '672', '317', '188', '711', '206', '296', '138', '199', '411', '228', '285', '271', '311', '486', '616', '366', '397', '046', '646', '501', '293', '222', '039', '045', '668', '025', '654', '340', '140', '606', '494', '433', '643', '752', '385', '623', '492', '170', '244', '682', '453', '760', '454', '179', '754', '072', '704', '215', '413', '384', '563', '382', '043', '485', '101', '500', '667', '527', '665', '089', '603', '434', '057', '160', '513', '321', '088', '126', '058', '241', '034', '292', '031', '231', '609', '165', '377', '464', '761', '294', '462', '680', '248', '295', '452', '238', '633', '429', '301', '638', '716', '267', '611', '349', '075', '636', '576', '689', '741', '479', '381', '173', '412', '722', '402', '316', '410', '618', '399', '209', '437', '309', '105', '298', '221', '147', '175', '531', '645', '743', '263', '448', '443', '071', '344', '114', '190', '599', '607', '343', '714', '331', '571', '600', '026', '541', '713', '436', '350', '112', '325', '014', '250', '053', '483', '391', '441', '555', '130', '030', '533', '444', '507', '001', '102', '066', '649', '573', '319', '283', '709', '162', '440', '307', '230', '698', '337', '656', '661', '113', '038', '669', '342', '608', '748', '261']","['019', '028', '029', '033', '050', '056', '059', '073', '074', '081', '086', '095', '104', '109', '121', '139', '142', '144', '154', '182', '189', '194', '201', '212', '218', '220', '246', '249', '258', '287', '290', '297', '314', '328', '333', '334', '335', '347', '348', '353', '383', '389', '398', '417', '418', '423', '451', '465', '493', '521', '528', '544', '545', '554', '567', '579', '582', '590', '601', '604', '613', '625', '627', '630', '632', '659', '660', '700', '705', '708', '717', '720', '721', '726', '728', '732', '735', '742', '759']",,,,,,,1.1669471859931946e-06
target_survival_5y,xgboost,500,43,0,real,16070a042abcacd82f5e,337,79,skipped,N=500 infeasible for 337 eligible training patients and class balance,"['022', '278', '205', '161', '257', '127', '631', '652', '584', '345', '502', '255', '461', '662', '371', '435', '322', '509', '526', '641', '512', '470', '284', '403', '254', '516', '738', '076', '710', '143', '324', '503', '675', '016', '751', '459', '125', '534', '225', '141', '067', '018', '577', '048', '251', '506', '372', '424', '553', '552', '118', '575', '040', '560', '628', '103', '107', '234', '358', '036', '740', '128', '460', '693', '367', '132', '005', '729', '229', '673', '650', '488', '192', '702', '622', '211', '304', '694', '262', '550', '047', '657', '753', '276', '727', '515', '745', '096', '341', '136', '119', '614', '061', '012', '214', '232', '420', '253', '653', '724', '115', '286', '216', '093', '013', '547', '467', '510', '279', '589', '369', '111', '758', '122', '691', '624', '466', '572', '468', '181', '427', '312', '362', '396', '326', '106', '167', '733', '543', '463', '364', '421', '282', '615', '052', '077', '193', '393', '133', '129', '336', '379', '004', '671', '568', '098', '137', '020', '415', '475', '532', '264', '482', '330', '634', '712', '176', '306', '542', '419', '027', '672', '317', '188', '711', '206', '296', '138', '199', '411', '228', '285', '271', '311', '486', '616', '366', '397', '046', '646', '501', '293', '222', '039', '045', '668', '025', '654', '340', '140', '606', '494', '433', '643', '752', '385', '623', '492', '170', '244', '682', '453', '760', '454', '179', '754', '072', '704', '215', '413', '384', '563', '382', '043', '485', '101', '500', '667', '527', '665', '089', '603', '434', '057', '160', '513', '321', '088', '126', '058', '241', '034', '292', '031', '231', '609', '165', '377', '464', '761', '294', '462', '680', '248', '295', '452', '238', '633', '429', '301', '638', '716', '267', '611', '349', '075', '636', '576', '689', '741', '479', '381', '173', '412', '722', '402', '316', '410', '618', '399', '209', '437', '309', '105', '298', '221', '147', '175', '531', '645', '743', '263', '448', '443', '071', '344', '114', '190', '599', '607', '343', '714', '331', '571', '600', '026', '541', '713', '436', '350', '112', '325', '014', '250', '053', '483', '391', '441', '555', '130', '030', '533', '444', '507', '001', '102', '066', '649', '573', '319', '283', '709', '162', '440', '307', '230', '698', '337', '656', '661', '113', '038', '669', '342', '608', '748', '261']","['019', '028', '029', '033', '050', '056', '059', '073', '074', '081', '086', '095', '104', '109', '121', '139', '142', '144', '154', '182', '189', '194', '201', '212', '218', '220', '246', '249', '258', '287', '290', '297', '314', '328', '333', '334', '335', '347', '348', '353', '383', '389', '398', '417', '418', '423', '451', '465', '493', '521', '528', '544', '545', '554', '567', '579', '582', '590', '601', '604', '613', '625', '627', '630', '632', '659', '660', '700', '705', '708', '717', '720', '721', '726', '728', '732', '735', '742', '759']",,,,,,,7.497146725654602e-07
target_survival_5y,tabpfn,Full,43,0,real,12adf4ac84a5bf0fa423,337,79,complete,,"['022', '278', '205', '161', '257', '127', '631', '652', '584', '345', '502', '255', '461', '662', '371', '435', '322', '509', '526', '641', '512', '470', '284', '403', '254', '516', '738', '076', '710', '143', '324', '503', '675', '016', '751', '459', '125', '534', '225', '141', '067', '018', '577', '048', '251', '506', '372', '424', '553', '552', '118', '575', '040', '560', '628', '103', '107', '234', '358', '036', '740', '128', '460', '693', '367', '132', '005', '729', '229', '673', '650', '488', '192', '702', '622', '211', '304', '694', '262', '550', '047', '657', '753', '276', '727', '515', '745', '096', '341', '136', '119', '614', '061', '012', '214', '232', '420', '253', '653', '724', '115', '286', '216', '093', '013', '547', '467', '510', '279', '589', '369', '111', '758', '122', '691', '624', '466', '572', '468', '181', '427', '312', '362', '396', '326', '106', '167', '733', '543', '463', '364', '421', '282', '615', '052', '077', '193', '393', '133', '129', '336', '379', '004', '671', '568', '098', '137', '020', '415', '475', '532', '264', '482', '330', '634', '712', '176', '306', '542', '419', '027', '672', '317', '188', '711', '206', '296', '138', '199', '411', '228', '285', '271', '311', '486', '616', '366', '397', '046', '646', '501', '293', '222', '039', '045', '668', '025', '654', '340', '140', '606', '494', '433', '643', '752', '385', '623', '492', '170', '244', '682', '453', '760', '454', '179', '754', '072', '704', '215', '413', '384', '563', '382', '043', '485', '101', '500', '667', '527', '665', '089', '603', '434', '057', '160', '513', '321', '088', '126', '058', '241', '034', '292', '031', '231', '609', '165', '377', '464', '761', '294', '462', '680', '248', '295', '452', '238', '633', '429', '301', '638', '716', '267', '611', '349', '075', '636', '576', '689', '741', '479', '381', '173', '412', '722', '402', '316', '410', '618', '399', '209', '437', '309', '105', '298', '221', '147', '175', '531', '645', '743', '263', '448', '443', '071', '344', '114', '190', '599', '607', '343', '714', '331', '571', '600', '026', '541', '713', '436', '350', '112', '325', '014', '250', '053', '483', '391', '441', '555', '130', '030', '533', '444', '507', '001', '102', '066', '649', '573', '319', '283', '709', '162', '440', '307', '230', '698', '337', '656', '661', '113', '038', '669', '342', '608', '748', '261']","['019', '028', '029', '033', '050', '056', '059', '073', '074', '081', '086', '095', '104', '109', '121', '139', '142', '144', '154', '182', '189', '194', '201', '212', '218', '220', '246', '249', '258', '287', '290', '297', '314', '328', '333', '334', '335', '347', '348', '353', '383', '389', '398', '417', '418', '423', '451', '465', '493', '521', '528', '544', '545', '554', '567', '579', '582', '590', '601', '604', '613', '625', '627', '630', '632', '659', '660', '700', '705', '708', '717', '720', '721', '726', '728', '732', '735', '742', '759']",3.9627287089824677,1.417180625256151,0.7493540051679586,0.7859030122979271,0.1948484917841964,0.10284298432024216,5.3857364589348435
target_survival_5y,lightgbm,Full,43,0,real,e4c2f1f75c053e1b18d2,337,79,complete,,"['022', '278', '205', '161', '257', '127', '631', '652', '584', '345', '502', '255', '461', '662', '371', '435', '322', '509', '526', '641', '512', '470', '284', '403', '254', '516', '738', '076', '710', '143', '324', '503', '675', '016', '751', '459', '125', '534', '225', '141', '067', '018', '577', '048', '251', '506', '372', '424', '553', '552', '118', '575', '040', '560', '628', '103', '107', '234', '358', '036', '740', '128', '460', '693', '367', '132', '005', '729', '229', '673', '650', '488', '192', '702', '622', '211', '304', '694', '262', '550', '047', '657', '753', '276', '727', '515', '745', '096', '341', '136', '119', '614', '061', '012', '214', '232', '420', '253', '653', '724', '115', '286', '216', '093', '013', '547', '467', '510', '279', '589', '369', '111', '758', '122', '691', '624', '466', '572', '468', '181', '427', '312', '362', '396', '326', '106', '167', '733', '543', '463', '364', '421', '282', '615', '052', '077', '193', '393', '133', '129', '336', '379', '004', '671', '568', '098', '137', '020', '415', '475', '532', '264', '482', '330', '634', '712', '176', '306', '542', '419', '027', '672', '317', '188', '711', '206', '296', '138', '199', '411', '228', '285', '271', '311', '486', '616', '366', '397', '046', '646', '501', '293', '222', '039', '045', '668', '025', '654', '340', '140', '606', '494', '433', '643', '752', '385', '623', '492', '170', '244', '682', '453', '760', '454', '179', '754', '072', '704', '215', '413', '384', '563', '382', '043', '485', '101', '500', '667', '527', '665', '089', '603', '434', '057', '160', '513', '321', '088', '126', '058', '241', '034', '292', '031', '231', '609', '165', '377', '464', '761', '294', '462', '680', '248', '295', '452', '238', '633', '429', '301', '638', '716', '267', '611', '349', '075', '636', '576', '689', '741', '479', '381', '173', '412', '722', '402', '316', '410', '618', '399', '209', '437', '309', '105', '298', '221', '147', '175', '531', '645', '743', '263', '448', '443', '071', '344', '114', '190', '599', '607', '343', '714', '331', '571', '600', '026', '541', '713', '436', '350', '112', '325', '014', '250', '053', '483', '391', '441', '555', '130', '030', '533', '444', '507', '001', '102', '066', '649', '573', '319', '283', '709', '162', '440', '307', '230', '698', '337', '656', '661', '113', '038', '669', '342', '608', '748', '261']","['019', '028', '029', '033', '050', '056', '059', '073', '074', '081', '086', '095', '104', '109', '121', '139', '142', '144', '154', '182', '189', '194', '201', '212', '218', '220', '246', '249', '258', '287', '290', '297', '314', '328', '333', '334', '335', '347', '348', '353', '383', '389', '398', '417', '418', '423', '451', '465', '493', '521', '528', '544', '545', '554', '567', '579', '582', '590', '601', '604', '613', '625', '627', '630', '632', '659', '660', '700', '705', '708', '717', '720', '721', '726', '728', '732', '735', '742', '759']",0.07405829196795821,0.0066472920589149,0.7189922480620154,0.7200865944218293,0.22941006924995172,0.17845777848130392,0.0818000421859324
target_survival_5y,xgboost,Full,43,0,real,cc6f0068970c4c7bcd13,337,79,complete,,"['022', '278', '205', '161', '257', '127', '631', '652', '584', '345', '502', '255', '461', '662', '371', '435', '322', '509', '526', '641', '512', '470', '284', '403', '254', '516', '738', '076', '710', '143', '324', '503', '675', '016', '751', '459', '125', '534', '225', '141', '067', '018', '577', '048', '251', '506', '372', '424', '553', '552', '118', '575', '040', '560', '628', '103', '107', '234', '358', '036', '740', '128', '460', '693', '367', '132', '005', '729', '229', '673', '650', '488', '192', '702', '622', '211', '304', '694', '262', '550', '047', '657', '753', '276', '727', '515', '745', '096', '341', '136', '119', '614', '061', '012', '214', '232', '420', '253', '653', '724', '115', '286', '216', '093', '013', '547', '467', '510', '279', '589', '369', '111', '758', '122', '691', '624', '466', '572', '468', '181', '427', '312', '362', '396', '326', '106', '167', '733', '543', '463', '364', '421', '282', '615', '052', '077', '193', '393', '133', '129', '336', '379', '004', '671', '568', '098', '137', '020', '415', '475', '532', '264', '482', '330', '634', '712', '176', '306', '542', '419', '027', '672', '317', '188', '711', '206', '296', '138', '199', '411', '228', '285', '271', '311', '486', '616', '366', '397', '046', '646', '501', '293', '222', '039', '045', '668', '025', '654', '340', '140', '606', '494', '433', '643', '752', '385', '623', '492', '170', '244', '682', '453', '760', '454', '179', '754', '072', '704', '215', '413', '384', '563', '382', '043', '485', '101', '500', '667', '527', '665', '089', '603', '434', '057', '160', '513', '321', '088', '126', '058', '241', '034', '292', '031', '231', '609', '165', '377', '464', '761', '294', '462', '680', '248', '295', '452', '238', '633', '429', '301', '638', '716', '267', '611', '349', '075', '636', '576', '689', '741', '479', '381', '173', '412', '722', '402', '316', '410', '618', '399', '209', '437', '309', '105', '298', '221', '147', '175', '531', '645', '743', '263', '448', '443', '071', '344', '114', '190', '599', '607', '343', '714', '331', '571', '600', '026', '541', '713', '436', '350', '112', '325', '014', '250', '053', '483', '391', '441', '555', '130', '030', '533', '444', '507', '001', '102', '066', '649', '573', '319', '283', '709', '162', '440', '307', '230', '698', '337', '656', '661', '113', '038', '669', '342', '608', '748', '261']","['019', '028', '029', '033', '050', '056', '059', '073', '074', '081', '086', '095', '104', '109', '121', '139', '142', '144', '154', '182', '189', '194', '201', '212', '218', '220', '246', '249', '258', '287', '290', '297', '314', '328', '333', '334', '335', '347', '348', '353', '383', '389', '398', '417', '418', '423', '451', '465', '493', '521', '528', '544', '545', '554', '567', '579', '582', '590', '601', '604', '613', '625', '627', '630', '632', '659', '660', '700', '705', '708', '717', '720', '721', '726', '728', '732', '735', '742', '759']",0.0609528748318553,0.0074315001256763935,0.665374677002584,0.6499023726358641,0.2889930336494976,0.24560824098858294,0.06948866695165634
target_survival_5y,tabpfn,50,44,0,real,7898c1ecc83cbf7e90e3,50,79,complete,,"['475', '228', '665', '061', '047', '622', '170', '653', '513', '636', '452', '576', '675', '113', '205', '704', '657', '206', '214', '350', '292', '262', '453', '714', '470', '727', '128', '222', '132', '038', '526', '673', '618', '691', '106', '415', '468', '646', '379', '509', '311', '758', '098', '512', '125', '089', '702', '264', '282', '319']","['019', '028', '029', '033', '050', '056', '059', '073', '074', '081', '086', '095', '104', '109', '121', '139', '142', '144', '154', '182', '189', '194', '201', '212', '218', '220', '246', '249', '258', '287', '290', '297', '314', '328', '333', '334', '335', '347', '348', '353', '383', '389', '398', '417', '418', '423', '451', '465', '493', '521', '528', '544', '545', '554', '567', '579', '582', '590', '601', '604', '613', '625', '627', '630', '632', '659', '660', '700', '705', '708', '717', '720', '721', '726', '728', '732', '735', '742', '759']",4.503028083126992,1.406566542107612,0.7344961240310077,0.7577720376618587,0.2135487033790591,0.09823085575164121,5.91471645841375
target_survival_5y,lightgbm,50,44,0,real,298a35b4fb446497a4b4,50,79,complete,,"['475', '228', '665', '061', '047', '622', '170', '653', '513', '636', '452', '576', '675', '113', '205', '704', '657', '206', '214', '350', '292', '262', '453', '714', '470', '727', '128', '222', '132', '038', '526', '673', '618', '691', '106', '415', '468', '646', '379', '509', '311', '758', '098', '512', '125', '089', '702', '264', '282', '319']","['019', '028', '029', '033', '050', '056', '059', '073', '074', '081', '086', '095', '104', '109', '121', '139', '142', '144', '154', '182', '189', '194', '201', '212', '218', '220', '246', '249', '258', '287', '290', '297', '314', '328', '333', '334', '335', '347', '348', '353', '383', '389', '398', '417', '418', '423', '451', '465', '493', '521', '528', '544', '545', '554', '567', '579', '582', '590', '601', '604', '613', '625', '627', '630', '632', '659', '660', '700', '705', '708', '717', '720', '721', '726', '728', '732', '735', '742', '759']",0.0351970000192523,0.008089750073850155,0.5494186046511628,0.5766355731129076,0.2965748342228704,0.23031020565023658,0.0448678326793015
target_survival_5y,xgboost,50,44,0,real,bc0ab8883576755c6247,50,79,complete,,"['475', '228', '665', '061', '047', '622', '170', '653', '513', '636', '452', '576', '675', '113', '205', '704', '657', '206', '214', '350', '292', '262', '453', '714', '470', '727', '128', '222', '132', '038', '526', '673', '618', '691', '106', '415', '468', '646', '379', '509', '311', '758', '098', '512', '125', '089', '702', '264', '282', '319']","['019', '028', '029', '033', '050', '056', '059', '073', '074', '081', '086', '095', '104', '109', '121', '139', '142', '144', '154', '182', '189', '194', '201', '212', '218', '220', '246', '249', '258', '287', '290', '297', '314', '328', '333', '334', '335', '347', '348', '353', '383', '389', '398', '417', '418', '423', '451', '465', '493', '521', '528', '544', '545', '554', '567', '579', '582', '590', '601', '604', '613', '625', '627', '630', '632', '659', '660', '700', '705', '708', '717', '720', '721', '726', '728', '732', '735', '742', '759']",0.035100874956697226,0.00725100003182888,0.6033591731266149,0.5991376961500339,0.32438882818026954,0.29669354624067773,0.043407542165368795
target_survival_5y,tabpfn,100,44,0,real,954f22e48d3acf7a73a2,100,79,complete,,"['475', '228', '665', '061', '047', '622', '170', '653', '513', '636', '452', '576', '675', '113', '205', '704', '657', '206', '214', '350', '292', '262', '453', '714', '470', '727', '128', '222', '132', '038', '526', '673', '618', '691', '106', '415', '468', '646', '379', '509', '311', '758', '098', '512', '125', '089', '702', '264', '282', '319', '039', '492', '668', '712', '467', '463', '102', '325', '553', '307', '349', '362', '541', '209', '532', '421', '568', '680', '479', '577', '724', '034', '016', '343', '661', '324', '336', '459', '572', '436', '173', '229', '667', '575', '137', '534', '020', '330', '372', '295', '221', '693', '385', '162', '048', '402', '654', '754', '238', '506']","['019', '028', '029', '033', '050', '056', '059', '073', '074', '081', '086', '095', '104', '109', '121', '139', '142', '144', '154', '182', '189', '194', '201', '212', '218', '220', '246', '249', '258', '287', '290', '297', '314', '328', '333', '334', '335', '347', '348', '353', '383', '389', '398', '417', '418', '423', '451', '465', '493', '521', '528', '544', '545', '554', '567', '579', '582', '590', '601', '604', '613', '625', '627', '630', '632', '659', '660', '700', '705', '708', '717', '720', '721', '726', '728', '732', '735', '742', '759']",3.965951250400394,1.3326560826972127,0.6996124031007751,0.7530864512937648,0.21296173503428073,0.12545340196995797,5.304027125239372
target_survival_5y,lightgbm,100,44,0,real,5ea512a618713480c6a7,100,79,complete,,"['475', '228', '665', '061', '047', '622', '170', '653', '513', '636', '452', '576', '675', '113', '205', '704', '657', '206', '214', '350', '292', '262', '453', '714', '470', '727', '128', '222', '132', '038', '526', '673', '618', '691', '106', '415', '468', '646', '379', '509', '311', '758', '098', '512', '125', '089', '702', '264', '282', '319', '039', '492', '668', '712', '467', '463', '102', '325', '553', '307', '349', '362', '541', '209', '532', '421', '568', '680', '479', '577', '724', '034', '016', '343', '661', '324', '336', '459', '572', '436', '173', '229', '667', '575', '137', '534', '020', '330', '372', '295', '221', '693', '385', '162', '048', '402', '654', '754', '238', '506']","['019', '028', '029', '033', '050', '056', '059', '073', '074', '081', '086', '095', '104', '109', '121', '139', '142', '144', '154', '182', '189', '194', '201', '212', '218', '220', '246', '249', '258', '287', '290', '297', '314', '328', '333', '334', '335', '347', '348', '353', '383', '389', '398', '417', '418', '423', '451', '465', '493', '521', '528', '544', '545', '554', '567', '579', '582', '590', '601', '604', '613', '625', '627', '630', '632', '659', '660', '700', '705', '708', '717', '720', '721', '726', '728', '732', '735', '742', '759']",0.04711704095825553,0.00755804218351841,0.560077519379845,0.5399215320491292,0.2943603186705448,0.2126824620694411,0.05607091635465622
target_survival_5y,xgboost,100,44,0,real,4eaf46ef18fb0fae7ffb,100,79,complete,,"['475', '228', '665', '061', '047', '622', '170', '653', '513', '636', '452', '576', '675', '113', '205', '704', '657', '206', '214', '350', '292', '262', '453', '714', '470', '727', '128', '222', '132', '038', '526', '673', '618', '691', '106', '415', '468', '646', '379', '509', '311', '758', '098', '512', '125', '089', '702', '264', '282', '319', '039', '492', '668', '712', '467', '463', '102', '325', '553', '307', '349', '362', '541', '209', '532', '421', '568', '680', '479', '577', '724', '034', '016', '343', '661', '324', '336', '459', '572', '436', '173', '229', '667', '575', '137', '534', '020', '330', '372', '295', '221', '693', '385', '162', '048', '402', '654', '754', '238', '506']","['019', '028', '029', '033', '050', '056', '059', '073', '074', '081', '086', '095', '104', '109', '121', '139', '142', '144', '154', '182', '189', '194', '201', '212', '218', '220', '246', '249', '258', '287', '290', '297', '314', '328', '333', '334', '335', '347', '348', '353', '383', '389', '398', '417', '418', '423', '451', '465', '493', '521', '528', '544', '545', '554', '567', '579', '582', '590', '601', '604', '613', '625', '627', '630', '632', '659', '660', '700', '705', '708', '717', '720', '721', '726', '728', '732', '735', '742', '759']",0.0421763751655817,0.006940832827240229,0.6111111111111112,0.5316939530008933,0.30369441693953175,0.2550137767559389,0.05019012512639165
target_survival_5y,tabpfn,200,44,0,real,c715f9acf1994f57fb7d,200,79,complete,,"['475', '228', '665', '061', '047', '622', '170', '653', '513', '636', '452', '576', '675', '113', '205', '704', '657', '206', '214', '350', '292', '262', '453', '714', '470', '727', '128', '222', '132', '038', '526', '673', '618', '691', '106', '415', '468', '646', '379', '509', '311', '758', '098', '512', '125', '089', '702', '264', '282', '319', '039', '492', '668', '712', '467', '463', '102', '325', '553', '307', '349', '362', '541', '209', '532', '421', '568', '680', '479', '577', '724', '034', '016', '343', '661', '324', '336', '459', '572', '436', '173', '229', '667', '575', '137', '534', '020', '330', '372', '295', '221', '693', '385', '162', '048', '402', '654', '754', '238', '506', '317', '160', '167', '286', '507', '005', '547', '176', '563', '342', '552', '267', '411', '261', '133', '502', '510', '140', '141', '399', '716', '516', '745', '031', '606', '652', '230', '143', '043', '741', '369', '633', '093', '609', '740', '531', '391', '072', '296', '341', '483', '298', '012', '440', '309', '251', '753', '461', '460', '500', '271', '434', '304', '573', '464', '306', '181', '751', '381', '733', '454', '211', '257', '199', '543', '036', '231', '608', '147', '494', '067', '126', '165', '384', '638', '066', '649', '112', '466', '485', '326', '283', '248', '424', '138', '071', '367', '105', '710', '107', '643', '001', '119', '088', '397', '161', '366', '443', '760', '624']","['019', '028', '029', '033', '050', '056', '059', '073', '074', '081', '086', '095', '104', '109', '121', '139', '142', '144', '154', '182', '189', '194', '201', '212', '218', '220', '246', '249', '258', '287', '290', '297', '314', '328', '333', '334', '335', '347', '348', '353', '383', '389', '398', '417', '418', '423', '451', '465', '493', '521', '528', '544', '545', '554', '567', '579', '582', '590', '601', '604', '613', '625', '627', '630', '632', '659', '660', '700', '705', '708', '717', '720', '721', '726', '728', '732', '735', '742', '759']",4.057117000222206,1.463236624840647,0.6531007751937984,0.6459999873974471,0.23509169165478486,0.1118121256556692,5.5241520423442125
target_survival_5y,lightgbm,200,44,0,real,c1bd1e27fa48ae6cc8e0,200,79,complete,,"['475', '228', '665', '061', '047', '622', '170', '653', '513', '636', '452', '576', '675', '113', '205', '704', '657', '206', '214', '350', '292', '262', '453', '714', '470', '727', '128', '222', '132', '038', '526', '673', '618', '691', '106', '415', '468', '646', '379', '509', '311', '758', '098', '512', '125', '089', '702', '264', '282', '319', '039', '492', '668', '712', '467', '463', '102', '325', '553', '307', '349', '362', '541', '209', '532', '421', '568', '680', '479', '577', '724', '034', '016', '343', '661', '324', '336', '459', '572', '436', '173', '229', '667', '575', '137', '534', '020', '330', '372', '295', '221', '693', '385', '162', '048', '402', '654', '754', '238', '506', '317', '160', '167', '286', '507', '005', '547', '176', '563', '342', '552', '267', '411', '261', '133', '502', '510', '140', '141', '399', '716', '516', '745', '031', '606', '652', '230', '143', '043', '741', '369', '633', '093', '609', '740', '531', '391', '072', '296', '341', '483', '298', '012', '440', '309', '251', '753', '461', '460', '500', '271', '434', '304', '573', '464', '306', '181', '751', '381', '733', '454', '211', '257', '199', '543', '036', '231', '608', '147', '494', '067', '126', '165', '384', '638', '066', '649', '112', '466', '485', '326', '283', '248', '424', '138', '071', '367', '105', '710', '107', '643', '001', '119', '088', '397', '161', '366', '443', '760', '624']","['019', '028', '029', '033', '050', '056', '059', '073', '074', '081', '086', '095', '104', '109', '121', '139', '142', '144', '154', '182', '189', '194', '201', '212', '218', '220', '246', '249', '258', '287', '290', '297', '314', '328', '333', '334', '335', '347', '348', '353', '383', '389', '398', '417', '418', '423', '451', '465', '493', '521', '528', '544', '545', '554', '567', '579', '582', '590', '601', '604', '613', '625', '627', '630', '632', '659', '660', '700', '705', '708', '717', '720', '721', '726', '728', '732', '735', '742', '759']",0.04602174973115325,0.006311499979346991,0.6343669250645996,0.5738048314913643,0.2812927783359955,0.23355422627854594,0.05336208315566182
target_survival_5y,xgboost,200,44,0,real,0b21a148008f89459d2d,200,79,complete,,"['475', '228', '665', '061', '047', '622', '170', '653', '513', '636', '452', '576', '675', '113', '205', '704', '657', '206', '214', '350', '292', '262', '453', '714', '470', '727', '128', '222', '132', '038', '526', '673', '618', '691', '106', '415', '468', '646', '379', '509', '311', '758', '098', '512', '125', '089', '702', '264', '282', '319', '039', '492', '668', '712', '467', '463', '102', '325', '553', '307', '349', '362', '541', '209', '532', '421', '568', '680', '479', '577', '724', '034', '016', '343', '661', '324', '336', '459', '572', '436', '173', '229', '667', '575', '137', '534', '020', '330', '372', '295', '221', '693', '385', '162', '048', '402', '654', '754', '238', '506', '317', '160', '167', '286', '507', '005', '547', '176', '563', '342', '552', '267', '411', '261', '133', '502', '510', '140', '141', '399', '716', '516', '745', '031', '606', '652', '230', '143', '043', '741', '369', '633', '093', '609', '740', '531', '391', '072', '296', '341', '483', '298', '012', '440', '309', '251', '753', '461', '460', '500', '271', '434', '304', '573', '464', '306', '181', '751', '381', '733', '454', '211', '257', '199', '543', '036', '231', '608', '147', '494', '067', '126', '165', '384', '638', '066', '649', '112', '466', '485', '326', '283', '248', '424', '138', '071', '367', '105', '710', '107', '643', '001', '119', '088', '397', '161', '366', '443', '760', '624']","['019', '028', '029', '033', '050', '056', '059', '073', '074', '081', '086', '095', '104', '109', '121', '139', '142', '144', '154', '182', '189', '194', '201', '212', '218', '220', '246', '249', '258', '287', '290', '297', '314', '328', '333', '334', '335', '347', '348', '353', '383', '389', '398', '417', '418', '423', '451', '465', '493', '521', '528', '544', '545', '554', '567', '579', '582', '590', '601', '604', '613', '625', '627', '630', '632', '659', '660', '700', '705', '708', '717', '720', '721', '726', '728', '732', '735', '742', '759']",0.049935208167880774,0.006753874942660332,0.6602067183462532,0.5895556480294432,0.2709980591609085,0.22037323611299212,0.057804916985332966
target_survival_5y,tabpfn,500,44,0,real,dddb9ff22ba25ca812e1,337,79,skipped,N=500 infeasible for 337 eligible training patients and class balance,"['475', '228', '665', '061', '047', '622', '170', '653', '513', '636', '452', '576', '675', '113', '205', '704', '657', '206', '214', '350', '292', '262', '453', '714', '470', '727', '128', '222', '132', '038', '526', '673', '618', '691', '106', '415', '468', '646', '379', '509', '311', '758', '098', '512', '125', '089', '702', '264', '282', '319', '039', '492', '668', '712', '467', '463', '102', '325', '553', '307', '349', '362', '541', '209', '532', '421', '568', '680', '479', '577', '724', '034', '016', '343', '661', '324', '336', '459', '572', '436', '173', '229', '667', '575', '137', '534', '020', '330', '372', '295', '221', '693', '385', '162', '048', '402', '654', '754', '238', '506', '317', '160', '167', '286', '507', '005', '547', '176', '563', '342', '552', '267', '411', '261', '133', '502', '510', '140', '141', '399', '716', '516', '745', '031', '606', '652', '230', '143', '043', '741', '369', '633', '093', '609', '740', '531', '391', '072', '296', '341', '483', '298', '012', '440', '309', '251', '753', '461', '460', '500', '271', '434', '304', '573', '464', '306', '181', '751', '381', '733', '454', '211', '257', '199', '543', '036', '231', '608', '147', '494', '067', '126', '165', '384', '638', '066', '649', '112', '466', '485', '326', '283', '248', '424', '138', '071', '367', '105', '710', '107', '643', '001', '119', '088', '397', '161', '366', '443', '760', '624', '340', '393', '761', '711', '413', '250', '322', '533', '738', '713', '103', '025', '650', '599', '488', '192', '358', '542', '345', '419', '040', '130', '278', '628', '560', '616', '441', '046', '623', '312', '603', '396', '118', '371', '301', '689', '254', '694', '004', '607', '614', '482', '193', '634', '136', '743', '410', '589', '232', '111', '611', '115', '437', '331', '216', '190', '018', '435', '027', '052', '244', '571', '515', '179', '672', '752', '555', '279', '215', '584', '294', '501', '412', '241', '550', '527', '377', '075', '293', '729', '057', '225', '503', '014', '263', '420', '101', '669', '337', '058', '285', '748', '026', '631', '276', '641', '188', '175', '114', '045', '615', '671', '429', '096', '076', '284', '645', '344', '234', '030', '077', '382', '129', '682', '600', '433', '316', '698', '255', '321', '122', '722', '053', '709', '444', '253', '427', '462', '656', '127', '013', '364', '486', '662', '022', '403', '448']","['019', '028', '029', '033', '050', '056', '059', '073', '074', '081', '086', '095', '104', '109', '121', '139', '142', '144', '154', '182', '189', '194', '201', '212', '218', '220', '246', '249', '258', '287', '290', '297', '314', '328', '333', '334', '335', '347', '348', '353', '383', '389', '398', '417', '418', '423', '451', '465', '493', '521', '528', '544', '545', '554', '567', '579', '582', '590', '601', '604', '613', '625', '627', '630', '632', '659', '660', '700', '705', '708', '717', '720', '721', '726', '728', '732', '735', '742', '759']",,,,,,,1.3327226042747498e-06
target_survival_5y,lightgbm,500,44,0,real,06dbb9406d1964d02f03,337,79,skipped,N=500 infeasible for 337 eligible training patients and class balance,"['475', '228', '665', '061', '047', '622', '170', '653', '513', '636', '452', '576', '675', '113', '205', '704', '657', '206', '214', '350', '292', '262', '453', '714', '470', '727', '128', '222', '132', '038', '526', '673', '618', '691', '106', '415', '468', '646', '379', '509', '311', '758', '098', '512', '125', '089', '702', '264', '282', '319', '039', '492', '668', '712', '467', '463', '102', '325', '553', '307', '349', '362', '541', '209', '532', '421', '568', '680', '479', '577', '724', '034', '016', '343', '661', '324', '336', '459', '572', '436', '173', '229', '667', '575', '137', '534', '020', '330', '372', '295', '221', '693', '385', '162', '048', '402', '654', '754', '238', '506', '317', '160', '167', '286', '507', '005', '547', '176', '563', '342', '552', '267', '411', '261', '133', '502', '510', '140', '141', '399', '716', '516', '745', '031', '606', '652', '230', '143', '043', '741', '369', '633', '093', '609', '740', '531', '391', '072', '296', '341', '483', '298', '012', '440', '309', '251', '753', '461', '460', '500', '271', '434', '304', '573', '464', '306', '181', '751', '381', '733', '454', '211', '257', '199', '543', '036', '231', '608', '147', '494', '067', '126', '165', '384', '638', '066', '649', '112', '466', '485', '326', '283', '248', '424', '138', '071', '367', '105', '710', '107', '643', '001', '119', '088', '397', '161', '366', '443', '760', '624', '340', '393', '761', '711', '413', '250', '322', '533', '738', '713', '103', '025', '650', '599', '488', '192', '358', '542', '345', '419', '040', '130', '278', '628', '560', '616', '441', '046', '623', '312', '603', '396', '118', '371', '301', '689', '254', '694', '004', '607', '614', '482', '193', '634', '136', '743', '410', '589', '232', '111', '611', '115', '437', '331', '216', '190', '018', '435', '027', '052', '244', '571', '515', '179', '672', '752', '555', '279', '215', '584', '294', '501', '412', '241', '550', '527', '377', '075', '293', '729', '057', '225', '503', '014', '263', '420', '101', '669', '337', '058', '285', '748', '026', '631', '276', '641', '188', '175', '114', '045', '615', '671', '429', '096', '076', '284', '645', '344', '234', '030', '077', '382', '129', '682', '600', '433', '316', '698', '255', '321', '122', '722', '053', '709', '444', '253', '427', '462', '656', '127', '013', '364', '486', '662', '022', '403', '448']","['019', '028', '029', '033', '050', '056', '059', '073', '074', '081', '086', '095', '104', '109', '121', '139', '142', '144', '154', '182', '189', '194', '201', '212', '218', '220', '246', '249', '258', '287', '290', '297', '314', '328', '333', '334', '335', '347', '348', '353', '383', '389', '398', '417', '418', '423', '451', '465', '493', '521', '528', '544', '545', '554', '567', '579', '582', '590', '601', '604', '613', '625', '627', '630', '632', '659', '660', '700', '705', '708', '717', '720', '721', '726', '728', '732', '735', '742', '759']",,,,,,,8.33999365568161e-07
target_survival_5y,xgboost,500,44,0,real,ddeb7b1e6edb4de1ed66,337,79,skipped,N=500 infeasible for 337 eligible training patients and class balance,"['475', '228', '665', '061', '047', '622', '170', '653', '513', '636', '452', '576', '675', '113', '205', '704', '657', '206', '214', '350', '292', '262', '453', '714', '470', '727', '128', '222', '132', '038', '526', '673', '618', '691', '106', '415', '468', '646', '379', '509', '311', '758', '098', '512', '125', '089', '702', '264', '282', '319', '039', '492', '668', '712', '467', '463', '102', '325', '553', '307', '349', '362', '541', '209', '532', '421', '568', '680', '479', '577', '724', '034', '016', '343', '661', '324', '336', '459', '572', '436', '173', '229', '667', '575', '137', '534', '020', '330', '372', '295', '221', '693', '385', '162', '048', '402', '654', '754', '238', '506', '317', '160', '167', '286', '507', '005', '547', '176', '563', '342', '552', '267', '411', '261', '133', '502', '510', '140', '141', '399', '716', '516', '745', '031', '606', '652', '230', '143', '043', '741', '369', '633', '093', '609', '740', '531', '391', '072', '296', '341', '483', '298', '012', '440', '309', '251', '753', '461', '460', '500', '271', '434', '304', '573', '464', '306', '181', '751', '381', '733', '454', '211', '257', '199', '543', '036', '231', '608', '147', '494', '067', '126', '165', '384', '638', '066', '649', '112', '466', '485', '326', '283', '248', '424', '138', '071', '367', '105', '710', '107', '643', '001', '119', '088', '397', '161', '366', '443', '760', '624', '340', '393', '761', '711', '413', '250', '322', '533', '738', '713', '103', '025', '650', '599', '488', '192', '358', '542', '345', '419', '040', '130', '278', '628', '560', '616', '441', '046', '623', '312', '603', '396', '118', '371', '301', '689', '254', '694', '004', '607', '614', '482', '193', '634', '136', '743', '410', '589', '232', '111', '611', '115', '437', '331', '216', '190', '018', '435', '027', '052', '244', '571', '515', '179', '672', '752', '555', '279', '215', '584', '294', '501', '412', '241', '550', '527', '377', '075', '293', '729', '057', '225', '503', '014', '263', '420', '101', '669', '337', '058', '285', '748', '026', '631', '276', '641', '188', '175', '114', '045', '615', '671', '429', '096', '076', '284', '645', '344', '234', '030', '077', '382', '129', '682', '600', '433', '316', '698', '255', '321', '122', '722', '053', '709', '444', '253', '427', '462', '656', '127', '013', '364', '486', '662', '022', '403', '448']","['019', '028', '029', '033', '050', '056', '059', '073', '074', '081', '086', '095', '104', '109', '121', '139', '142', '144', '154', '182', '189', '194', '201', '212', '218', '220', '246', '249', '258', '287', '290', '297', '314', '328', '333', '334', '335', '347', '348', '353', '383', '389', '398', '417', '418', '423', '451', '465', '493', '521', '528', '544', '545', '554', '567', '579', '582', '590', '601', '604', '613', '625', '627', '630', '632', '659', '660', '700', '705', '708', '717', '720', '721', '726', '728', '732', '735', '742', '759']",,,,,,,7.078051567077637e-07
target_survival_5y,tabpfn,Full,44,0,real,db25de65189389e6b873,337,79,complete,,"['475', '228', '665', '061', '047', '622', '170', '653', '513', '636', '452', '576', '675', '113', '205', '704', '657', '206', '214', '350', '292', '262', '453', '714', '470', '727', '128', '222', '132', '038', '526', '673', '618', '691', '106', '415', '468', '646', '379', '509', '311', '758', '098', '512', '125', '089', '702', '264', '282', '319', '039', '492', '668', '712', '467', '463', '102', '325', '553', '307', '349', '362', '541', '209', '532', '421', '568', '680', '479', '577', '724', '034', '016', '343', '661', '324', '336', '459', '572', '436', '173', '229', '667', '575', '137', '534', '020', '330', '372', '295', '221', '693', '385', '162', '048', '402', '654', '754', '238', '506', '317', '160', '167', '286', '507', '005', '547', '176', '563', '342', '552', '267', '411', '261', '133', '502', '510', '140', '141', '399', '716', '516', '745', '031', '606', '652', '230', '143', '043', '741', '369', '633', '093', '609', '740', '531', '391', '072', '296', '341', '483', '298', '012', '440', '309', '251', '753', '461', '460', '500', '271', '434', '304', '573', '464', '306', '181', '751', '381', '733', '454', '211', '257', '199', '543', '036', '231', '608', '147', '494', '067', '126', '165', '384', '638', '066', '649', '112', '466', '485', '326', '283', '248', '424', '138', '071', '367', '105', '710', '107', '643', '001', '119', '088', '397', '161', '366', '443', '760', '624', '340', '393', '761', '711', '413', '250', '322', '533', '738', '713', '103', '025', '650', '599', '488', '192', '358', '542', '345', '419', '040', '130', '278', '628', '560', '616', '441', '046', '623', '312', '603', '396', '118', '371', '301', '689', '254', '694', '004', '607', '614', '482', '193', '634', '136', '743', '410', '589', '232', '111', '611', '115', '437', '331', '216', '190', '018', '435', '027', '052', '244', '571', '515', '179', '672', '752', '555', '279', '215', '584', '294', '501', '412', '241', '550', '527', '377', '075', '293', '729', '057', '225', '503', '014', '263', '420', '101', '669', '337', '058', '285', '748', '026', '631', '276', '641', '188', '175', '114', '045', '615', '671', '429', '096', '076', '284', '645', '344', '234', '030', '077', '382', '129', '682', '600', '433', '316', '698', '255', '321', '122', '722', '053', '709', '444', '253', '427', '462', '656', '127', '013', '364', '486', '662', '022', '403', '448']","['019', '028', '029', '033', '050', '056', '059', '073', '074', '081', '086', '095', '104', '109', '121', '139', '142', '144', '154', '182', '189', '194', '201', '212', '218', '220', '246', '249', '258', '287', '290', '297', '314', '328', '333', '334', '335', '347', '348', '353', '383', '389', '398', '417', '418', '423', '451', '465', '493', '521', '528', '544', '545', '554', '567', '579', '582', '590', '601', '604', '613', '625', '627', '630', '632', '659', '660', '700', '705', '708', '717', '720', '721', '726', '728', '732', '735', '742', '759']",1.9794931658543646,1.4197451248764992,0.7525839793281655,0.7906428300261584,0.19406279309587826,0.11327145371255995,3.405999790877104
target_survival_5y,lightgbm,Full,44,0,real,e9d1413f7903df2d76f3,337,79,complete,,"['475', '228', '665', '061', '047', '622', '170', '653', '513', '636', '452', '576', '675', '113', '205', '704', '657', '206', '214', '350', '292', '262', '453', '714', '470', '727', '128', '222', '132', '038', '526', '673', '618', '691', '106', '415', '468', '646', '379', '509', '311', '758', '098', '512', '125', '089', '702', '264', '282', '319', '039', '492', '668', '712', '467', '463', '102', '325', '553', '307', '349', '362', '541', '209', '532', '421', '568', '680', '479', '577', '724', '034', '016', '343', '661', '324', '336', '459', '572', '436', '173', '229', '667', '575', '137', '534', '020', '330', '372', '295', '221', '693', '385', '162', '048', '402', '654', '754', '238', '506', '317', '160', '167', '286', '507', '005', '547', '176', '563', '342', '552', '267', '411', '261', '133', '502', '510', '140', '141', '399', '716', '516', '745', '031', '606', '652', '230', '143', '043', '741', '369', '633', '093', '609', '740', '531', '391', '072', '296', '341', '483', '298', '012', '440', '309', '251', '753', '461', '460', '500', '271', '434', '304', '573', '464', '306', '181', '751', '381', '733', '454', '211', '257', '199', '543', '036', '231', '608', '147', '494', '067', '126', '165', '384', '638', '066', '649', '112', '466', '485', '326', '283', '248', '424', '138', '071', '367', '105', '710', '107', '643', '001', '119', '088', '397', '161', '366', '443', '760', '624', '340', '393', '761', '711', '413', '250', '322', '533', '738', '713', '103', '025', '650', '599', '488', '192', '358', '542', '345', '419', '040', '130', '278', '628', '560', '616', '441', '046', '623', '312', '603', '396', '118', '371', '301', '689', '254', '694', '004', '607', '614', '482', '193', '634', '136', '743', '410', '589', '232', '111', '611', '115', '437', '331', '216', '190', '018', '435', '027', '052', '244', '571', '515', '179', '672', '752', '555', '279', '215', '584', '294', '501', '412', '241', '550', '527', '377', '075', '293', '729', '057', '225', '503', '014', '263', '420', '101', '669', '337', '058', '285', '748', '026', '631', '276', '641', '188', '175', '114', '045', '615', '671', '429', '096', '076', '284', '645', '344', '234', '030', '077', '382', '129', '682', '600', '433', '316', '698', '255', '321', '122', '722', '053', '709', '444', '253', '427', '462', '656', '127', '013', '364', '486', '662', '022', '403', '448']","['019', '028', '029', '033', '050', '056', '059', '073', '074', '081', '086', '095', '104', '109', '121', '139', '142', '144', '154', '182', '189', '194', '201', '212', '218', '220', '246', '249', '258', '287', '290', '297', '314', '328', '333', '334', '335', '347', '348', '353', '383', '389', '398', '417', '418', '423', '451', '465', '493', '521', '528', '544', '545', '554', '567', '579', '582', '590', '601', '604', '613', '625', '627', '630', '632', '659', '660', '700', '705', '708', '717', '720', '721', '726', '728', '732', '735', '742', '759']",0.07748912507668138,0.006726833060383797,0.7189922480620154,0.7200865944218293,0.22941006924995172,0.17845777848130392,0.08524033287540078
target_survival_5y,xgboost,Full,44,0,real,3cf4aafe6dee59f88de7,337,79,complete,,"['475', '228', '665', '061', '047', '622', '170', '653', '513', '636', '452', '576', '675', '113', '205', '704', '657', '206', '214', '350', '292', '262', '453', '714', '470', '727', '128', '222', '132', '038', '526', '673', '618', '691', '106', '415', '468', '646', '379', '509', '311', '758', '098', '512', '125', '089', '702', '264', '282', '319', '039', '492', '668', '712', '467', '463', '102', '325', '553', '307', '349', '362', '541', '209', '532', '421', '568', '680', '479', '577', '724', '034', '016', '343', '661', '324', '336', '459', '572', '436', '173', '229', '667', '575', '137', '534', '020', '330', '372', '295', '221', '693', '385', '162', '048', '402', '654', '754', '238', '506', '317', '160', '167', '286', '507', '005', '547', '176', '563', '342', '552', '267', '411', '261', '133', '502', '510', '140', '141', '399', '716', '516', '745', '031', '606', '652', '230', '143', '043', '741', '369', '633', '093', '609', '740', '531', '391', '072', '296', '341', '483', '298', '012', '440', '309', '251', '753', '461', '460', '500', '271', '434', '304', '573', '464', '306', '181', '751', '381', '733', '454', '211', '257', '199', '543', '036', '231', '608', '147', '494', '067', '126', '165', '384', '638', '066', '649', '112', '466', '485', '326', '283', '248', '424', '138', '071', '367', '105', '710', '107', '643', '001', '119', '088', '397', '161', '366', '443', '760', '624', '340', '393', '761', '711', '413', '250', '322', '533', '738', '713', '103', '025', '650', '599', '488', '192', '358', '542', '345', '419', '040', '130', '278', '628', '560', '616', '441', '046', '623', '312', '603', '396', '118', '371', '301', '689', '254', '694', '004', '607', '614', '482', '193', '634', '136', '743', '410', '589', '232', '111', '611', '115', '437', '331', '216', '190', '018', '435', '027', '052', '244', '571', '515', '179', '672', '752', '555', '279', '215', '584', '294', '501', '412', '241', '550', '527', '377', '075', '293', '729', '057', '225', '503', '014', '263', '420', '101', '669', '337', '058', '285', '748', '026', '631', '276', '641', '188', '175', '114', '045', '615', '671', '429', '096', '076', '284', '645', '344', '234', '030', '077', '382', '129', '682', '600', '433', '316', '698', '255', '321', '122', '722', '053', '709', '444', '253', '427', '462', '656', '127', '013', '364', '486', '662', '022', '403', '448']","['019', '028', '029', '033', '050', '056', '059', '073', '074', '081', '086', '095', '104', '109', '121', '139', '142', '144', '154', '182', '189', '194', '201', '212', '218', '220', '246', '249', '258', '287', '290', '297', '314', '328', '333', '334', '335', '347', '348', '353', '383', '389', '398', '417', '418', '423', '451', '465', '493', '521', '528', '544', '545', '554', '567', '579', '582', '590', '601', '604', '613', '625', '627', '630', '632', '659', '660', '700', '705', '708', '717', '720', '721', '726', '728', '732', '735', '742', '759']",0.05885254079475999,0.0066155423410236835,0.665374677002584,0.6499023726358641,0.2889930336494976,0.24560824098858294,0.06650525005534291
target_survival_5y,tabpfn,50,45,0,real,91bf5daa188f7795d645,50,79,complete,,"['653', '176', '141', '046', '624', '743', '748', '693', '089', '279', '638', '710', '479', '088', '600', '340', '470', '128', '740', '209', '633', '452', '350', '193', '232', '460', '286', '698', '013', '454', '228', '485', '205', '616', '608', '312', '543', '575', '263', '221', '691', '271', '411', '399', '364', '555', '649', '753', '367', '441']","['019', '028', '029', '033', '050', '056', '059', '073', '074', '081', '086', '095', '104', '109', '121', '139', '142', '144', '154', '182', '189', '194', '201', '212', '218', '220', '246', '249', '258', '287', '290', '297', '314', '328', '333', '334', '335', '347', '348', '353', '383', '389', '398', '417', '418', '423', '451', '465', '493', '521', '528', '544', '545', '554', '567', '579', '582', '590', '601', '604', '613', '625', '627', '630', '632', '659', '660', '700', '705', '708', '717', '720', '721', '726', '728', '732', '735', '742', '759']",3.9520523329265416,1.5152108343318105,0.7344961240310077,0.7553609120824939,0.20657417208033763,0.06135181384750557,5.471766083035618
target_survival_5y,lightgbm,50,45,0,real,84ab5cfda538d953efcb,50,79,complete,,"['653', '176', '141', '046', '624', '743', '748', '693', '089', '279', '638', '710', '479', '088', '600', '340', '470', '128', '740', '209', '633', '452', '350', '193', '232', '460', '286', '698', '013', '454', '228', '485', '205', '616', '608', '312', '543', '575', '263', '221', '691', '271', '411', '399', '364', '555', '649', '753', '367', '441']","['019', '028', '029', '033', '050', '056', '059', '073', '074', '081', '086', '095', '104', '109', '121', '139', '142', '144', '154', '182', '189', '194', '201', '212', '218', '220', '246', '249', '258', '287', '290', '297', '314', '328', '333', '334', '335', '347', '348', '353', '383', '389', '398', '417', '418', '423', '451', '465', '493', '521', '528', '544', '545', '554', '567', '579', '582', '590', '601', '604', '613', '625', '627', '630', '632', '659', '660', '700', '705', '708', '717', '720', '721', '726', '728', '732', '735', '742', '759']",0.048665791749954224,0.00901008304208517,0.6049741602067183,0.5711036659560348,0.25083851566140647,0.17259985469489303,0.05934474989771843
target_survival_5y,xgboost,50,45,0,real,2c5bdd6c931cb8ed817b,50,79,complete,,"['653', '176', '141', '046', '624', '743', '748', '693', '089', '279', '638', '710', '479', '088', '600', '340', '470', '128', '740', '209', '633', '452', '350', '193', '232', '460', '286', '698', '013', '454', '228', '485', '205', '616', '608', '312', '543', '575', '263', '221', '691', '271', '411', '399', '364', '555', '649', '753', '367', '441']","['019', '028', '029', '033', '050', '056', '059', '073', '074', '081', '086', '095', '104', '109', '121', '139', '142', '144', '154', '182', '189', '194', '201', '212', '218', '220', '246', '249', '258', '287', '290', '297', '314', '328', '333', '334', '335', '347', '348', '353', '383', '389', '398', '417', '418', '423', '451', '465', '493', '521', '528', '544', '545', '554', '567', '579', '582', '590', '601', '604', '613', '625', '627', '630', '632', '659', '660', '700', '705', '708', '717', '720', '721', '726', '728', '732', '735', '742', '759']",0.03713675029575825,0.00649737473577261,0.704780361757106,0.650356710032032,0.24333119289526536,0.19028218021569185,0.04464220814406872
target_survival_5y,tabpfn,100,45,0,real,fe09adfa015da6632d32,100,79,complete,,"['653', '176', '141', '046', '624', '743', '748', '693', '089', '279', '638', '710', '479', '088', '600', '340', '470', '128', '740', '209', '633', '452', '350', '193', '232', '460', '286', '698', '013', '454', '228', '485', '205', '616', '608', '312', '543', '575', '263', '221', '691', '271', '411', '399', '364', '555', '649', '753', '367', '441', '760', '076', '096', '276', '020', '058', '563', '111', '461', '366', '516', '098', '391', '257', '444', '234', '673', '668', '433', '482', '231', '622', '571', '369', '603', '170', '393', '729', '464', '459', '702', '001', '606', '420', '101', '309', '413', '052', '107', '507', '317', '665', '727', '515', '267', '397', '345', '415', '483', '211']","['019', '028', '029', '033', '050', '056', '059', '073', '074', '081', '086', '095', '104', '109', '121', '139', '142', '144', '154', '182', '189', '194', '201', '212', '218', '220', '246', '249', '258', '287', '290', '297', '314', '328', '333', '334', '335', '347', '348', '353', '383', '389', '398', '417', '418', '423', '451', '465', '493', '521', '528', '544', '545', '554', '567', '579', '582', '590', '601', '604', '613', '625', '627', '630', '632', '659', '660', '700', '705', '708', '717', '720', '721', '726', '728', '732', '735', '742', '759']",4.0155253750272095,1.2755013746209443,0.774547803617571,0.8038557949490969,0.19278831797275348,0.14266576570800588,5.3005479159764946
target_survival_5y,lightgbm,100,45,0,real,0ce7d6d15a1781b0589f,100,79,complete,,"['653', '176', '141', '046', '624', '743', '748', '693', '089', '279', '638', '710', '479', '088', '600', '340', '470', '128', '740', '209', '633', '452', '350', '193', '232', '460', '286', '698', '013', '454', '228', '485', '205', '616', '608', '312', '543', '575', '263', '221', '691', '271', '411', '399', '364', '555', '649', '753', '367', '441', '760', '076', '096', '276', '020', '058', '563', '111', '461', '366', '516', '098', '391', '257', '444', '234', '673', '668', '433', '482', '231', '622', '571', '369', '603', '170', '393', '729', '464', '459', '702', '001', '606', '420', '101', '309', '413', '052', '107', '507', '317', '665', '727', '515', '267', '397', '345', '415', '483', '211']","['019', '028', '029', '033', '050', '056', '059', '073', '074', '081', '086', '095', '104', '109', '121', '139', '142', '144', '154', '182', '189', '194', '201', '212', '218', '220', '246', '249', '258', '287', '290', '297', '314', '328', '333', '334', '335', '347', '348', '353', '383', '389', '398', '417', '418', '423', '451', '465', '493', '521', '528', '544', '545', '554', '567', '579', '582', '590', '601', '604', '613', '625', '627', '630', '632', '659', '660', '700', '705', '708', '717', '720', '721', '726', '728', '732', '735', '742', '759']",0.05224299989640713,0.007867499720305204,0.6744186046511628,0.6365138740419937,0.25945591462466894,0.20136158068425908,0.061609708704054356
target_survival_5y,xgboost,100,45,0,real,0a2362981ac8dcb15d5b,100,79,complete,,"['653', '176', '141', '046', '624', '743', '748', '693', '089', '279', '638', '710', '479', '088', '600', '340', '470', '128', '740', '209', '633', '452', '350', '193', '232', '460', '286', '698', '013', '454', '228', '485', '205', '616', '608', '312', '543', '575', '263', '221', '691', '271', '411', '399', '364', '555', '649', '753', '367', '441', '760', '076', '096', '276', '020', '058', '563', '111', '461', '366', '516', '098', '391', '257', '444', '234', '673', '668', '433', '482', '231', '622', '571', '369', '603', '170', '393', '729', '464', '459', '702', '001', '606', '420', '101', '309', '413', '052', '107', '507', '317', '665', '727', '515', '267', '397', '345', '415', '483', '211']","['019', '028', '029', '033', '050', '056', '059', '073', '074', '081', '086', '095', '104', '109', '121', '139', '142', '144', '154', '182', '189', '194', '201', '212', '218', '220', '246', '249', '258', '287', '290', '297', '314', '328', '333', '334', '335', '347', '348', '353', '383', '389', '398', '417', '418', '423', '451', '465', '493', '521', '528', '544', '545', '554', '567', '579', '582', '590', '601', '604', '613', '625', '627', '630', '632', '659', '660', '700', '705', '708', '717', '720', '721', '726', '728', '732', '735', '742', '759']",0.04164199996739626,0.007136334199458361,0.7280361757105943,0.6558357752214078,0.238302471666676,0.1788023655904056,0.04986379202455282
target_survival_5y,tabpfn,200,45,0,real,8c530b112409c90f228e,200,79,complete,,"['653', '176', '141', '046', '624', '743', '748', '693', '089', '279', '638', '710', '479', '088', '600', '340', '470', '128', '740', '209', '633', '452', '350', '193', '232', '460', '286', '698', '013', '454', '228', '485', '205', '616', '608', '312', '543', '575', '263', '221', '691', '271', '411', '399', '364', '555', '649', '753', '367', '441', '760', '076', '096', '276', '020', '058', '563', '111', '461', '366', '516', '098', '391', '257', '444', '234', '673', '668', '433', '482', '231', '622', '571', '369', '603', '170', '393', '729', '464', '459', '702', '001', '606', '420', '101', '309', '413', '052', '107', '507', '317', '665', '727', '515', '267', '397', '345', '415', '483', '211', '331', '222', '137', '057', '573', '126', '492', '434', '112', '694', '031', '349', '025', '711', '071', '614', '403', '014', '362', '421', '494', '103', '547', '215', '253', '043', '645', '047', '500', '133', '402', '295', '162', '509', '643', '712', '704', '293', '016', '244', '486', '501', '372', '114', '038', '527', '066', '641', '298', '689', '758', '741', '241', '436', '419', '129', '435', '611', '379', '026', '307', '214', '337', '255', '532', '475', '384', '443', '296', '284', '584', '412', '122', '680', '502', '607', '716', '751', '542', '251', '671', '075', '034', '132', '646', '136', '304', '572', '424', '560', '192', '503', '652', '722', '371', '167', '448', '322', '377', '661']","['019', '028', '029', '033', '050', '056', '059', '073', '074', '081', '086', '095', '104', '109', '121', '139', '142', '144', '154', '182', '189', '194', '201', '212', '218', '220', '246', '249', '258', '287', '290', '297', '314', '328', '333', '334', '335', '347', '348', '353', '383', '389', '398', '417', '418', '423', '451', '465', '493', '521', '528', '544', '545', '554', '567', '579', '582', '590', '601', '604', '613', '625', '627', '630', '632', '659', '660', '700', '705', '708', '717', '720', '721', '726', '728', '732', '735', '742', '759']",4.003315208014101,1.6047997921705246,0.7189922480620154,0.7728699715042149,0.20538262588397138,0.15632779632188099,5.612912083044648
target_survival_5y,lightgbm,200,45,0,real,079d0e1a788eb897e449,200,79,complete,,"['653', '176', '141', '046', '624', '743', '748', '693', '089', '279', '638', '710', '479', '088', '600', '340', '470', '128', '740', '209', '633', '452', '350', '193', '232', '460', '286', '698', '013', '454', '228', '485', '205', '616', '608', '312', '543', '575', '263', '221', '691', '271', '411', '399', '364', '555', '649', '753', '367', '441', '760', '076', '096', '276', '020', '058', '563', '111', '461', '366', '516', '098', '391', '257', '444', '234', '673', '668', '433', '482', '231', '622', '571', '369', '603', '170', '393', '729', '464', '459', '702', '001', '606', '420', '101', '309', '413', '052', '107', '507', '317', '665', '727', '515', '267', '397', '345', '415', '483', '211', '331', '222', '137', '057', '573', '126', '492', '434', '112', '694', '031', '349', '025', '711', '071', '614', '403', '014', '362', '421', '494', '103', '547', '215', '253', '043', '645', '047', '500', '133', '402', '295', '162', '509', '643', '712', '704', '293', '016', '244', '486', '501', '372', '114', '038', '527', '066', '641', '298', '689', '758', '741', '241', '436', '419', '129', '435', '611', '379', '026', '307', '214', '337', '255', '532', '475', '384', '443', '296', '284', '584', '412', '122', '680', '502', '607', '716', '751', '542', '251', '671', '075', '034', '132', '646', '136', '304', '572', '424', '560', '192', '503', '652', '722', '371', '167', '448', '322', '377', '661']","['019', '028', '029', '033', '050', '056', '059', '073', '074', '081', '086', '095', '104', '109', '121', '139', '142', '144', '154', '182', '189', '194', '201', '212', '218', '220', '246', '249', '258', '287', '290', '297', '314', '328', '333', '334', '335', '347', '348', '353', '383', '389', '398', '417', '418', '423', '451', '465', '493', '521', '528', '544', '545', '554', '567', '579', '582', '590', '601', '604', '613', '625', '627', '630', '632', '659', '660', '700', '705', '708', '717', '720', '721', '726', '728', '732', '735', '742', '759']",0.06729537528008223,0.006966166663914919,0.6854005167958656,0.6960483634626639,0.24896181619488572,0.19542978317288068,0.0754521251656115
target_survival_5y,xgboost,200,45,0,real,93adfd60195473a0c8c0,200,79,complete,,"['653', '176', '141', '046', '624', '743', '748', '693', '089', '279', '638', '710', '479', '088', '600', '340', '470', '128', '740', '209', '633', '452', '350', '193', '232', '460', '286', '698', '013', '454', '228', '485', '205', '616', '608', '312', '543', '575', '263', '221', '691', '271', '411', '399', '364', '555', '649', '753', '367', '441', '760', '076', '096', '276', '020', '058', '563', '111', '461', '366', '516', '098', '391', '257', '444', '234', '673', '668', '433', '482', '231', '622', '571', '369', '603', '170', '393', '729', '464', '459', '702', '001', '606', '420', '101', '309', '413', '052', '107', '507', '317', '665', '727', '515', '267', '397', '345', '415', '483', '211', '331', '222', '137', '057', '573', '126', '492', '434', '112', '694', '031', '349', '025', '711', '071', '614', '403', '014', '362', '421', '494', '103', '547', '215', '253', '043', '645', '047', '500', '133', '402', '295', '162', '509', '643', '712', '704', '293', '016', '244', '486', '501', '372', '114', '038', '527', '066', '641', '298', '689', '758', '741', '241', '436', '419', '129', '435', '611', '379', '026', '307', '214', '337', '255', '532', '475', '384', '443', '296', '284', '584', '412', '122', '680', '502', '607', '716', '751', '542', '251', '671', '075', '034', '132', '646', '136', '304', '572', '424', '560', '192', '503', '652', '722', '371', '167', '448', '322', '377', '661']","['019', '028', '029', '033', '050', '056', '059', '073', '074', '081', '086', '095', '104', '109', '121', '139', '142', '144', '154', '182', '189', '194', '201', '212', '218', '220', '246', '249', '258', '287', '290', '297', '314', '328', '333', '334', '335', '347', '348', '353', '383', '389', '398', '417', '418', '423', '451', '465', '493', '521', '528', '544', '545', '554', '567', '579', '582', '590', '601', '604', '613', '625', '627', '630', '632', '659', '660', '700', '705', '708', '717', '720', '721', '726', '728', '732', '735', '742', '759']",0.047117375303059816,0.006778374779969454,0.6918604651162791,0.6852199973620141,0.27932636606019345,0.262473199413382,0.054943209048360586
target_survival_5y,tabpfn,500,45,0,real,f368d1f82a5befd43841,337,79,skipped,N=500 infeasible for 337 eligible training patients and class balance,"['653', '176', '141', '046', '624', '743', '748', '693', '089', '279', '638', '710', '479', '088', '600', '340', '470', '128', '740', '209', '633', '452', '350', '193', '232', '460', '286', '698', '013', '454', '228', '485', '205', '616', '608', '312', '543', '575', '263', '221', '691', '271', '411', '399', '364', '555', '649', '753', '367', '441', '760', '076', '096', '276', '020', '058', '563', '111', '461', '366', '516', '098', '391', '257', '444', '234', '673', '668', '433', '482', '231', '622', '571', '369', '603', '170', '393', '729', '464', '459', '702', '001', '606', '420', '101', '309', '413', '052', '107', '507', '317', '665', '727', '515', '267', '397', '345', '415', '483', '211', '331', '222', '137', '057', '573', '126', '492', '434', '112', '694', '031', '349', '025', '711', '071', '614', '403', '014', '362', '421', '494', '103', '547', '215', '253', '043', '645', '047', '500', '133', '402', '295', '162', '509', '643', '712', '704', '293', '016', '244', '486', '501', '372', '114', '038', '527', '066', '641', '298', '689', '758', '741', '241', '436', '419', '129', '435', '611', '379', '026', '307', '214', '337', '255', '532', '475', '384', '443', '296', '284', '584', '412', '122', '680', '502', '607', '716', '751', '542', '251', '671', '075', '034', '132', '646', '136', '304', '572', '424', '560', '192', '503', '652', '722', '371', '167', '448', '322', '377', '661', '463', '675', '656', '654', '618', '541', '634', '672', '254', '190', '650', '282', '761', '738', '248', '381', '468', '264', '462', '229', '250', '636', '188', '165', '053', '040', '344', '342', '321', '662', '012', '022', '754', '609', '709', '427', '657', '550', '072', '061', '343', '005', '230', '752', '382', '453', '106', '301', '341', '316', '553', '140', '225', '283', '039', '628', '027', '216', '396', '437', '173', '724', '160', '294', '576', '285', '330', '599', '036', '526', '713', '440', '615', '238', '325', '179', '714', '467', '488', '292', '534', '278', '577', '045', '506', '115', '385', '102', '358', '161', '030', '667', '531', '589', '004', '552', '682', '206', '512', '410', '093', '048', '175', '510', '262', '733', '513', '125', '326', '119', '306', '631', '130', '147', '336', '127', '311', '143', '181', '138', '429', '533', '745', '067', '261', '324', '669', '623', '113', '568', '118', '018', '319', '466', '077', '199', '105']","['019', '028', '029', '033', '050', '056', '059', '073', '074', '081', '086', '095', '104', '109', '121', '139', '142', '144', '154', '182', '189', '194', '201', '212', '218', '220', '246', '249', '258', '287', '290', '297', '314', '328', '333', '334', '335', '347', '348', '353', '383', '389', '398', '417', '418', '423', '451', '465', '493', '521', '528', '544', '545', '554', '567', '579', '582', '590', '601', '604', '613', '625', '627', '630', '632', '659', '660', '700', '705', '708', '717', '720', '721', '726', '728', '732', '735', '742', '759']",,,,,,,1.25030055642128e-06
target_survival_5y,lightgbm,500,45,0,real,d19c6745ffb129b2698a,337,79,skipped,N=500 infeasible for 337 eligible training patients and class balance,"['653', '176', '141', '046', '624', '743', '748', '693', '089', '279', '638', '710', '479', '088', '600', '340', '470', '128', '740', '209', '633', '452', '350', '193', '232', '460', '286', '698', '013', '454', '228', '485', '205', '616', '608', '312', '543', '575', '263', '221', '691', '271', '411', '399', '364', '555', '649', '753', '367', '441', '760', '076', '096', '276', '020', '058', '563', '111', '461', '366', '516', '098', '391', '257', '444', '234', '673', '668', '433', '482', '231', '622', '571', '369', '603', '170', '393', '729', '464', '459', '702', '001', '606', '420', '101', '309', '413', '052', '107', '507', '317', '665', '727', '515', '267', '397', '345', '415', '483', '211', '331', '222', '137', '057', '573', '126', '492', '434', '112', '694', '031', '349', '025', '711', '071', '614', '403', '014', '362', '421', '494', '103', '547', '215', '253', '043', '645', '047', '500', '133', '402', '295', '162', '509', '643', '712', '704', '293', '016', '244', '486', '501', '372', '114', '038', '527', '066', '641', '298', '689', '758', '741', '241', '436', '419', '129', '435', '611', '379', '026', '307', '214', '337', '255', '532', '475', '384', '443', '296', '284', '584', '412', '122', '680', '502', '607', '716', '751', '542', '251', '671', '075', '034', '132', '646', '136', '304', '572', '424', '560', '192', '503', '652', '722', '371', '167', '448', '322', '377', '661', '463', '675', '656', '654', '618', '541', '634', '672', '254', '190', '650', '282', '761', '738', '248', '381', '468', '264', '462', '229', '250', '636', '188', '165', '053', '040', '344', '342', '321', '662', '012', '022', '754', '609', '709', '427', '657', '550', '072', '061', '343', '005', '230', '752', '382', '453', '106', '301', '341', '316', '553', '140', '225', '283', '039', '628', '027', '216', '396', '437', '173', '724', '160', '294', '576', '285', '330', '599', '036', '526', '713', '440', '615', '238', '325', '179', '714', '467', '488', '292', '534', '278', '577', '045', '506', '115', '385', '102', '358', '161', '030', '667', '531', '589', '004', '552', '682', '206', '512', '410', '093', '048', '175', '510', '262', '733', '513', '125', '326', '119', '306', '631', '130', '147', '336', '127', '311', '143', '181', '138', '429', '533', '745', '067', '261', '324', '669', '623', '113', '568', '118', '018', '319', '466', '077', '199', '105']","['019', '028', '029', '033', '050', '056', '059', '073', '074', '081', '086', '095', '104', '109', '121', '139', '142', '144', '154', '182', '189', '194', '201', '212', '218', '220', '246', '249', '258', '287', '290', '297', '314', '328', '333', '334', '335', '347', '348', '353', '383', '389', '398', '417', '418', '423', '451', '465', '493', '521', '528', '544', '545', '554', '567', '579', '582', '590', '601', '604', '613', '625', '627', '630', '632', '659', '660', '700', '705', '708', '717', '720', '721', '726', '728', '732', '735', '742', '759']",,,,,,,7.920898497104645e-07
target_survival_5y,xgboost,500,45,0,real,5017e6813af01d351116,337,79,skipped,N=500 infeasible for 337 eligible training patients and class balance,"['653', '176', '141', '046', '624', '743', '748', '693', '089', '279', '638', '710', '479', '088', '600', '340', '470', '128', '740', '209', '633', '452', '350', '193', '232', '460', '286', '698', '013', '454', '228', '485', '205', '616', '608', '312', '543', '575', '263', '221', '691', '271', '411', '399', '364', '555', '649', '753', '367', '441', '760', '076', '096', '276', '020', '058', '563', '111', '461', '366', '516', '098', '391', '257', '444', '234', '673', '668', '433', '482', '231', '622', '571', '369', '603', '170', '393', '729', '464', '459', '702', '001', '606', '420', '101', '309', '413', '052', '107', '507', '317', '665', '727', '515', '267', '397', '345', '415', '483', '211', '331', '222', '137', '057', '573', '126', '492', '434', '112', '694', '031', '349', '025', '711', '071', '614', '403', '014', '362', '421', '494', '103', '547', '215', '253', '043', '645', '047', '500', '133', '402', '295', '162', '509', '643', '712', '704', '293', '016', '244', '486', '501', '372', '114', '038', '527', '066', '641', '298', '689', '758', '741', '241', '436', '419', '129', '435', '611', '379', '026', '307', '214', '337', '255', '532', '475', '384', '443', '296', '284', '584', '412', '122', '680', '502', '607', '716', '751', '542', '251', '671', '075', '034', '132', '646', '136', '304', '572', '424', '560', '192', '503', '652', '722', '371', '167', '448', '322', '377', '661', '463', '675', '656', '654', '618', '541', '634', '672', '254', '190', '650', '282', '761', '738', '248', '381', '468', '264', '462', '229', '250', '636', '188', '165', '053', '040', '344', '342', '321', '662', '012', '022', '754', '609', '709', '427', '657', '550', '072', '061', '343', '005', '230', '752', '382', '453', '106', '301', '341', '316', '553', '140', '225', '283', '039', '628', '027', '216', '396', '437', '173', '724', '160', '294', '576', '285', '330', '599', '036', '526', '713', '440', '615', '238', '325', '179', '714', '467', '488', '292', '534', '278', '577', '045', '506', '115', '385', '102', '358', '161', '030', '667', '531', '589', '004', '552', '682', '206', '512', '410', '093', '048', '175', '510', '262', '733', '513', '125', '326', '119', '306', '631', '130', '147', '336', '127', '311', '143', '181', '138', '429', '533', '745', '067', '261', '324', '669', '623', '113', '568', '118', '018', '319', '466', '077', '199', '105']","['019', '028', '029', '033', '050', '056', '059', '073', '074', '081', '086', '095', '104', '109', '121', '139', '142', '144', '154', '182', '189', '194', '201', '212', '218', '220', '246', '249', '258', '287', '290', '297', '314', '328', '333', '334', '335', '347', '348', '353', '383', '389', '398', '417', '418', '423', '451', '465', '493', '521', '528', '544', '545', '554', '567', '579', '582', '590', '601', '604', '613', '625', '627', '630', '632', '659', '660', '700', '705', '708', '717', '720', '721', '726', '728', '732', '735', '742', '759']",,,,,,,7.501803338527679e-07
target_survival_5y,tabpfn,Full,45,0,real,9dc24087e812254c617b,337,79,complete,,"['653', '176', '141', '046', '624', '743', '748', '693', '089', '279', '638', '710', '479', '088', '600', '340', '470', '128', '740', '209', '633', '452', '350', '193', '232', '460', '286', '698', '013', '454', '228', '485', '205', '616', '608', '312', '543', '575', '263', '221', '691', '271', '411', '399', '364', '555', '649', '753', '367', '441', '760', '076', '096', '276', '020', '058', '563', '111', '461', '366', '516', '098', '391', '257', '444', '234', '673', '668', '433', '482', '231', '622', '571', '369', '603', '170', '393', '729', '464', '459', '702', '001', '606', '420', '101', '309', '413', '052', '107', '507', '317', '665', '727', '515', '267', '397', '345', '415', '483', '211', '331', '222', '137', '057', '573', '126', '492', '434', '112', '694', '031', '349', '025', '711', '071', '614', '403', '014', '362', '421', '494', '103', '547', '215', '253', '043', '645', '047', '500', '133', '402', '295', '162', '509', '643', '712', '704', '293', '016', '244', '486', '501', '372', '114', '038', '527', '066', '641', '298', '689', '758', '741', '241', '436', '419', '129', '435', '611', '379', '026', '307', '214', '337', '255', '532', '475', '384', '443', '296', '284', '584', '412', '122', '680', '502', '607', '716', '751', '542', '251', '671', '075', '034', '132', '646', '136', '304', '572', '424', '560', '192', '503', '652', '722', '371', '167', '448', '322', '377', '661', '463', '675', '656', '654', '618', '541', '634', '672', '254', '190', '650', '282', '761', '738', '248', '381', '468', '264', '462', '229', '250', '636', '188', '165', '053', '040', '344', '342', '321', '662', '012', '022', '754', '609', '709', '427', '657', '550', '072', '061', '343', '005', '230', '752', '382', '453', '106', '301', '341', '316', '553', '140', '225', '283', '039', '628', '027', '216', '396', '437', '173', '724', '160', '294', '576', '285', '330', '599', '036', '526', '713', '440', '615', '238', '325', '179', '714', '467', '488', '292', '534', '278', '577', '045', '506', '115', '385', '102', '358', '161', '030', '667', '531', '589', '004', '552', '682', '206', '512', '410', '093', '048', '175', '510', '262', '733', '513', '125', '326', '119', '306', '631', '130', '147', '336', '127', '311', '143', '181', '138', '429', '533', '745', '067', '261', '324', '669', '623', '113', '568', '118', '018', '319', '466', '077', '199', '105']","['019', '028', '029', '033', '050', '056', '059', '073', '074', '081', '086', '095', '104', '109', '121', '139', '142', '144', '154', '182', '189', '194', '201', '212', '218', '220', '246', '249', '258', '287', '290', '297', '314', '328', '333', '334', '335', '347', '348', '353', '383', '389', '398', '417', '418', '423', '451', '465', '493', '521', '528', '544', '545', '554', '567', '579', '582', '590', '601', '604', '613', '625', '627', '630', '632', '659', '660', '700', '705', '708', '717', '720', '721', '726', '728', '732', '735', '742', '759']",2.1852916250936687,1.6923477919772267,0.7487080103359174,0.7859078909293472,0.19393593874917167,0.10028586800717099,3.8841634592972696
target_survival_5y,lightgbm,Full,45,0,real,6c95042cf74fb228a02c,337,79,complete,,"['653', '176', '141', '046', '624', '743', '748', '693', '089', '279', '638', '710', '479', '088', '600', '340', '470', '128', '740', '209', '633', '452', '350', '193', '232', '460', '286', '698', '013', '454', '228', '485', '205', '616', '608', '312', '543', '575', '263', '221', '691', '271', '411', '399', '364', '555', '649', '753', '367', '441', '760', '076', '096', '276', '020', '058', '563', '111', '461', '366', '516', '098', '391', '257', '444', '234', '673', '668', '433', '482', '231', '622', '571', '369', '603', '170', '393', '729', '464', '459', '702', '001', '606', '420', '101', '309', '413', '052', '107', '507', '317', '665', '727', '515', '267', '397', '345', '415', '483', '211', '331', '222', '137', '057', '573', '126', '492', '434', '112', '694', '031', '349', '025', '711', '071', '614', '403', '014', '362', '421', '494', '103', '547', '215', '253', '043', '645', '047', '500', '133', '402', '295', '162', '509', '643', '712', '704', '293', '016', '244', '486', '501', '372', '114', '038', '527', '066', '641', '298', '689', '758', '741', '241', '436', '419', '129', '435', '611', '379', '026', '307', '214', '337', '255', '532', '475', '384', '443', '296', '284', '584', '412', '122', '680', '502', '607', '716', '751', '542', '251', '671', '075', '034', '132', '646', '136', '304', '572', '424', '560', '192', '503', '652', '722', '371', '167', '448', '322', '377', '661', '463', '675', '656', '654', '618', '541', '634', '672', '254', '190', '650', '282', '761', '738', '248', '381', '468', '264', '462', '229', '250', '636', '188', '165', '053', '040', '344', '342', '321', '662', '012', '022', '754', '609', '709', '427', '657', '550', '072', '061', '343', '005', '230', '752', '382', '453', '106', '301', '341', '316', '553', '140', '225', '283', '039', '628', '027', '216', '396', '437', '173', '724', '160', '294', '576', '285', '330', '599', '036', '526', '713', '440', '615', '238', '325', '179', '714', '467', '488', '292', '534', '278', '577', '045', '506', '115', '385', '102', '358', '161', '030', '667', '531', '589', '004', '552', '682', '206', '512', '410', '093', '048', '175', '510', '262', '733', '513', '125', '326', '119', '306', '631', '130', '147', '336', '127', '311', '143', '181', '138', '429', '533', '745', '067', '261', '324', '669', '623', '113', '568', '118', '018', '319', '466', '077', '199', '105']","['019', '028', '029', '033', '050', '056', '059', '073', '074', '081', '086', '095', '104', '109', '121', '139', '142', '144', '154', '182', '189', '194', '201', '212', '218', '220', '246', '249', '258', '287', '290', '297', '314', '328', '333', '334', '335', '347', '348', '353', '383', '389', '398', '417', '418', '423', '451', '465', '493', '521', '528', '544', '545', '554', '567', '579', '582', '590', '601', '604', '613', '625', '627', '630', '632', '659', '660', '700', '705', '708', '717', '720', '721', '726', '728', '732', '735', '742', '759']",0.07725545903667808,0.006182000041007996,0.7189922480620154,0.7200865944218293,0.22941006924995172,0.17845777848130392,0.08445145888254046
target_survival_5y,xgboost,Full,45,0,real,5d8fef39e4c39928387e,337,79,complete,,"['653', '176', '141', '046', '624', '743', '748', '693', '089', '279', '638', '710', '479', '088', '600', '340', '470', '128', '740', '209', '633', '452', '350', '193', '232', '460', '286', '698', '013', '454', '228', '485', '205', '616', '608', '312', '543', '575', '263', '221', '691', '271', '411', '399', '364', '555', '649', '753', '367', '441', '760', '076', '096', '276', '020', '058', '563', '111', '461', '366', '516', '098', '391', '257', '444', '234', '673', '668', '433', '482', '231', '622', '571', '369', '603', '170', '393', '729', '464', '459', '702', '001', '606', '420', '101', '309', '413', '052', '107', '507', '317', '665', '727', '515', '267', '397', '345', '415', '483', '211', '331', '222', '137', '057', '573', '126', '492', '434', '112', '694', '031', '349', '025', '711', '071', '614', '403', '014', '362', '421', '494', '103', '547', '215', '253', '043', '645', '047', '500', '133', '402', '295', '162', '509', '643', '712', '704', '293', '016', '244', '486', '501', '372', '114', '038', '527', '066', '641', '298', '689', '758', '741', '241', '436', '419', '129', '435', '611', '379', '026', '307', '214', '337', '255', '532', '475', '384', '443', '296', '284', '584', '412', '122', '680', '502', '607', '716', '751', '542', '251', '671', '075', '034', '132', '646', '136', '304', '572', '424', '560', '192', '503', '652', '722', '371', '167', '448', '322', '377', '661', '463', '675', '656', '654', '618', '541', '634', '672', '254', '190', '650', '282', '761', '738', '248', '381', '468', '264', '462', '229', '250', '636', '188', '165', '053', '040', '344', '342', '321', '662', '012', '022', '754', '609', '709', '427', '657', '550', '072', '061', '343', '005', '230', '752', '382', '453', '106', '301', '341', '316', '553', '140', '225', '283', '039', '628', '027', '216', '396', '437', '173', '724', '160', '294', '576', '285', '330', '599', '036', '526', '713', '440', '615', '238', '325', '179', '714', '467', '488', '292', '534', '278', '577', '045', '506', '115', '385', '102', '358', '161', '030', '667', '531', '589', '004', '552', '682', '206', '512', '410', '093', '048', '175', '510', '262', '733', '513', '125', '326', '119', '306', '631', '130', '147', '336', '127', '311', '143', '181', '138', '429', '533', '745', '067', '261', '324', '669', '623', '113', '568', '118', '018', '319', '466', '077', '199', '105']","['019', '028', '029', '033', '050', '056', '059', '073', '074', '081', '086', '095', '104', '109', '121', '139', '142', '144', '154', '182', '189', '194', '201', '212', '218', '220', '246', '249', '258', '287', '290', '297', '314', '328', '333', '334', '335', '347', '348', '353', '383', '389', '398', '417', '418', '423', '451', '465', '493', '521', '528', '544', '545', '554', '567', '579', '582', '590', '601', '604', '613', '625', '627', '630', '632', '659', '660', '700', '705', '708', '717', '720', '721', '726', '728', '732', '735', '742', '759']",0.058565415907651186,0.0067970422096550465,0.665374677002584,0.6499023726358641,0.2889930336494976,0.24560824098858294,0.06645183311775327
target_survival_5y,tabpfn,50,46,0,real,60b279400aa4a3e9de6f,50,79,complete,,"['128', '016', '372', '377', '127', '034', '230', '657', '231', '038', '229', '424', '129', '506', '433', '192', '248', '209', '382', '321', '510', '618', '175', '671', '072', '507', '502', '173', '133', '077', '295', '641', '577', '061', '393', '616', '486', '454', '691', '140', '058', '563', '622', '434', '441', '147', '712', '340', '599', '031']","['019', '028', '029', '033', '050', '056', '059', '073', '074', '081', '086', '095', '104', '109', '121', '139', '142', '144', '154', '182', '189', '194', '201', '212', '218', '220', '246', '249', '258', '287', '290', '297', '314', '328', '333', '334', '335', '347', '348', '353', '383', '389', '398', '417', '418', '423', '451', '465', '493', '521', '528', '544', '545', '554', '567', '579', '582', '590', '601', '604', '613', '625', '627', '630', '632', '659', '660', '700', '705', '708', '717', '720', '721', '726', '728', '732', '735', '742', '759']",2.102719083894044,1.3125601657666266,0.7118863049095608,0.6809310952174709,0.2200251992570558,0.07100823314129552,3.4200732088647783
target_survival_5y,lightgbm,50,46,0,real,89b42ad7d6a9d90ba140,50,79,complete,,"['128', '016', '372', '377', '127', '034', '230', '657', '231', '038', '229', '424', '129', '506', '433', '192', '248', '209', '382', '321', '510', '618', '175', '671', '072', '507', '502', '173', '133', '077', '295', '641', '577', '061', '393', '616', '486', '454', '691', '140', '058', '563', '622', '434', '441', '147', '712', '340', '599', '031']","['019', '028', '029', '033', '050', '056', '059', '073', '074', '081', '086', '095', '104', '109', '121', '139', '142', '144', '154', '182', '189', '194', '201', '212', '218', '220', '246', '249', '258', '287', '290', '297', '314', '328', '333', '334', '335', '347', '348', '353', '383', '389', '398', '417', '418', '423', '451', '465', '493', '521', '528', '544', '545', '554', '567', '579', '582', '590', '601', '604', '613', '625', '627', '630', '632', '659', '660', '700', '705', '708', '717', '720', '721', '726', '728', '732', '735', '742', '759']",0.044961958192288876,0.008943709079176188,0.580749354005168,0.5473837867876973,0.2687448230769605,0.1984060487046944,0.055532167199999094
target_survival_5y,xgboost,50,46,0,real,a3e2b76e916d45800256,50,79,complete,,"['128', '016', '372', '377', '127', '034', '230', '657', '231', '038', '229', '424', '129', '506', '433', '192', '248', '209', '382', '321', '510', '618', '175', '671', '072', '507', '502', '173', '133', '077', '295', '641', '577', '061', '393', '616', '486', '454', '691', '140', '058', '563', '622', '434', '441', '147', '712', '340', '599', '031']","['019', '028', '029', '033', '050', '056', '059', '073', '074', '081', '086', '095', '104', '109', '121', '139', '142', '144', '154', '182', '189', '194', '201', '212', '218', '220', '246', '249', '258', '287', '290', '297', '314', '328', '333', '334', '335', '347', '348', '353', '383', '389', '398', '417', '418', '423', '451', '465', '493', '521', '528', '544', '545', '554', '567', '579', '582', '590', '601', '604', '613', '625', '627', '630', '632', '659', '660', '700', '705', '708', '717', '720', '721', '726', '728', '732', '735', '742', '759']",0.036939541809260845,0.006296750158071518,0.5083979328165374,0.4807927244812594,0.38205154063343694,0.33759253400766964,0.04426758270710707
target_survival_5y,tabpfn,100,46,0,real,032bcc255f99077a7925,100,79,complete,,"['128', '016', '372', '377', '127', '034', '230', '657', '231', '038', '229', '424', '129', '506', '433', '192', '248', '209', '382', '321', '510', '618', '175', '671', '072', '507', '502', '173', '133', '077', '295', '641', '577', '061', '393', '616', '486', '454', '691', '140', '058', '563', '622', '434', '441', '147', '712', '340', '599', '031', '325', '254', '682', '221', '623', '460', '369', '326', '283', '702', '137', '304', '267', '341', '102', '667', '503', '312', '509', '420', '170', '282', '589', '122', '205', '263', '251', '656', '652', '216', '452', '752', '533', '698', '571', '429', '012', '071', '004', '379', '453', '483', '101', '190', '573', '552', '022', '118', '257', '089']","['019', '028', '029', '033', '050', '056', '059', '073', '074', '081', '086', '095', '104', '109', '121', '139', '142', '144', '154', '182', '189', '194', '201', '212', '218', '220', '246', '249', '258', '287', '290', '297', '314', '328', '333', '334', '335', '347', '348', '353', '383', '389', '398', '417', '418', '423', '451', '465', '493', '521', '528', '544', '545', '554', '567', '579', '582', '590', '601', '604', '613', '625', '627', '630', '632', '659', '660', '700', '705', '708', '717', '720', '721', '726', '728', '732', '735', '742', '759']",4.5097180414013565,1.6325616668909788,0.6686046511627907,0.6676516525033794,0.22834854491782472,0.14801097048234338,6.145947625394911
target_survival_5y,lightgbm,100,46,0,real,c8f50dbd2bd543db784e,100,79,complete,,"['128', '016', '372', '377', '127', '034', '230', '657', '231', '038', '229', '424', '129', '506', '433', '192', '248', '209', '382', '321', '510', '618', '175', '671', '072', '507', '502', '173', '133', '077', '295', '641', '577', '061', '393', '616', '486', '454', '691', '140', '058', '563', '622', '434', '441', '147', '712', '340', '599', '031', '325', '254', '682', '221', '623', '460', '369', '326', '283', '702', '137', '304', '267', '341', '102', '667', '503', '312', '509', '420', '170', '282', '589', '122', '205', '263', '251', '656', '652', '216', '452', '752', '533', '698', '571', '429', '012', '071', '004', '379', '453', '483', '101', '190', '573', '552', '022', '118', '257', '089']","['019', '028', '029', '033', '050', '056', '059', '073', '074', '081', '086', '095', '104', '109', '121', '139', '142', '144', '154', '182', '189', '194', '201', '212', '218', '220', '246', '249', '258', '287', '290', '297', '314', '328', '333', '334', '335', '347', '348', '353', '383', '389', '398', '417', '418', '423', '451', '465', '493', '521', '528', '544', '545', '554', '567', '579', '582', '590', '601', '604', '613', '625', '627', '630', '632', '659', '660', '700', '705', '708', '717', '720', '721', '726', '728', '732', '735', '742', '759']",0.04091320792213082,0.007950332947075367,0.6085271317829457,0.5221402303446022,0.2904771738495836,0.22312279379769862,0.05011612502858043
target_survival_5y,xgboost,100,46,0,real,0f3ac9391af078e78b8d,100,79,complete,,"['128', '016', '372', '377', '127', '034', '230', '657', '231', '038', '229', '424', '129', '506', '433', '192', '248', '209', '382', '321', '510', '618', '175', '671', '072', '507', '502', '173', '133', '077', '295', '641', '577', '061', '393', '616', '486', '454', '691', '140', '058', '563', '622', '434', '441', '147', '712', '340', '599', '031', '325', '254', '682', '221', '623', '460', '369', '326', '283', '702', '137', '304', '267', '341', '102', '667', '503', '312', '509', '420', '170', '282', '589', '122', '205', '263', '251', '656', '652', '216', '452', '752', '533', '698', '571', '429', '012', '071', '004', '379', '453', '483', '101', '190', '573', '552', '022', '118', '257', '089']","['019', '028', '029', '033', '050', '056', '059', '073', '074', '081', '086', '095', '104', '109', '121', '139', '142', '144', '154', '182', '189', '194', '201', '212', '218', '220', '246', '249', '258', '287', '290', '297', '314', '328', '333', '334', '335', '347', '348', '353', '383', '389', '398', '417', '418', '423', '451', '465', '493', '521', '528', '544', '545', '554', '567', '579', '582', '590', '601', '604', '613', '625', '627', '630', '632', '659', '660', '700', '705', '708', '717', '720', '721', '726', '728', '732', '735', '742', '759']",0.04032020829617977,0.00660979188978672,0.665374677002584,0.5707615635985743,0.2784547749211781,0.24418486088891572,0.048034750390797853
target_survival_5y,tabpfn,200,46,0,real,27bb8e6bc27296b1f837,200,79,complete,,"['128', '016', '372', '377', '127', '034', '230', '657', '231', '038', '229', '424', '129', '506', '433', '192', '248', '209', '382', '321', '510', '618', '175', '671', '072', '507', '502', '173', '133', '077', '295', '641', '577', '061', '393', '616', '486', '454', '691', '140', '058', '563', '622', '434', '441', '147', '712', '340', '599', '031', '325', '254', '682', '221', '623', '460', '369', '326', '283', '702', '137', '304', '267', '341', '102', '667', '503', '312', '509', '420', '170', '282', '589', '122', '205', '263', '251', '656', '652', '216', '452', '752', '533', '698', '571', '429', '012', '071', '004', '379', '453', '483', '101', '190', '573', '552', '022', '118', '257', '089', '615', '628', '501', '634', '709', '646', '241', '512', '568', '513', '143', '722', '112', '654', '253', '624', '228', '713', '222', '264', '419', '132', '464', '611', '662', '119', '136', '444', '716', '111', '553', '650', '358', '649', '391', '238', '724', '045', '714', '115', '411', '607', '138', '381', '030', '410', '415', '482', '048', '608', '098', '668', '653', '631', '350', '470', '704', '479', '113', '515', '286', '459', '215', '748', '309', '160', '188', '106', '710', '448', '463', '206', '488', '316', '285', '250', '675', '543', '384', '294', '672', '232', '053', '067', '001', '103', '362', '531', '088', '043', '052', '105', '036', '167', '689', '466', '758', '603', '311', '575']","['019', '028', '029', '033', '050', '056', '059', '073', '074', '081', '086', '095', '104', '109', '121', '139', '142', '144', '154', '182', '189', '194', '201', '212', '218', '220', '246', '249', '258', '287', '290', '297', '314', '328', '333', '334', '335', '347', '348', '353', '383', '389', '398', '417', '418', '423', '451', '465', '493', '521', '528', '544', '545', '554', '567', '579', '582', '590', '601', '604', '613', '625', '627', '630', '632', '659', '660', '700', '705', '708', '717', '720', '721', '726', '728', '732', '735', '742', '759']",3.9871901250444353,1.3635567920282483,0.7299741602067183,0.7078271274365503,0.20649325062777155,0.09658984198600432,5.357157667167485
target_survival_5y,lightgbm,200,46,0,real,702df22b27165c0c9739,200,79,complete,,"['128', '016', '372', '377', '127', '034', '230', '657', '231', '038', '229', '424', '129', '506', '433', '192', '248', '209', '382', '321', '510', '618', '175', '671', '072', '507', '502', '173', '133', '077', '295', '641', '577', '061', '393', '616', '486', '454', '691', '140', '058', '563', '622', '434', '441', '147', '712', '340', '599', '031', '325', '254', '682', '221', '623', '460', '369', '326', '283', '702', '137', '304', '267', '341', '102', '667', '503', '312', '509', '420', '170', '282', '589', '122', '205', '263', '251', '656', '652', '216', '452', '752', '533', '698', '571', '429', '012', '071', '004', '379', '453', '483', '101', '190', '573', '552', '022', '118', '257', '089', '615', '628', '501', '634', '709', '646', '241', '512', '568', '513', '143', '722', '112', '654', '253', '624', '228', '713', '222', '264', '419', '132', '464', '611', '662', '119', '136', '444', '716', '111', '553', '650', '358', '649', '391', '238', '724', '045', '714', '115', '411', '607', '138', '381', '030', '410', '415', '482', '048', '608', '098', '668', '653', '631', '350', '470', '704', '479', '113', '515', '286', '459', '215', '748', '309', '160', '188', '106', '710', '448', '463', '206', '488', '316', '285', '250', '675', '543', '384', '294', '672', '232', '053', '067', '001', '103', '362', '531', '088', '043', '052', '105', '036', '167', '689', '466', '758', '603', '311', '575']","['019', '028', '029', '033', '050', '056', '059', '073', '074', '081', '086', '095', '104', '109', '121', '139', '142', '144', '154', '182', '189', '194', '201', '212', '218', '220', '246', '249', '258', '287', '290', '297', '314', '328', '333', '334', '335', '347', '348', '353', '383', '389', '398', '417', '418', '423', '451', '465', '493', '521', '528', '544', '545', '554', '567', '579', '582', '590', '601', '604', '613', '625', '627', '630', '632', '659', '660', '700', '705', '708', '717', '720', '721', '726', '728', '732', '735', '742', '759']",0.05857308302074671,0.007248458918184042,0.6957364341085273,0.6405195409741113,0.2414618631517422,0.17662413545058564,0.06712904199957848
target_survival_5y,xgboost,200,46,0,real,450f7cf5f110861f69b4,200,79,complete,,"['128', '016', '372', '377', '127', '034', '230', '657', '231', '038', '229', '424', '129', '506', '433', '192', '248', '209', '382', '321', '510', '618', '175', '671', '072', '507', '502', '173', '133', '077', '295', '641', '577', '061', '393', '616', '486', '454', '691', '140', '058', '563', '622', '434', '441', '147', '712', '340', '599', '031', '325', '254', '682', '221', '623', '460', '369', '326', '283', '702', '137', '304', '267', '341', '102', '667', '503', '312', '509', '420', '170', '282', '589', '122', '205', '263', '251', '656', '652', '216', '452', '752', '533', '698', '571', '429', '012', '071', '004', '379', '453', '483', '101', '190', '573', '552', '022', '118', '257', '089', '615', '628', '501', '634', '709', '646', '241', '512', '568', '513', '143', '722', '112', '654', '253', '624', '228', '713', '222', '264', '419', '132', '464', '611', '662', '119', '136', '444', '716', '111', '553', '650', '358', '649', '391', '238', '724', '045', '714', '115', '411', '607', '138', '381', '030', '410', '415', '482', '048', '608', '098', '668', '653', '631', '350', '470', '704', '479', '113', '515', '286', '459', '215', '748', '309', '160', '188', '106', '710', '448', '463', '206', '488', '316', '285', '250', '675', '543', '384', '294', '672', '232', '053', '067', '001', '103', '362', '531', '088', '043', '052', '105', '036', '167', '689', '466', '758', '603', '311', '575']","['019', '028', '029', '033', '050', '056', '059', '073', '074', '081', '086', '095', '104', '109', '121', '139', '142', '144', '154', '182', '189', '194', '201', '212', '218', '220', '246', '249', '258', '287', '290', '297', '314', '328', '333', '334', '335', '347', '348', '353', '383', '389', '398', '417', '418', '423', '451', '465', '493', '521', '528', '544', '545', '554', '567', '579', '582', '590', '601', '604', '613', '625', '627', '630', '632', '659', '660', '700', '705', '708', '717', '720', '721', '726', '728', '732', '735', '742', '759']",0.051857125014066696,0.007440667133778334,0.6815245478036176,0.616059754158685,0.2591497591750715,0.20089240730673816,0.0604333751834929
target_survival_5y,tabpfn,500,46,0,real,ee57d94325875686c19d,337,79,skipped,N=500 infeasible for 337 eligible training patients and class balance,"['128', '016', '372', '377', '127', '034', '230', '657', '231', '038', '229', '424', '129', '506', '433', '192', '248', '209', '382', '321', '510', '618', '175', '671', '072', '507', '502', '173', '133', '077', '295', '641', '577', '061', '393', '616', '486', '454', '691', '140', '058', '563', '622', '434', '441', '147', '712', '340', '599', '031', '325', '254', '682', '221', '623', '460', '369', '326', '283', '702', '137', '304', '267', '341', '102', '667', '503', '312', '509', '420', '170', '282', '589', '122', '205', '263', '251', '656', '652', '216', '452', '752', '533', '698', '571', '429', '012', '071', '004', '379', '453', '483', '101', '190', '573', '552', '022', '118', '257', '089', '615', '628', '501', '634', '709', '646', '241', '512', '568', '513', '143', '722', '112', '654', '253', '624', '228', '713', '222', '264', '419', '132', '464', '611', '662', '119', '136', '444', '716', '111', '553', '650', '358', '649', '391', '238', '724', '045', '714', '115', '411', '607', '138', '381', '030', '410', '415', '482', '048', '608', '098', '668', '653', '631', '350', '470', '704', '479', '113', '515', '286', '459', '215', '748', '309', '160', '188', '106', '710', '448', '463', '206', '488', '316', '285', '250', '675', '543', '384', '294', '672', '232', '053', '067', '001', '103', '362', '531', '088', '043', '052', '105', '036', '167', '689', '466', '758', '603', '311', '575', '741', '284', '576', '468', '396', '436', '018', '643', '162', '673', '255', '026', '278', '075', '344', '399', '279', '542', '179', '494', '211', '547', '292', '337', '467', '760', '485', '440', '614', '301', '412', '027', '753', '271', '193', '317', '475', '385', '345', '606', '733', '366', '694', '371', '761', '402', '306', '176', '047', '555', '534', '125', '296', '107', '199', '126', '532', '435', '572', '114', '336', '096', '261', '262', '161', '130', '541', '331', '141', '234', '492', '013', '307', '319', '437', '751', '214', '462', '364', '754', '609', '727', '427', '500', '342', '711', '046', '738', '367', '645', '244', '298', '322', '040', '443', '600', '225', '076', '550', '014', '397', '039', '293', '324', '413', '020', '421', '005', '526', '661', '638', '181', '025', '680', '276', '165', '740', '669', '633', '665', '057', '729', '745', '066', '343', '349', '093', '636', '584', '461', '330', '560', '693', '403', '527', '516', '743']","['019', '028', '029', '033', '050', '056', '059', '073', '074', '081', '086', '095', '104', '109', '121', '139', '142', '144', '154', '182', '189', '194', '201', '212', '218', '220', '246', '249', '258', '287', '290', '297', '314', '328', '333', '334', '335', '347', '348', '353', '383', '389', '398', '417', '418', '423', '451', '465', '493', '521', '528', '544', '545', '554', '567', '579', '582', '590', '601', '604', '613', '625', '627', '630', '632', '659', '660', '700', '705', '708', '717', '720', '721', '726', '728', '732', '735', '742', '759']",,,,,,,1.5003606677055359e-06
target_survival_5y,lightgbm,500,46,0,real,5b98f39d211a320c1055,337,79,skipped,N=500 infeasible for 337 eligible training patients and class balance,"['128', '016', '372', '377', '127', '034', '230', '657', '231', '038', '229', '424', '129', '506', '433', '192', '248', '209', '382', '321', '510', '618', '175', '671', '072', '507', '502', '173', '133', '077', '295', '641', '577', '061', '393', '616', '486', '454', '691', '140', '058', '563', '622', '434', '441', '147', '712', '340', '599', '031', '325', '254', '682', '221', '623', '460', '369', '326', '283', '702', '137', '304', '267', '341', '102', '667', '503', '312', '509', '420', '170', '282', '589', '122', '205', '263', '251', '656', '652', '216', '452', '752', '533', '698', '571', '429', '012', '071', '004', '379', '453', '483', '101', '190', '573', '552', '022', '118', '257', '089', '615', '628', '501', '634', '709', '646', '241', '512', '568', '513', '143', '722', '112', '654', '253', '624', '228', '713', '222', '264', '419', '132', '464', '611', '662', '119', '136', '444', '716', '111', '553', '650', '358', '649', '391', '238', '724', '045', '714', '115', '411', '607', '138', '381', '030', '410', '415', '482', '048', '608', '098', '668', '653', '631', '350', '470', '704', '479', '113', '515', '286', '459', '215', '748', '309', '160', '188', '106', '710', '448', '463', '206', '488', '316', '285', '250', '675', '543', '384', '294', '672', '232', '053', '067', '001', '103', '362', '531', '088', '043', '052', '105', '036', '167', '689', '466', '758', '603', '311', '575', '741', '284', '576', '468', '396', '436', '018', '643', '162', '673', '255', '026', '278', '075', '344', '399', '279', '542', '179', '494', '211', '547', '292', '337', '467', '760', '485', '440', '614', '301', '412', '027', '753', '271', '193', '317', '475', '385', '345', '606', '733', '366', '694', '371', '761', '402', '306', '176', '047', '555', '534', '125', '296', '107', '199', '126', '532', '435', '572', '114', '336', '096', '261', '262', '161', '130', '541', '331', '141', '234', '492', '013', '307', '319', '437', '751', '214', '462', '364', '754', '609', '727', '427', '500', '342', '711', '046', '738', '367', '645', '244', '298', '322', '040', '443', '600', '225', '076', '550', '014', '397', '039', '293', '324', '413', '020', '421', '005', '526', '661', '638', '181', '025', '680', '276', '165', '740', '669', '633', '665', '057', '729', '745', '066', '343', '349', '093', '636', '584', '461', '330', '560', '693', '403', '527', '516', '743']","['019', '028', '029', '033', '050', '056', '059', '073', '074', '081', '086', '095', '104', '109', '121', '139', '142', '144', '154', '182', '189', '194', '201', '212', '218', '220', '246', '249', '258', '287', '290', '297', '314', '328', '333', '334', '335', '347', '348', '353', '383', '389', '398', '417', '418', '423', '451', '465', '493', '521', '528', '544', '545', '554', '567', '579', '582', '590', '601', '604', '613', '625', '627', '630', '632', '659', '660', '700', '705', '708', '717', '720', '721', '726', '728', '732', '735', '742', '759']",,,,,,,9.583309292793274e-07
target_survival_5y,xgboost,500,46,0,real,720594622919278a4b0f,337,79,skipped,N=500 infeasible for 337 eligible training patients and class balance,"['128', '016', '372', '377', '127', '034', '230', '657', '231', '038', '229', '424', '129', '506', '433', '192', '248', '209', '382', '321', '510', '618', '175', '671', '072', '507', '502', '173', '133', '077', '295', '641', '577', '061', '393', '616', '486', '454', '691', '140', '058', '563', '622', '434', '441', '147', '712', '340', '599', '031', '325', '254', '682', '221', '623', '460', '369', '326', '283', '702', '137', '304', '267', '341', '102', '667', '503', '312', '509', '420', '170', '282', '589', '122', '205', '263', '251', '656', '652', '216', '452', '752', '533', '698', '571', '429', '012', '071', '004', '379', '453', '483', '101', '190', '573', '552', '022', '118', '257', '089', '615', '628', '501', '634', '709', '646', '241', '512', '568', '513', '143', '722', '112', '654', '253', '624', '228', '713', '222', '264', '419', '132', '464', '611', '662', '119', '136', '444', '716', '111', '553', '650', '358', '649', '391', '238', '724', '045', '714', '115', '411', '607', '138', '381', '030', '410', '415', '482', '048', '608', '098', '668', '653', '631', '350', '470', '704', '479', '113', '515', '286', '459', '215', '748', '309', '160', '188', '106', '710', '448', '463', '206', '488', '316', '285', '250', '675', '543', '384', '294', '672', '232', '053', '067', '001', '103', '362', '531', '088', '043', '052', '105', '036', '167', '689', '466', '758', '603', '311', '575', '741', '284', '576', '468', '396', '436', '018', '643', '162', '673', '255', '026', '278', '075', '344', '399', '279', '542', '179', '494', '211', '547', '292', '337', '467', '760', '485', '440', '614', '301', '412', '027', '753', '271', '193', '317', '475', '385', '345', '606', '733', '366', '694', '371', '761', '402', '306', '176', '047', '555', '534', '125', '296', '107', '199', '126', '532', '435', '572', '114', '336', '096', '261', '262', '161', '130', '541', '331', '141', '234', '492', '013', '307', '319', '437', '751', '214', '462', '364', '754', '609', '727', '427', '500', '342', '711', '046', '738', '367', '645', '244', '298', '322', '040', '443', '600', '225', '076', '550', '014', '397', '039', '293', '324', '413', '020', '421', '005', '526', '661', '638', '181', '025', '680', '276', '165', '740', '669', '633', '665', '057', '729', '745', '066', '343', '349', '093', '636', '584', '461', '330', '560', '693', '403', '527', '516', '743']","['019', '028', '029', '033', '050', '056', '059', '073', '074', '081', '086', '095', '104', '109', '121', '139', '142', '144', '154', '182', '189', '194', '201', '212', '218', '220', '246', '249', '258', '287', '290', '297', '314', '328', '333', '334', '335', '347', '348', '353', '383', '389', '398', '417', '418', '423', '451', '465', '493', '521', '528', '544', '545', '554', '567', '579', '582', '590', '601', '604', '613', '625', '627', '630', '632', '659', '660', '700', '705', '708', '717', '720', '721', '726', '728', '732', '735', '742', '759']",,,,,,,7.920898497104645e-07
target_survival_5y,tabpfn,Full,46,0,real,ef1f43d51d67d01576cc,337,79,complete,,"['128', '016', '372', '377', '127', '034', '230', '657', '231', '038', '229', '424', '129', '506', '433', '192', '248', '209', '382', '321', '510', '618', '175', '671', '072', '507', '502', '173', '133', '077', '295', '641', '577', '061', '393', '616', '486', '454', '691', '140', '058', '563', '622', '434', '441', '147', '712', '340', '599', '031', '325', '254', '682', '221', '623', '460', '369', '326', '283', '702', '137', '304', '267', '341', '102', '667', '503', '312', '509', '420', '170', '282', '589', '122', '205', '263', '251', '656', '652', '216', '452', '752', '533', '698', '571', '429', '012', '071', '004', '379', '453', '483', '101', '190', '573', '552', '022', '118', '257', '089', '615', '628', '501', '634', '709', '646', '241', '512', '568', '513', '143', '722', '112', '654', '253', '624', '228', '713', '222', '264', '419', '132', '464', '611', '662', '119', '136', '444', '716', '111', '553', '650', '358', '649', '391', '238', '724', '045', '714', '115', '411', '607', '138', '381', '030', '410', '415', '482', '048', '608', '098', '668', '653', '631', '350', '470', '704', '479', '113', '515', '286', '459', '215', '748', '309', '160', '188', '106', '710', '448', '463', '206', '488', '316', '285', '250', '675', '543', '384', '294', '672', '232', '053', '067', '001', '103', '362', '531', '088', '043', '052', '105', '036', '167', '689', '466', '758', '603', '311', '575', '741', '284', '576', '468', '396', '436', '018', '643', '162', '673', '255', '026', '278', '075', '344', '399', '279', '542', '179', '494', '211', '547', '292', '337', '467', '760', '485', '440', '614', '301', '412', '027', '753', '271', '193', '317', '475', '385', '345', '606', '733', '366', '694', '371', '761', '402', '306', '176', '047', '555', '534', '125', '296', '107', '199', '126', '532', '435', '572', '114', '336', '096', '261', '262', '161', '130', '541', '331', '141', '234', '492', '013', '307', '319', '437', '751', '214', '462', '364', '754', '609', '727', '427', '500', '342', '711', '046', '738', '367', '645', '244', '298', '322', '040', '443', '600', '225', '076', '550', '014', '397', '039', '293', '324', '413', '020', '421', '005', '526', '661', '638', '181', '025', '680', '276', '165', '740', '669', '633', '665', '057', '729', '745', '066', '343', '349', '093', '636', '584', '461', '330', '560', '693', '403', '527', '516', '743']","['019', '028', '029', '033', '050', '056', '059', '073', '074', '081', '086', '095', '104', '109', '121', '139', '142', '144', '154', '182', '189', '194', '201', '212', '218', '220', '246', '249', '258', '287', '290', '297', '314', '328', '333', '334', '335', '347', '348', '353', '383', '389', '398', '417', '418', '423', '451', '465', '493', '521', '528', '544', '545', '554', '567', '579', '582', '590', '601', '604', '613', '625', '627', '630', '632', '659', '660', '700', '705', '708', '717', '720', '721', '726', '728', '732', '735', '742', '759']",3.9445482501760125,1.4618604579009116,0.7435400516795866,0.7810392344563178,0.195736145281317,0.08583301815051068,5.412057416047901
target_survival_5y,lightgbm,Full,46,0,real,e917e3d1af1d1ec03532,337,79,complete,,"['128', '016', '372', '377', '127', '034', '230', '657', '231', '038', '229', '424', '129', '506', '433', '192', '248', '209', '382', '321', '510', '618', '175', '671', '072', '507', '502', '173', '133', '077', '295', '641', '577', '061', '393', '616', '486', '454', '691', '140', '058', '563', '622', '434', '441', '147', '712', '340', '599', '031', '325', '254', '682', '221', '623', '460', '369', '326', '283', '702', '137', '304', '267', '341', '102', '667', '503', '312', '509', '420', '170', '282', '589', '122', '205', '263', '251', '656', '652', '216', '452', '752', '533', '698', '571', '429', '012', '071', '004', '379', '453', '483', '101', '190', '573', '552', '022', '118', '257', '089', '615', '628', '501', '634', '709', '646', '241', '512', '568', '513', '143', '722', '112', '654', '253', '624', '228', '713', '222', '264', '419', '132', '464', '611', '662', '119', '136', '444', '716', '111', '553', '650', '358', '649', '391', '238', '724', '045', '714', '115', '411', '607', '138', '381', '030', '410', '415', '482', '048', '608', '098', '668', '653', '631', '350', '470', '704', '479', '113', '515', '286', '459', '215', '748', '309', '160', '188', '106', '710', '448', '463', '206', '488', '316', '285', '250', '675', '543', '384', '294', '672', '232', '053', '067', '001', '103', '362', '531', '088', '043', '052', '105', '036', '167', '689', '466', '758', '603', '311', '575', '741', '284', '576', '468', '396', '436', '018', '643', '162', '673', '255', '026', '278', '075', '344', '399', '279', '542', '179', '494', '211', '547', '292', '337', '467', '760', '485', '440', '614', '301', '412', '027', '753', '271', '193', '317', '475', '385', '345', '606', '733', '366', '694', '371', '761', '402', '306', '176', '047', '555', '534', '125', '296', '107', '199', '126', '532', '435', '572', '114', '336', '096', '261', '262', '161', '130', '541', '331', '141', '234', '492', '013', '307', '319', '437', '751', '214', '462', '364', '754', '609', '727', '427', '500', '342', '711', '046', '738', '367', '645', '244', '298', '322', '040', '443', '600', '225', '076', '550', '014', '397', '039', '293', '324', '413', '020', '421', '005', '526', '661', '638', '181', '025', '680', '276', '165', '740', '669', '633', '665', '057', '729', '745', '066', '343', '349', '093', '636', '584', '461', '330', '560', '693', '403', '527', '516', '743']","['019', '028', '029', '033', '050', '056', '059', '073', '074', '081', '086', '095', '104', '109', '121', '139', '142', '144', '154', '182', '189', '194', '201', '212', '218', '220', '246', '249', '258', '287', '290', '297', '314', '328', '333', '334', '335', '347', '348', '353', '383', '389', '398', '417', '418', '423', '451', '465', '493', '521', '528', '544', '545', '554', '567', '579', '582', '590', '601', '604', '613', '625', '627', '630', '632', '659', '660', '700', '705', '708', '717', '720', '721', '726', '728', '732', '735', '742', '759']",0.07292649988085032,0.00672199996188283,0.7189922480620154,0.7200865944218293,0.22941006924995172,0.17845777848130392,0.08078408287838101
target_survival_5y,xgboost,Full,46,0,real,431459796a76b7e966ba,337,79,complete,,"['128', '016', '372', '377', '127', '034', '230', '657', '231', '038', '229', '424', '129', '506', '433', '192', '248', '209', '382', '321', '510', '618', '175', '671', '072', '507', '502', '173', '133', '077', '295', '641', '577', '061', '393', '616', '486', '454', '691', '140', '058', '563', '622', '434', '441', '147', '712', '340', '599', '031', '325', '254', '682', '221', '623', '460', '369', '326', '283', '702', '137', '304', '267', '341', '102', '667', '503', '312', '509', '420', '170', '282', '589', '122', '205', '263', '251', '656', '652', '216', '452', '752', '533', '698', '571', '429', '012', '071', '004', '379', '453', '483', '101', '190', '573', '552', '022', '118', '257', '089', '615', '628', '501', '634', '709', '646', '241', '512', '568', '513', '143', '722', '112', '654', '253', '624', '228', '713', '222', '264', '419', '132', '464', '611', '662', '119', '136', '444', '716', '111', '553', '650', '358', '649', '391', '238', '724', '045', '714', '115', '411', '607', '138', '381', '030', '410', '415', '482', '048', '608', '098', '668', '653', '631', '350', '470', '704', '479', '113', '515', '286', '459', '215', '748', '309', '160', '188', '106', '710', '448', '463', '206', '488', '316', '285', '250', '675', '543', '384', '294', '672', '232', '053', '067', '001', '103', '362', '531', '088', '043', '052', '105', '036', '167', '689', '466', '758', '603', '311', '575', '741', '284', '576', '468', '396', '436', '018', '643', '162', '673', '255', '026', '278', '075', '344', '399', '279', '542', '179', '494', '211', '547', '292', '337', '467', '760', '485', '440', '614', '301', '412', '027', '753', '271', '193', '317', '475', '385', '345', '606', '733', '366', '694', '371', '761', '402', '306', '176', '047', '555', '534', '125', '296', '107', '199', '126', '532', '435', '572', '114', '336', '096', '261', '262', '161', '130', '541', '331', '141', '234', '492', '013', '307', '319', '437', '751', '214', '462', '364', '754', '609', '727', '427', '500', '342', '711', '046', '738', '367', '645', '244', '298', '322', '040', '443', '600', '225', '076', '550', '014', '397', '039', '293', '324', '413', '020', '421', '005', '526', '661', '638', '181', '025', '680', '276', '165', '740', '669', '633', '665', '057', '729', '745', '066', '343', '349', '093', '636', '584', '461', '330', '560', '693', '403', '527', '516', '743']","['019', '028', '029', '033', '050', '056', '059', '073', '074', '081', '086', '095', '104', '109', '121', '139', '142', '144', '154', '182', '189', '194', '201', '212', '218', '220', '246', '249', '258', '287', '290', '297', '314', '328', '333', '334', '335', '347', '348', '353', '383', '389', '398', '417', '418', '423', '451', '465', '493', '521', '528', '544', '545', '554', '567', '579', '582', '590', '601', '604', '613', '625', '627', '630', '632', '659', '660', '700', '705', '708', '717', '720', '721', '726', '728', '732', '735', '742', '759']",0.059957082848995924,0.007050709333270788,0.665374677002584,0.6499023726358641,0.2889930336494976,0.24560824098858294,0.06814420782029629
target_recurrence,tabpfn,50,42,0,real,ca0d755b30a10ed8c190,50,152,complete,,"['313', '600', '694', '517', '677', '739', '588', '001', '534', '363', '439', '488', '320', '380', '753', '671', '076', '281', '643', '734', '696', '273', '610', '701', '426', '450', '651', '404', '298', '209', '505', '478', '133', '237', '259', '593', '301', '084', '274', '414', '537', '748', '087', '692', '055', '541', '125', '366', '509', '573']","['006', '019', '021', '024', '028', '029', '033', '050', '051', '056', '059', '062', '064', '065', '069', '073', '074', '081', '083', '086', '090', '095', '104', '109', '116', '121', '124', '131', '135', '139', '142', '144', '146', '148', '153', '154', '158', '166', '169', '172', '177', '182', '183', '189', '194', '197', '201', '212', '213', '218', '220', '240', '243', '245', '246', '249', '258', '280', '287', '290', '291', '297', '303', '308', '314', '328', '333', '334', '335', '347', '348', '353', '356', '360', '373', '374', '383', '389', '398', '400', '408', '417', '418', '423', '430', '445', '447', '449', '451', '455', '458', '465', '484', '487', '493', '495', '498', '504', '521', '522', '528', '536', '539', '544', '545', '548', '549', '554', '556', '559', '561', '565', '566', '567', '570', '579', '582', '590', '601', '604', '612', '613', '625', '627', '630', '632', '637', '659', '660', '670', '674', '678', '679', '688', '700', '705', '708', '715', '717', '720', '721', '725', '726', '728', '732', '735', '736', '742', '744', '756', '757', '759']",3.9529748749919236,1.3556388327851892,0.6903735632183908,0.5600485817827685,0.15489331133491244,0.0852070744394472,5.313709832727909
target_recurrence,lightgbm,50,42,0,real,e6f68d70b66839dd188a,50,152,complete,,"['313', '600', '694', '517', '677', '739', '588', '001', '534', '363', '439', '488', '320', '380', '753', '671', '076', '281', '643', '734', '696', '273', '610', '701', '426', '450', '651', '404', '298', '209', '505', '478', '133', '237', '259', '593', '301', '084', '274', '414', '537', '748', '087', '692', '055', '541', '125', '366', '509', '573']","['006', '019', '021', '024', '028', '029', '033', '050', '051', '056', '059', '062', '064', '065', '069', '073', '074', '081', '083', '086', '090', '095', '104', '109', '116', '121', '124', '131', '135', '139', '142', '144', '146', '148', '153', '154', '158', '166', '169', '172', '177', '182', '183', '189', '194', '197', '201', '212', '213', '218', '220', '240', '243', '245', '246', '249', '258', '280', '287', '290', '291', '297', '303', '308', '314', '328', '333', '334', '335', '347', '348', '353', '356', '360', '373', '374', '383', '389', '398', '400', '408', '417', '418', '423', '430', '445', '447', '449', '451', '455', '458', '465', '484', '487', '493', '495', '498', '504', '521', '522', '528', '536', '539', '544', '545', '548', '549', '554', '556', '559', '561', '565', '566', '567', '570', '579', '582', '590', '601', '604', '612', '613', '625', '627', '630', '632', '637', '659', '660', '670', '674', '678', '679', '688', '700', '705', '708', '715', '717', '720', '721', '725', '726', '728', '732', '735', '736', '742', '744', '756', '757', '759']",0.03762329230085015,0.008645290974527597,0.47892720306513414,0.26388426538619136,0.2533864045609052,0.21597416076048143,0.04769841721281409
target_recurrence,xgboost,50,42,0,real,0ae9b0faec29e85080a1,50,152,complete,,"['313', '600', '694', '517', '677', '739', '588', '001', '534', '363', '439', '488', '320', '380', '753', '671', '076', '281', '643', '734', '696', '273', '610', '701', '426', '450', '651', '404', '298', '209', '505', '478', '133', '237', '259', '593', '301', '084', '274', '414', '537', '748', '087', '692', '055', '541', '125', '366', '509', '573']","['006', '019', '021', '024', '028', '029', '033', '050', '051', '056', '059', '062', '064', '065', '069', '073', '074', '081', '083', '086', '090', '095', '104', '109', '116', '121', '124', '131', '135', '139', '142', '144', '146', '148', '153', '154', '158', '166', '169', '172', '177', '182', '183', '189', '194', '197', '201', '212', '213', '218', '220', '240', '243', '245', '246', '249', '258', '280', '287', '290', '291', '297', '303', '308', '314', '328', '333', '334', '335', '347', '348', '353', '356', '360', '373', '374', '383', '389', '398', '400', '408', '417', '418', '423', '430', '445', '447', '449', '451', '455', '458', '465', '484', '487', '493', '495', '498', '504', '521', '522', '528', '536', '539', '544', '545', '548', '549', '554', '556', '559', '561', '565', '566', '567', '570', '579', '582', '590', '601', '604', '612', '613', '625', '627', '630', '632', '637', '659', '660', '670', '674', '678', '679', '688', '700', '705', '708', '715', '717', '720', '721', '725', '726', '728', '732', '735', '736', '742', '744', '756', '757', '759']",0.03398987464606762,0.0070612081326544285,0.5778256704980843,0.34066994930528743,0.23801123902598423,0.20682941313287684,0.04213899979367852
target_recurrence,tabpfn,100,42,0,real,1e5a2d0722bf29ed866e,100,152,complete,,"['313', '600', '694', '517', '677', '739', '588', '001', '534', '363', '439', '488', '320', '380', '753', '671', '076', '281', '643', '734', '696', '273', '610', '701', '426', '450', '651', '404', '298', '209', '505', '478', '133', '237', '259', '593', '301', '084', '274', '414', '537', '748', '087', '692', '055', '541', '125', '366', '509', '573', '409', '587', '035', '195', '099', '256', '448', '228', '049', '091', '160', '173', '368', '676', '187', '752', '666', '727', '552', '098', '365', '039', '420', '474', '364', '002', '640', '480', '543', '292', '266', '126', '200', '122', '316', '755', '652', '155', '506', '227', '655', '247', '311', '017', '075', '130', '397', '317', '282', '386']","['006', '019', '021', '024', '028', '029', '033', '050', '051', '056', '059', '062', '064', '065', '069', '073', '074', '081', '083', '086', '090', '095', '104', '109', '116', '121', '124', '131', '135', '139', '142', '144', '146', '148', '153', '154', '158', '166', '169', '172', '177', '182', '183', '189', '194', '197', '201', '212', '213', '218', '220', '240', '243', '245', '246', '249', '258', '280', '287', '290', '291', '297', '303', '308', '314', '328', '333', '334', '335', '347', '348', '353', '356', '360', '373', '374', '383', '389', '398', '400', '408', '417', '418', '423', '430', '445', '447', '449', '451', '455', '458', '465', '484', '487', '493', '495', '498', '504', '521', '522', '528', '536', '539', '544', '545', '548', '549', '554', '556', '559', '561', '565', '566', '567', '570', '579', '582', '590', '601', '604', '612', '613', '625', '627', '630', '632', '637', '659', '660', '670', '674', '678', '679', '688', '700', '705', '708', '715', '717', '720', '721', '725', '726', '728', '732', '735', '736', '742', '744', '756', '757', '759']",4.040940791834146,1.6110928333364427,0.6760057471264368,0.5524283428262541,0.14908046284171728,0.06937098606048446,5.657830083742738
target_recurrence,lightgbm,100,42,0,real,c070dd62d45c54746882,100,152,complete,,"['313', '600', '694', '517', '677', '739', '588', '001', '534', '363', '439', '488', '320', '380', '753', '671', '076', '281', '643', '734', '696', '273', '610', '701', '426', '450', '651', '404', '298', '209', '505', '478', '133', '237', '259', '593', '301', '084', '274', '414', '537', '748', '087', '692', '055', '541', '125', '366', '509', '573', '409', '587', '035', '195', '099', '256', '448', '228', '049', '091', '160', '173', '368', '676', '187', '752', '666', '727', '552', '098', '365', '039', '420', '474', '364', '002', '640', '480', '543', '292', '266', '126', '200', '122', '316', '755', '652', '155', '506', '227', '655', '247', '311', '017', '075', '130', '397', '317', '282', '386']","['006', '019', '021', '024', '028', '029', '033', '050', '051', '056', '059', '062', '064', '065', '069', '073', '074', '081', '083', '086', '090', '095', '104', '109', '116', '121', '124', '131', '135', '139', '142', '144', '146', '148', '153', '154', '158', '166', '169', '172', '177', '182', '183', '189', '194', '197', '201', '212', '213', '218', '220', '240', '243', '245', '246', '249', '258', '280', '287', '290', '291', '297', '303', '308', '314', '328', '333', '334', '335', '347', '348', '353', '356', '360', '373', '374', '383', '389', '398', '400', '408', '417', '418', '423', '430', '445', '447', '449', '451', '455', '458', '465', '484', '487', '493', '495', '498', '504', '521', '522', '528', '536', '539', '544', '545', '548', '549', '554', '556', '559', '561', '565', '566', '567', '570', '579', '582', '590', '601', '604', '612', '613', '625', '627', '630', '632', '637', '659', '660', '670', '674', '678', '679', '688', '700', '705', '708', '715', '717', '720', '721', '725', '726', '728', '732', '735', '736', '742', '744', '756', '757', '759']",0.04873562464490533,0.007840792182832956,0.5802203065134101,0.28800953592030953,0.21646297082752872,0.17900158779266404,0.057989791966974735
target_recurrence,xgboost,100,42,0,real,f9708189d514f817f698,100,152,complete,,"['313', '600', '694', '517', '677', '739', '588', '001', '534', '363', '439', '488', '320', '380', '753', '671', '076', '281', '643', '734', '696', '273', '610', '701', '426', '450', '651', '404', '298', '209', '505', '478', '133', '237', '259', '593', '301', '084', '274', '414', '537', '748', '087', '692', '055', '541', '125', '366', '509', '573', '409', '587', '035', '195', '099', '256', '448', '228', '049', '091', '160', '173', '368', '676', '187', '752', '666', '727', '552', '098', '365', '039', '420', '474', '364', '002', '640', '480', '543', '292', '266', '126', '200', '122', '316', '755', '652', '155', '506', '227', '655', '247', '311', '017', '075', '130', '397', '317', '282', '386']","['006', '019', '021', '024', '028', '029', '033', '050', '051', '056', '059', '062', '064', '065', '069', '073', '074', '081', '083', '086', '090', '095', '104', '109', '116', '121', '124', '131', '135', '139', '142', '144', '146', '148', '153', '154', '158', '166', '169', '172', '177', '182', '183', '189', '194', '197', '201', '212', '213', '218', '220', '240', '243', '245', '246', '249', '258', '280', '287', '290', '291', '297', '303', '308', '314', '328', '333', '334', '335', '347', '348', '353', '356', '360', '373', '374', '383', '389', '398', '400', '408', '417', '418', '423', '430', '445', '447', '449', '451', '455', '458', '465', '484', '487', '493', '495', '498', '504', '521', '522', '528', '536', '539', '544', '545', '548', '549', '554', '556', '559', '561', '565', '566', '567', '570', '579', '582', '590', '601', '604', '612', '613', '625', '627', '630', '632', '637', '659', '660', '670', '674', '678', '679', '688', '700', '705', '708', '715', '717', '720', '721', '725', '726', '728', '732', '735', '736', '742', '744', '756', '757', '759']",0.038646708242595196,0.007003834005445242,0.623323754789272,0.3520220356062093,0.21523181423362633,0.1743746241870548,0.046781166922301054
target_recurrence,tabpfn,200,42,0,real,43b2fb3215db54cf1b1d,200,152,complete,,"['313', '600', '694', '517', '677', '739', '588', '001', '534', '363', '439', '488', '320', '380', '753', '671', '076', '281', '643', '734', '696', '273', '610', '701', '426', '450', '651', '404', '298', '209', '505', '478', '133', '237', '259', '593', '301', '084', '274', '414', '537', '748', '087', '692', '055', '541', '125', '366', '509', '573', '409', '587', '035', '195', '099', '256', '448', '228', '049', '091', '160', '173', '368', '676', '187', '752', '666', '727', '552', '098', '365', '039', '420', '474', '364', '002', '640', '480', '543', '292', '266', '126', '200', '122', '316', '755', '652', '155', '506', '227', '655', '247', '311', '017', '075', '130', '397', '317', '282', '386', '045', '294', '254', '004', '371', '318', '633', '336', '500', '094', '016', '115', '346', '546', '324', '411', '663', '372', '410', '703', '469', '310', '533', '477', '279', '362', '082', '176', '669', '698', '542', '223', '502', '444', '388', '077', '680', '589', '344', '675', '171', '758', '738', '514', '619', '170', '221', '161', '499', '391', '339', '265', '527', '607', '369', '394', '106', '234', '616', '422', '456', '741', '381', '208', '233', '508', '702', '230', '352', '564', '014', '325', '712', '210', '319', '520', '585', '463', '650', '602', '129', '136', '235', '330', '349', '575', '358', '605', '128', '390', '525', '523', '211', '473', '654', '550', '387', '071', '642', '042']","['006', '019', '021', '024', '028', '029', '033', '050', '051', '056', '059', '062', '064', '065', '069', '073', '074', '081', '083', '086', '090', '095', '104', '109', '116', '121', '124', '131', '135', '139', '142', '144', '146', '148', '153', '154', '158', '166', '169', '172', '177', '182', '183', '189', '194', '197', '201', '212', '213', '218', '220', '240', '243', '245', '246', '249', '258', '280', '287', '290', '291', '297', '303', '308', '314', '328', '333', '334', '335', '347', '348', '353', '356', '360', '373', '374', '383', '389', '398', '400', '408', '417', '418', '423', '430', '445', '447', '449', '451', '455', '458', '465', '484', '487', '493', '495', '498', '504', '521', '522', '528', '536', '539', '544', '545', '548', '549', '554', '556', '559', '561', '565', '566', '567', '570', '579', '582', '590', '601', '604', '612', '613', '625', '627', '630', '632', '637', '659', '660', '670', '674', '678', '679', '688', '700', '705', '708', '715', '717', '720', '721', '725', '726', '728', '732', '735', '736', '742', '744', '756', '757', '759']",2.112640333827585,1.458199083339423,0.6843869731800767,0.575557651164306,0.13738397610901854,0.04342174265337619,3.5769380419515073
target_recurrence,lightgbm,200,42,0,real,02df808d12b0ef04981e,200,152,complete,,"['313', '600', '694', '517', '677', '739', '588', '001', '534', '363', '439', '488', '320', '380', '753', '671', '076', '281', '643', '734', '696', '273', '610', '701', '426', '450', '651', '404', '298', '209', '505', '478', '133', '237', '259', '593', '301', '084', '274', '414', '537', '748', '087', '692', '055', '541', '125', '366', '509', '573', '409', '587', '035', '195', '099', '256', '448', '228', '049', '091', '160', '173', '368', '676', '187', '752', '666', '727', '552', '098', '365', '039', '420', '474', '364', '002', '640', '480', '543', '292', '266', '126', '200', '122', '316', '755', '652', '155', '506', '227', '655', '247', '311', '017', '075', '130', '397', '317', '282', '386', '045', '294', '254', '004', '371', '318', '633', '336', '500', '094', '016', '115', '346', '546', '324', '411', '663', '372', '410', '703', '469', '310', '533', '477', '279', '362', '082', '176', '669', '698', '542', '223', '502', '444', '388', '077', '680', '589', '344', '675', '171', '758', '738', '514', '619', '170', '221', '161', '499', '391', '339', '265', '527', '607', '369', '394', '106', '234', '616', '422', '456', '741', '381', '208', '233', '508', '702', '230', '352', '564', '014', '325', '712', '210', '319', '520', '585', '463', '650', '602', '129', '136', '235', '330', '349', '575', '358', '605', '128', '390', '525', '523', '211', '473', '654', '550', '387', '071', '642', '042']","['006', '019', '021', '024', '028', '029', '033', '050', '051', '056', '059', '062', '064', '065', '069', '073', '074', '081', '083', '086', '090', '095', '104', '109', '116', '121', '124', '131', '135', '139', '142', '144', '146', '148', '153', '154', '158', '166', '169', '172', '177', '182', '183', '189', '194', '197', '201', '212', '213', '218', '220', '240', '243', '245', '246', '249', '258', '280', '287', '290', '291', '297', '303', '308', '314', '328', '333', '334', '335', '347', '348', '353', '356', '360', '373', '374', '383', '389', '398', '400', '408', '417', '418', '423', '430', '445', '447', '449', '451', '455', '458', '465', '484', '487', '493', '495', '498', '504', '521', '522', '528', '536', '539', '544', '545', '548', '549', '554', '556', '559', '561', '565', '566', '567', '570', '579', '582', '590', '601', '604', '612', '613', '625', '627', '630', '632', '637', '659', '660', '670', '674', '678', '679', '688', '700', '705', '708', '715', '717', '720', '721', '725', '726', '728', '732', '735', '736', '742', '744', '756', '757', '759']",0.06157283438369632,0.007158374879509211,0.5284961685823755,0.2615265760681874,0.21169634098543524,0.17306354467433158,0.07003495935350657
target_recurrence,xgboost,200,42,0,real,1ed56f0fcfac4d50c4d5,200,152,complete,,"['313', '600', '694', '517', '677', '739', '588', '001', '534', '363', '439', '488', '320', '380', '753', '671', '076', '281', '643', '734', '696', '273', '610', '701', '426', '450', '651', '404', '298', '209', '505', '478', '133', '237', '259', '593', '301', '084', '274', '414', '537', '748', '087', '692', '055', '541', '125', '366', '509', '573', '409', '587', '035', '195', '099', '256', '448', '228', '049', '091', '160', '173', '368', '676', '187', '752', '666', '727', '552', '098', '365', '039', '420', '474', '364', '002', '640', '480', '543', '292', '266', '126', '200', '122', '316', '755', '652', '155', '506', '227', '655', '247', '311', '017', '075', '130', '397', '317', '282', '386', '045', '294', '254', '004', '371', '318', '633', '336', '500', '094', '016', '115', '346', '546', '324', '411', '663', '372', '410', '703', '469', '310', '533', '477', '279', '362', '082', '176', '669', '698', '542', '223', '502', '444', '388', '077', '680', '589', '344', '675', '171', '758', '738', '514', '619', '170', '221', '161', '499', '391', '339', '265', '527', '607', '369', '394', '106', '234', '616', '422', '456', '741', '381', '208', '233', '508', '702', '230', '352', '564', '014', '325', '712', '210', '319', '520', '585', '463', '650', '602', '129', '136', '235', '330', '349', '575', '358', '605', '128', '390', '525', '523', '211', '473', '654', '550', '387', '071', '642', '042']","['006', '019', '021', '024', '028', '029', '033', '050', '051', '056', '059', '062', '064', '065', '069', '073', '074', '081', '083', '086', '090', '095', '104', '109', '116', '121', '124', '131', '135', '139', '142', '144', '146', '148', '153', '154', '158', '166', '169', '172', '177', '182', '183', '189', '194', '197', '201', '212', '213', '218', '220', '240', '243', '245', '246', '249', '258', '280', '287', '290', '291', '297', '303', '308', '314', '328', '333', '334', '335', '347', '348', '353', '356', '360', '373', '374', '383', '389', '398', '400', '408', '417', '418', '423', '430', '445', '447', '449', '451', '455', '458', '465', '484', '487', '493', '495', '498', '504', '521', '522', '528', '536', '539', '544', '545', '548', '549', '554', '556', '559', '561', '565', '566', '567', '570', '579', '582', '590', '601', '604', '612', '613', '625', '627', '630', '632', '637', '659', '660', '670', '674', '678', '679', '688', '700', '705', '708', '715', '717', '720', '721', '725', '726', '728', '732', '735', '736', '742', '744', '756', '757', '759']",0.04865658329799771,0.008782582823187113,0.6271551724137931,0.41208922568378514,0.18986990658320452,0.148050240367363,0.05872304132208228
target_recurrence,tabpfn,500,42,0,real,2d6ebf45be9665abbfab,500,152,complete,,"['313', '600', '694', '517', '677', '739', '588', '001', '534', '363', '439', '488', '320', '380', '753', '671', '076', '281', '643', '734', '696', '273', '610', '701', '426', '450', '651', '404', '298', '209', '505', '478', '133', '237', '259', '593', '301', '084', '274', '414', '537', '748', '087', '692', '055', '541', '125', '366', '509', '573', '409', '587', '035', '195', '099', '256', '448', '228', '049', '091', '160', '173', '368', '676', '187', '752', '666', '727', '552', '098', '365', '039', '420', '474', '364', '002', '640', '480', '543', '292', '266', '126', '200', '122', '316', '755', '652', '155', '506', '227', '655', '247', '311', '017', '075', '130', '397', '317', '282', '386', '045', '294', '254', '004', '371', '318', '633', '336', '500', '094', '016', '115', '346', '546', '324', '411', '663', '372', '410', '703', '469', '310', '533', '477', '279', '362', '082', '176', '669', '698', '542', '223', '502', '444', '388', '077', '680', '589', '344', '675', '171', '758', '738', '514', '619', '170', '221', '161', '499', '391', '339', '265', '527', '607', '369', '394', '106', '234', '616', '422', '456', '741', '381', '208', '233', '508', '702', '230', '352', '564', '014', '325', '712', '210', '319', '520', '585', '463', '650', '602', '129', '136', '235', '330', '349', '575', '358', '605', '128', '390', '525', '523', '211', '473', '654', '550', '387', '071', '642', '042', '576', '326', '379', '452', '540', '526', '707', '111', '457', '092', '645', '399', '034', '251', '761', '710', '271', '269', '436', '357', '097', '608', '117', '005', '392', '007', '682', '464', '687', '599', '626', '591', '503', '529', '577', '192', '629', '428', '203', '462', '337', '078', '293', '204', '332', '229', '467', '046', '571', '253', '100', '624', '754', '300', '482', '513', '267', '263', '524', '615', '226', '443', '424', '560', '063', '618', '143', '048', '140', '395', '434', '157', '193', '231', '309', '713', '568', '574', '214', '432', '743', '023', '377', '555', '110', '174', '132', '557', '036', '315', '609', '481', '538', '052', '011', '746', '385', '745', '413', '044', '147', '437', '649', '716', '401', '691', '376', '724', '446', '421', '367', '597', '067', '603', '015', '241', '706', '276', '530', '578', '164', '119', '731', '558', '275', '406', '215', '693', '255', '296', '145', '704', '407', '516', '684', '709', '232', '113', '402', '686', '466', '581', '088', '483', '729', '260', '656', '342', '510', '665', '673', '244', '763', '415', '151', '718', '699', '152', '283', '412', '405', '179', '668', '494', '664', '460', '238', '138', '562', '690', '384', '393', '341', '061', '261', '733', '425', '535', '438', '714', '250', '343', '323', '219', '490', '268', '184', '553', '032', '236', '022', '634', '295', '321', '628', '647', '747', '108', '018', '595', '681', '096', '638', '644', '008', '653', '150', '079', '149', '302', '396', '512', '054', '089', '239', '205', '196', '361', '012', '207', '127', '485', '278', '489', '085', '620', '304', '047', '661', '329', '168', '264', '641', '751', '037', '102', '345', '657', '416', '617', '762', '532', '066', '569', '551', '285', '025', '286', '188', '563', '584', '350', '507', '009', '134', '598', '623', '370', '596', '518', '441', '648', '123', '689', '186', '614', '262', '531', '199', '476', '662', '163', '141', '312', '740', '431', '749', '322', '719', '137', '351', '225', '180', '586', '515', '606', '440', '631', '547', '683', '284', '622', '107', '711', '159', '114', '040', '672', '112', '611']","['006', '019', '021', '024', '028', '029', '033', '050', '051', '056', '059', '062', '064', '065', '069', '073', '074', '081', '083', '086', '090', '095', '104', '109', '116', '121', '124', '131', '135', '139', '142', '144', '146', '148', '153', '154', '158', '166', '169', '172', '177', '182', '183', '189', '194', '197', '201', '212', '213', '218', '220', '240', '243', '245', '246', '249', '258', '280', '287', '290', '291', '297', '303', '308', '314', '328', '333', '334', '335', '347', '348', '353', '356', '360', '373', '374', '383', '389', '398', '400', '408', '417', '418', '423', '430', '445', '447', '449', '451', '455', '458', '465', '484', '487', '493', '495', '498', '504', '521', '522', '528', '536', '539', '544', '545', '548', '549', '554', '556', '559', '561', '565', '566', '567', '570', '579', '582', '590', '601', '604', '612', '613', '625', '627', '630', '632', '637', '659', '660', '670', '674', '678', '679', '688', '700', '705', '708', '715', '717', '720', '721', '725', '726', '728', '732', '735', '736', '742', '744', '756', '757', '759']",4.2745255418121815,1.3878083750605583,0.6961206896551724,0.568463905645926,0.13771138303567862,0.04028864018619061,5.667835500091314
target_recurrence,lightgbm,500,42,0,real,bd39cad940b3808677ef,500,152,complete,,"['313', '600', '694', '517', '677', '739', '588', '001', '534', '363', '439', '488', '320', '380', '753', '671', '076', '281', '643', '734', '696', '273', '610', '701', '426', '450', '651', '404', '298', '209', '505', '478', '133', '237', '259', '593', '301', '084', '274', '414', '537', '748', '087', '692', '055', '541', '125', '366', '509', '573', '409', '587', '035', '195', '099', '256', '448', '228', '049', '091', '160', '173', '368', '676', '187', '752', '666', '727', '552', '098', '365', '039', '420', '474', '364', '002', '640', '480', '543', '292', '266', '126', '200', '122', '316', '755', '652', '155', '506', '227', '655', '247', '311', '017', '075', '130', '397', '317', '282', '386', '045', '294', '254', '004', '371', '318', '633', '336', '500', '094', '016', '115', '346', '546', '324', '411', '663', '372', '410', '703', '469', '310', '533', '477', '279', '362', '082', '176', '669', '698', '542', '223', '502', '444', '388', '077', '680', '589', '344', '675', '171', '758', '738', '514', '619', '170', '221', '161', '499', '391', '339', '265', '527', '607', '369', '394', '106', '234', '616', '422', '456', '741', '381', '208', '233', '508', '702', '230', '352', '564', '014', '325', '712', '210', '319', '520', '585', '463', '650', '602', '129', '136', '235', '330', '349', '575', '358', '605', '128', '390', '525', '523', '211', '473', '654', '550', '387', '071', '642', '042', '576', '326', '379', '452', '540', '526', '707', '111', '457', '092', '645', '399', '034', '251', '761', '710', '271', '269', '436', '357', '097', '608', '117', '005', '392', '007', '682', '464', '687', '599', '626', '591', '503', '529', '577', '192', '629', '428', '203', '462', '337', '078', '293', '204', '332', '229', '467', '046', '571', '253', '100', '624', '754', '300', '482', '513', '267', '263', '524', '615', '226', '443', '424', '560', '063', '618', '143', '048', '140', '395', '434', '157', '193', '231', '309', '713', '568', '574', '214', '432', '743', '023', '377', '555', '110', '174', '132', '557', '036', '315', '609', '481', '538', '052', '011', '746', '385', '745', '413', '044', '147', '437', '649', '716', '401', '691', '376', '724', '446', '421', '367', '597', '067', '603', '015', '241', '706', '276', '530', '578', '164', '119', '731', '558', '275', '406', '215', '693', '255', '296', '145', '704', '407', '516', '684', '709', '232', '113', '402', '686', '466', '581', '088', '483', '729', '260', '656', '342', '510', '665', '673', '244', '763', '415', '151', '718', '699', '152', '283', '412', '405', '179', '668', '494', '664', '460', '238', '138', '562', '690', '384', '393', '341', '061', '261', '733', '425', '535', '438', '714', '250', '343', '323', '219', '490', '268', '184', '553', '032', '236', '022', '634', '295', '321', '628', '647', '747', '108', '018', '595', '681', '096', '638', '644', '008', '653', '150', '079', '149', '302', '396', '512', '054', '089', '239', '205', '196', '361', '012', '207', '127', '485', '278', '489', '085', '620', '304', '047', '661', '329', '168', '264', '641', '751', '037', '102', '345', '657', '416', '617', '762', '532', '066', '569', '551', '285', '025', '286', '188', '563', '584', '350', '507', '009', '134', '598', '623', '370', '596', '518', '441', '648', '123', '689', '186', '614', '262', '531', '199', '476', '662', '163', '141', '312', '740', '431', '749', '322', '719', '137', '351', '225', '180', '586', '515', '606', '440', '631', '547', '683', '284', '622', '107', '711', '159', '114', '040', '672', '112', '611']","['006', '019', '021', '024', '028', '029', '033', '050', '051', '056', '059', '062', '064', '065', '069', '073', '074', '081', '083', '086', '090', '095', '104', '109', '116', '121', '124', '131', '135', '139', '142', '144', '146', '148', '153', '154', '158', '166', '169', '172', '177', '182', '183', '189', '194', '197', '201', '212', '213', '218', '220', '240', '243', '245', '246', '249', '258', '280', '287', '290', '291', '297', '303', '308', '314', '328', '333', '334', '335', '347', '348', '353', '356', '360', '373', '374', '383', '389', '398', '400', '408', '417', '418', '423', '430', '445', '447', '449', '451', '455', '458', '465', '484', '487', '493', '495', '498', '504', '521', '522', '528', '536', '539', '544', '545', '548', '549', '554', '556', '559', '561', '565', '566', '567', '570', '579', '582', '590', '601', '604', '612', '613', '625', '627', '630', '632', '637', '659', '660', '670', '674', '678', '679', '688', '700', '705', '708', '715', '717', '720', '721', '725', '726', '728', '732', '735', '736', '742', '744', '756', '757', '759']",0.09071850031614304,0.0067857918329536915,0.6300287356321839,0.5729956680911015,0.15091496339042418,0.1337894607700822,0.09856845904141665
target_recurrence,xgboost,500,42,0,real,85147197bbe78c911b7e,500,152,complete,,"['313', '600', '694', '517', '677', '739', '588', '001', '534', '363', '439', '488', '320', '380', '753', '671', '076', '281', '643', '734', '696', '273', '610', '701', '426', '450', '651', '404', '298', '209', '505', '478', '133', '237', '259', '593', '301', '084', '274', '414', '537', '748', '087', '692', '055', '541', '125', '366', '509', '573', '409', '587', '035', '195', '099', '256', '448', '228', '049', '091', '160', '173', '368', '676', '187', '752', '666', '727', '552', '098', '365', '039', '420', '474', '364', '002', '640', '480', '543', '292', '266', '126', '200', '122', '316', '755', '652', '155', '506', '227', '655', '247', '311', '017', '075', '130', '397', '317', '282', '386', '045', '294', '254', '004', '371', '318', '633', '336', '500', '094', '016', '115', '346', '546', '324', '411', '663', '372', '410', '703', '469', '310', '533', '477', '279', '362', '082', '176', '669', '698', '542', '223', '502', '444', '388', '077', '680', '589', '344', '675', '171', '758', '738', '514', '619', '170', '221', '161', '499', '391', '339', '265', '527', '607', '369', '394', '106', '234', '616', '422', '456', '741', '381', '208', '233', '508', '702', '230', '352', '564', '014', '325', '712', '210', '319', '520', '585', '463', '650', '602', '129', '136', '235', '330', '349', '575', '358', '605', '128', '390', '525', '523', '211', '473', '654', '550', '387', '071', '642', '042', '576', '326', '379', '452', '540', '526', '707', '111', '457', '092', '645', '399', '034', '251', '761', '710', '271', '269', '436', '357', '097', '608', '117', '005', '392', '007', '682', '464', '687', '599', '626', '591', '503', '529', '577', '192', '629', '428', '203', '462', '337', '078', '293', '204', '332', '229', '467', '046', '571', '253', '100', '624', '754', '300', '482', '513', '267', '263', '524', '615', '226', '443', '424', '560', '063', '618', '143', '048', '140', '395', '434', '157', '193', '231', '309', '713', '568', '574', '214', '432', '743', '023', '377', '555', '110', '174', '132', '557', '036', '315', '609', '481', '538', '052', '011', '746', '385', '745', '413', '044', '147', '437', '649', '716', '401', '691', '376', '724', '446', '421', '367', '597', '067', '603', '015', '241', '706', '276', '530', '578', '164', '119', '731', '558', '275', '406', '215', '693', '255', '296', '145', '704', '407', '516', '684', '709', '232', '113', '402', '686', '466', '581', '088', '483', '729', '260', '656', '342', '510', '665', '673', '244', '763', '415', '151', '718', '699', '152', '283', '412', '405', '179', '668', '494', '664', '460', '238', '138', '562', '690', '384', '393', '341', '061', '261', '733', '425', '535', '438', '714', '250', '343', '323', '219', '490', '268', '184', '553', '032', '236', '022', '634', '295', '321', '628', '647', '747', '108', '018', '595', '681', '096', '638', '644', '008', '653', '150', '079', '149', '302', '396', '512', '054', '089', '239', '205', '196', '361', '012', '207', '127', '485', '278', '489', '085', '620', '304', '047', '661', '329', '168', '264', '641', '751', '037', '102', '345', '657', '416', '617', '762', '532', '066', '569', '551', '285', '025', '286', '188', '563', '584', '350', '507', '009', '134', '598', '623', '370', '596', '518', '441', '648', '123', '689', '186', '614', '262', '531', '199', '476', '662', '163', '141', '312', '740', '431', '749', '322', '719', '137', '351', '225', '180', '586', '515', '606', '440', '631', '547', '683', '284', '622', '107', '711', '159', '114', '040', '672', '112', '611']","['006', '019', '021', '024', '028', '029', '033', '050', '051', '056', '059', '062', '064', '065', '069', '073', '074', '081', '083', '086', '090', '095', '104', '109', '116', '121', '124', '131', '135', '139', '142', '144', '146', '148', '153', '154', '158', '166', '169', '172', '177', '182', '183', '189', '194', '197', '201', '212', '213', '218', '220', '240', '243', '245', '246', '249', '258', '280', '287', '290', '291', '297', '303', '308', '314', '328', '333', '334', '335', '347', '348', '353', '356', '360', '373', '374', '383', '389', '398', '400', '408', '417', '418', '423', '430', '445', '447', '449', '451', '455', '458', '465', '484', '487', '493', '495', '498', '504', '521', '522', '528', '536', '539', '544', '545', '548', '549', '554', '556', '559', '561', '565', '566', '567', '570', '579', '582', '590', '601', '604', '612', '613', '625', '627', '630', '632', '637', '659', '660', '670', '674', '678', '679', '688', '700', '705', '708', '715', '717', '720', '721', '725', '726', '728', '732', '735', '736', '742', '744', '756', '757', '759']",0.06415762472897768,0.007089999970048666,0.6932471264367818,0.553927210994781,0.15651892849578597,0.1445959580159979,0.07228941563516855
target_recurrence,tabpfn,Full,42,0,real,167a83d4496242b80d3d,611,152,complete,,"['313', '600', '694', '517', '677', '739', '588', '001', '534', '363', '439', '488', '320', '380', '753', '671', '076', '281', '643', '734', '696', '273', '610', '701', '426', '450', '651', '404', '298', '209', '505', '478', '133', '237', '259', '593', '301', '084', '274', '414', '537', '748', '087', '692', '055', '541', '125', '366', '509', '573', '409', '587', '035', '195', '099', '256', '448', '228', '049', '091', '160', '173', '368', '676', '187', '752', '666', '727', '552', '098', '365', '039', '420', '474', '364', '002', '640', '480', '543', '292', '266', '126', '200', '122', '316', '755', '652', '155', '506', '227', '655', '247', '311', '017', '075', '130', '397', '317', '282', '386', '045', '294', '254', '004', '371', '318', '633', '336', '500', '094', '016', '115', '346', '546', '324', '411', '663', '372', '410', '703', '469', '310', '533', '477', '279', '362', '082', '176', '669', '698', '542', '223', '502', '444', '388', '077', '680', '589', '344', '675', '171', '758', '738', '514', '619', '170', '221', '161', '499', '391', '339', '265', '527', '607', '369', '394', '106', '234', '616', '422', '456', '741', '381', '208', '233', '508', '702', '230', '352', '564', '014', '325', '712', '210', '319', '520', '585', '463', '650', '602', '129', '136', '235', '330', '349', '575', '358', '605', '128', '390', '525', '523', '211', '473', '654', '550', '387', '071', '642', '042', '576', '326', '379', '452', '540', '526', '707', '111', '457', '092', '645', '399', '034', '251', '761', '710', '271', '269', '436', '357', '097', '608', '117', '005', '392', '007', '682', '464', '687', '599', '626', '591', '503', '529', '577', '192', '629', '428', '203', '462', '337', '078', '293', '204', '332', '229', '467', '046', '571', '253', '100', '624', '754', '300', '482', '513', '267', '263', '524', '615', '226', '443', '424', '560', '063', '618', '143', '048', '140', '395', '434', '157', '193', '231', '309', '713', '568', '574', '214', '432', '743', '023', '377', '555', '110', '174', '132', '557', '036', '315', '609', '481', '538', '052', '011', '746', '385', '745', '413', '044', '147', '437', '649', '716', '401', '691', '376', '724', '446', '421', '367', '597', '067', '603', '015', '241', '706', '276', '530', '578', '164', '119', '731', '558', '275', '406', '215', '693', '255', '296', '145', '704', '407', '516', '684', '709', '232', '113', '402', '686', '466', '581', '088', '483', '729', '260', '656', '342', '510', '665', '673', '244', '763', '415', '151', '718', '699', '152', '283', '412', '405', '179', '668', '494', '664', '460', '238', '138', '562', '690', '384', '393', '341', '061', '261', '733', '425', '535', '438', '714', '250', '343', '323', '219', '490', '268', '184', '553', '032', '236', '022', '634', '295', '321', '628', '647', '747', '108', '018', '595', '681', '096', '638', '644', '008', '653', '150', '079', '149', '302', '396', '512', '054', '089', '239', '205', '196', '361', '012', '207', '127', '485', '278', '489', '085', '620', '304', '047', '661', '329', '168', '264', '641', '751', '037', '102', '345', '657', '416', '617', '762', '532', '066', '569', '551', '285', '025', '286', '188', '563', '584', '350', '507', '009', '134', '598', '623', '370', '596', '518', '441', '648', '123', '689', '186', '614', '262', '531', '199', '476', '662', '163', '141', '312', '740', '431', '749', '322', '719', '137', '351', '225', '180', '586', '515', '606', '440', '631', '547', '683', '284', '622', '107', '711', '159', '114', '040', '672', '112', '611', '433', '202', '272', '355', '470', '737', '191', '118', '592', '165', '020', '190', '646', '429', '242', '103', '354', '101', '003', '070', '198', '031', '760', '257', '472', '486', '305', '120', '491', '471', '621', '327', '511', '053', '206', '461', '658', '167', '459', '181', '419', '639', '338', '382', '072', '697', '248', '497', '722', '093', '442', '041', '340', '667', '427', '027', '105', '496', '175', '217', '288', '306', '454', '030', '475', '583', '378', '178', '685', '359', '307', '057', '453', '492', '635', '058', '519', '277', '331', '080', '010', '162', '043', '270', '222', '730', '068', '013', '580', '038', '435', '289', '252', '501', '479', '403', '185', '375', '636', '695', '468', '026', '224', '299', '572', '060', '156', '723', '594', '750', '216']","['006', '019', '021', '024', '028', '029', '033', '050', '051', '056', '059', '062', '064', '065', '069', '073', '074', '081', '083', '086', '090', '095', '104', '109', '116', '121', '124', '131', '135', '139', '142', '144', '146', '148', '153', '154', '158', '166', '169', '172', '177', '182', '183', '189', '194', '197', '201', '212', '213', '218', '220', '240', '243', '245', '246', '249', '258', '280', '287', '290', '291', '297', '303', '308', '314', '328', '333', '334', '335', '347', '348', '353', '356', '360', '373', '374', '383', '389', '398', '400', '408', '417', '418', '423', '430', '445', '447', '449', '451', '455', '458', '465', '484', '487', '493', '495', '498', '504', '521', '522', '528', '536', '539', '544', '545', '548', '549', '554', '556', '559', '561', '565', '566', '567', '570', '579', '582', '590', '601', '604', '612', '613', '625', '627', '630', '632', '637', '659', '660', '670', '674', '678', '679', '688', '700', '705', '708', '715', '717', '720', '721', '725', '726', '728', '732', '735', '736', '742', '744', '756', '757', '759']",4.13880870770663,1.4536121673882008,0.7198275862068966,0.5754558605130339,0.13570582739362502,0.04696399179336271,5.597562457900494
target_recurrence,lightgbm,Full,42,0,real,910419bf88a1f6b2cf38,611,152,complete,,"['313', '600', '694', '517', '677', '739', '588', '001', '534', '363', '439', '488', '320', '380', '753', '671', '076', '281', '643', '734', '696', '273', '610', '701', '426', '450', '651', '404', '298', '209', '505', '478', '133', '237', '259', '593', '301', '084', '274', '414', '537', '748', '087', '692', '055', '541', '125', '366', '509', '573', '409', '587', '035', '195', '099', '256', '448', '228', '049', '091', '160', '173', '368', '676', '187', '752', '666', '727', '552', '098', '365', '039', '420', '474', '364', '002', '640', '480', '543', '292', '266', '126', '200', '122', '316', '755', '652', '155', '506', '227', '655', '247', '311', '017', '075', '130', '397', '317', '282', '386', '045', '294', '254', '004', '371', '318', '633', '336', '500', '094', '016', '115', '346', '546', '324', '411', '663', '372', '410', '703', '469', '310', '533', '477', '279', '362', '082', '176', '669', '698', '542', '223', '502', '444', '388', '077', '680', '589', '344', '675', '171', '758', '738', '514', '619', '170', '221', '161', '499', '391', '339', '265', '527', '607', '369', '394', '106', '234', '616', '422', '456', '741', '381', '208', '233', '508', '702', '230', '352', '564', '014', '325', '712', '210', '319', '520', '585', '463', '650', '602', '129', '136', '235', '330', '349', '575', '358', '605', '128', '390', '525', '523', '211', '473', '654', '550', '387', '071', '642', '042', '576', '326', '379', '452', '540', '526', '707', '111', '457', '092', '645', '399', '034', '251', '761', '710', '271', '269', '436', '357', '097', '608', '117', '005', '392', '007', '682', '464', '687', '599', '626', '591', '503', '529', '577', '192', '629', '428', '203', '462', '337', '078', '293', '204', '332', '229', '467', '046', '571', '253', '100', '624', '754', '300', '482', '513', '267', '263', '524', '615', '226', '443', '424', '560', '063', '618', '143', '048', '140', '395', '434', '157', '193', '231', '309', '713', '568', '574', '214', '432', '743', '023', '377', '555', '110', '174', '132', '557', '036', '315', '609', '481', '538', '052', '011', '746', '385', '745', '413', '044', '147', '437', '649', '716', '401', '691', '376', '724', '446', '421', '367', '597', '067', '603', '015', '241', '706', '276', '530', '578', '164', '119', '731', '558', '275', '406', '215', '693', '255', '296', '145', '704', '407', '516', '684', '709', '232', '113', '402', '686', '466', '581', '088', '483', '729', '260', '656', '342', '510', '665', '673', '244', '763', '415', '151', '718', '699', '152', '283', '412', '405', '179', '668', '494', '664', '460', '238', '138', '562', '690', '384', '393', '341', '061', '261', '733', '425', '535', '438', '714', '250', '343', '323', '219', '490', '268', '184', '553', '032', '236', '022', '634', '295', '321', '628', '647', '747', '108', '018', '595', '681', '096', '638', '644', '008', '653', '150', '079', '149', '302', '396', '512', '054', '089', '239', '205', '196', '361', '012', '207', '127', '485', '278', '489', '085', '620', '304', '047', '661', '329', '168', '264', '641', '751', '037', '102', '345', '657', '416', '617', '762', '532', '066', '569', '551', '285', '025', '286', '188', '563', '584', '350', '507', '009', '134', '598', '623', '370', '596', '518', '441', '648', '123', '689', '186', '614', '262', '531', '199', '476', '662', '163', '141', '312', '740', '431', '749', '322', '719', '137', '351', '225', '180', '586', '515', '606', '440', '631', '547', '683', '284', '622', '107', '711', '159', '114', '040', '672', '112', '611', '433', '202', '272', '355', '470', '737', '191', '118', '592', '165', '020', '190', '646', '429', '242', '103', '354', '101', '003', '070', '198', '031', '760', '257', '472', '486', '305', '120', '491', '471', '621', '327', '511', '053', '206', '461', '658', '167', '459', '181', '419', '639', '338', '382', '072', '697', '248', '497', '722', '093', '442', '041', '340', '667', '427', '027', '105', '496', '175', '217', '288', '306', '454', '030', '475', '583', '378', '178', '685', '359', '307', '057', '453', '492', '635', '058', '519', '277', '331', '080', '010', '162', '043', '270', '222', '730', '068', '013', '580', '038', '435', '289', '252', '501', '479', '403', '185', '375', '636', '695', '468', '026', '224', '299', '572', '060', '156', '723', '594', '750', '216']","['006', '019', '021', '024', '028', '029', '033', '050', '051', '056', '059', '062', '064', '065', '069', '073', '074', '081', '083', '086', '090', '095', '104', '109', '116', '121', '124', '131', '135', '139', '142', '144', '146', '148', '153', '154', '158', '166', '169', '172', '177', '182', '183', '189', '194', '197', '201', '212', '213', '218', '220', '240', '243', '245', '246', '249', '258', '280', '287', '290', '291', '297', '303', '308', '314', '328', '333', '334', '335', '347', '348', '353', '356', '360', '373', '374', '383', '389', '398', '400', '408', '417', '418', '423', '430', '445', '447', '449', '451', '455', '458', '465', '484', '487', '493', '495', '498', '504', '521', '522', '528', '536', '539', '544', '545', '548', '549', '554', '556', '559', '561', '565', '566', '567', '570', '579', '582', '590', '601', '604', '612', '613', '625', '627', '630', '632', '637', '659', '660', '670', '674', '678', '679', '688', '700', '705', '708', '715', '717', '720', '721', '725', '726', '728', '732', '735', '736', '742', '744', '756', '757', '759']",0.11185641679912806,0.006488374900072813,0.701388888888889,0.6209628566684843,0.13707319491955244,0.12518963945677508,0.1195208327844739
target_recurrence,xgboost,Full,42,0,real,7fe33c2bbb266066de40,611,152,complete,,"['313', '600', '694', '517', '677', '739', '588', '001', '534', '363', '439', '488', '320', '380', '753', '671', '076', '281', '643', '734', '696', '273', '610', '701', '426', '450', '651', '404', '298', '209', '505', '478', '133', '237', '259', '593', '301', '084', '274', '414', '537', '748', '087', '692', '055', '541', '125', '366', '509', '573', '409', '587', '035', '195', '099', '256', '448', '228', '049', '091', '160', '173', '368', '676', '187', '752', '666', '727', '552', '098', '365', '039', '420', '474', '364', '002', '640', '480', '543', '292', '266', '126', '200', '122', '316', '755', '652', '155', '506', '227', '655', '247', '311', '017', '075', '130', '397', '317', '282', '386', '045', '294', '254', '004', '371', '318', '633', '336', '500', '094', '016', '115', '346', '546', '324', '411', '663', '372', '410', '703', '469', '310', '533', '477', '279', '362', '082', '176', '669', '698', '542', '223', '502', '444', '388', '077', '680', '589', '344', '675', '171', '758', '738', '514', '619', '170', '221', '161', '499', '391', '339', '265', '527', '607', '369', '394', '106', '234', '616', '422', '456', '741', '381', '208', '233', '508', '702', '230', '352', '564', '014', '325', '712', '210', '319', '520', '585', '463', '650', '602', '129', '136', '235', '330', '349', '575', '358', '605', '128', '390', '525', '523', '211', '473', '654', '550', '387', '071', '642', '042', '576', '326', '379', '452', '540', '526', '707', '111', '457', '092', '645', '399', '034', '251', '761', '710', '271', '269', '436', '357', '097', '608', '117', '005', '392', '007', '682', '464', '687', '599', '626', '591', '503', '529', '577', '192', '629', '428', '203', '462', '337', '078', '293', '204', '332', '229', '467', '046', '571', '253', '100', '624', '754', '300', '482', '513', '267', '263', '524', '615', '226', '443', '424', '560', '063', '618', '143', '048', '140', '395', '434', '157', '193', '231', '309', '713', '568', '574', '214', '432', '743', '023', '377', '555', '110', '174', '132', '557', '036', '315', '609', '481', '538', '052', '011', '746', '385', '745', '413', '044', '147', '437', '649', '716', '401', '691', '376', '724', '446', '421', '367', '597', '067', '603', '015', '241', '706', '276', '530', '578', '164', '119', '731', '558', '275', '406', '215', '693', '255', '296', '145', '704', '407', '516', '684', '709', '232', '113', '402', '686', '466', '581', '088', '483', '729', '260', '656', '342', '510', '665', '673', '244', '763', '415', '151', '718', '699', '152', '283', '412', '405', '179', '668', '494', '664', '460', '238', '138', '562', '690', '384', '393', '341', '061', '261', '733', '425', '535', '438', '714', '250', '343', '323', '219', '490', '268', '184', '553', '032', '236', '022', '634', '295', '321', '628', '647', '747', '108', '018', '595', '681', '096', '638', '644', '008', '653', '150', '079', '149', '302', '396', '512', '054', '089', '239', '205', '196', '361', '012', '207', '127', '485', '278', '489', '085', '620', '304', '047', '661', '329', '168', '264', '641', '751', '037', '102', '345', '657', '416', '617', '762', '532', '066', '569', '551', '285', '025', '286', '188', '563', '584', '350', '507', '009', '134', '598', '623', '370', '596', '518', '441', '648', '123', '689', '186', '614', '262', '531', '199', '476', '662', '163', '141', '312', '740', '431', '749', '322', '719', '137', '351', '225', '180', '586', '515', '606', '440', '631', '547', '683', '284', '622', '107', '711', '159', '114', '040', '672', '112', '611', '433', '202', '272', '355', '470', '737', '191', '118', '592', '165', '020', '190', '646', '429', '242', '103', '354', '101', '003', '070', '198', '031', '760', '257', '472', '486', '305', '120', '491', '471', '621', '327', '511', '053', '206', '461', '658', '167', '459', '181', '419', '639', '338', '382', '072', '697', '248', '497', '722', '093', '442', '041', '340', '667', '427', '027', '105', '496', '175', '217', '288', '306', '454', '030', '475', '583', '378', '178', '685', '359', '307', '057', '453', '492', '635', '058', '519', '277', '331', '080', '010', '162', '043', '270', '222', '730', '068', '013', '580', '038', '435', '289', '252', '501', '479', '403', '185', '375', '636', '695', '468', '026', '224', '299', '572', '060', '156', '723', '594', '750', '216']","['006', '019', '021', '024', '028', '029', '033', '050', '051', '056', '059', '062', '064', '065', '069', '073', '074', '081', '083', '086', '090', '095', '104', '109', '116', '121', '124', '131', '135', '139', '142', '144', '146', '148', '153', '154', '158', '166', '169', '172', '177', '182', '183', '189', '194', '197', '201', '212', '213', '218', '220', '240', '243', '245', '246', '249', '258', '280', '287', '290', '291', '297', '303', '308', '314', '328', '333', '334', '335', '347', '348', '353', '356', '360', '373', '374', '383', '389', '398', '400', '408', '417', '418', '423', '430', '445', '447', '449', '451', '455', '458', '465', '484', '487', '493', '495', '498', '504', '521', '522', '528', '536', '539', '544', '545', '548', '549', '554', '556', '559', '561', '565', '566', '567', '570', '579', '582', '590', '601', '604', '612', '613', '625', '627', '630', '632', '637', '659', '660', '670', '674', '678', '679', '688', '700', '705', '708', '715', '717', '720', '721', '725', '726', '728', '732', '735', '736', '742', '744', '756', '757', '759']",0.06974045792594552,0.0069226669147610664,0.684147509578544,0.5689182344626182,0.14870747245100918,0.12084112591439503,0.07776395790278912
target_recurrence,tabpfn,50,43,0,real,868ee1198bba1ed0e25f,50,152,complete,,"['655', '091', '464', '208', '755', '180', '470', '251', '475', '361', '238', '227', '589', '285', '107', '629', '007', '483', '426', '359', '342', '026', '638', '586', '346', '327', '615', '111', '324', '350', '564', '650', '709', '448', '078', '386', '128', '112', '259', '041', '724', '305', '322', '636', '060', '002', '072', '106', '581', '432']","['006', '019', '021', '024', '028', '029', '033', '050', '051', '056', '059', '062', '064', '065', '069', '073', '074', '081', '083', '086', '090', '095', '104', '109', '116', '121', '124', '131', '135', '139', '142', '144', '146', '148', '153', '154', '158', '166', '169', '172', '177', '182', '183', '189', '194', '197', '201', '212', '213', '218', '220', '240', '243', '245', '246', '249', '258', '280', '287', '290', '291', '297', '303', '308', '314', '328', '333', '334', '335', '347', '348', '353', '356', '360', '373', '374', '383', '389', '398', '400', '408', '417', '418', '423', '430', '445', '447', '449', '451', '455', '458', '465', '484', '487', '493', '495', '498', '504', '521', '522', '528', '536', '539', '544', '545', '548', '549', '554', '556', '559', '561', '565', '566', '567', '570', '579', '582', '590', '601', '604', '612', '613', '625', '627', '630', '632', '637', '659', '660', '670', '674', '678', '679', '688', '700', '705', '708', '715', '717', '720', '721', '725', '726', '728', '732', '735', '736', '742', '744', '756', '757', '759']",4.162679667118937,1.2468419168144464,0.6685823754789272,0.47066034085675923,0.17214754206917304,0.08848353338084723,5.414631916675717
target_recurrence,lightgbm,50,43,0,real,111748ac0a38cc35f96f,50,152,complete,,"['655', '091', '464', '208', '755', '180', '470', '251', '475', '361', '238', '227', '589', '285', '107', '629', '007', '483', '426', '359', '342', '026', '638', '586', '346', '327', '615', '111', '324', '350', '564', '650', '709', '448', '078', '386', '128', '112', '259', '041', '724', '305', '322', '636', '060', '002', '072', '106', '581', '432']","['006', '019', '021', '024', '028', '029', '033', '050', '051', '056', '059', '062', '064', '065', '069', '073', '074', '081', '083', '086', '090', '095', '104', '109', '116', '121', '124', '131', '135', '139', '142', '144', '146', '148', '153', '154', '158', '166', '169', '172', '177', '182', '183', '189', '194', '197', '201', '212', '213', '218', '220', '240', '243', '245', '246', '249', '258', '280', '287', '290', '291', '297', '303', '308', '314', '328', '333', '334', '335', '347', '348', '353', '356', '360', '373', '374', '383', '389', '398', '400', '408', '417', '418', '423', '430', '445', '447', '449', '451', '455', '458', '465', '484', '487', '493', '495', '498', '504', '521', '522', '528', '536', '539', '544', '545', '548', '549', '554', '556', '559', '561', '565', '566', '567', '570', '579', '582', '590', '601', '604', '612', '613', '625', '627', '630', '632', '637', '659', '660', '670', '674', '678', '679', '688', '700', '705', '708', '715', '717', '720', '721', '725', '726', '728', '732', '735', '736', '742', '744', '756', '757', '759']",0.03804566711187363,0.008215082809329033,0.47868773946360144,0.26112814135433154,0.20724713134695985,0.13665188851499324,0.0477788751013577
target_recurrence,xgboost,50,43,0,real,e932a91356840032de72,50,152,complete,,"['655', '091', '464', '208', '755', '180', '470', '251', '475', '361', '238', '227', '589', '285', '107', '629', '007', '483', '426', '359', '342', '026', '638', '586', '346', '327', '615', '111', '324', '350', '564', '650', '709', '448', '078', '386', '128', '112', '259', '041', '724', '305', '322', '636', '060', '002', '072', '106', '581', '432']","['006', '019', '021', '024', '028', '029', '033', '050', '051', '056', '059', '062', '064', '065', '069', '073', '074', '081', '083', '086', '090', '095', '104', '109', '116', '121', '124', '131', '135', '139', '142', '144', '146', '148', '153', '154', '158', '166', '169', '172', '177', '182', '183', '189', '194', '197', '201', '212', '213', '218', '220', '240', '243', '245', '246', '249', '258', '280', '287', '290', '291', '297', '303', '308', '314', '328', '333', '334', '335', '347', '348', '353', '356', '360', '373', '374', '383', '389', '398', '400', '408', '417', '418', '423', '430', '445', '447', '449', '451', '455', '458', '465', '484', '487', '493', '495', '498', '504', '521', '522', '528', '536', '539', '544', '545', '548', '549', '554', '556', '559', '561', '565', '566', '567', '570', '579', '582', '590', '601', '604', '612', '613', '625', '627', '630', '632', '637', '659', '660', '670', '674', '678', '679', '688', '700', '705', '708', '715', '717', '720', '721', '725', '726', '728', '732', '735', '736', '742', '744', '756', '757', '759']",0.034404290840029716,0.0071621248498559,0.5268199233716475,0.27129332492781255,0.2614094616918801,0.24926156894377383,0.042665999848395586
target_recurrence,tabpfn,100,43,0,real,8ea8af1a2b6cf66ef736,100,152,complete,,"['655', '091', '464', '208', '755', '180', '470', '251', '475', '361', '238', '227', '589', '285', '107', '629', '007', '483', '426', '359', '342', '026', '638', '586', '346', '327', '615', '111', '324', '350', '564', '650', '709', '448', '078', '386', '128', '112', '259', '041', '724', '305', '322', '636', '060', '002', '072', '106', '581', '432', '481', '647', '463', '453', '653', '272', '456', '442', '301', '339', '639', '472', '530', '480', '163', '568', '666', '551', '518', '140', '394', '429', '173', '267', '435', '325', '450', '377', '640', '058', '553', '129', '318', '488', '176', '203', '237', '584', '306', '149', '416', '070', '231', '694', '682', '118', '054', '384', '620', '672']","['006', '019', '021', '024', '028', '029', '033', '050', '051', '056', '059', '062', '064', '065', '069', '073', '074', '081', '083', '086', '090', '095', '104', '109', '116', '121', '124', '131', '135', '139', '142', '144', '146', '148', '153', '154', '158', '166', '169', '172', '177', '182', '183', '189', '194', '197', '201', '212', '213', '218', '220', '240', '243', '245', '246', '249', '258', '280', '287', '290', '291', '297', '303', '308', '314', '328', '333', '334', '335', '347', '348', '353', '356', '360', '373', '374', '383', '389', '398', '400', '408', '417', '418', '423', '430', '445', '447', '449', '451', '455', '458', '465', '484', '487', '493', '495', '498', '504', '521', '522', '528', '536', '539', '544', '545', '548', '549', '554', '556', '559', '561', '565', '566', '567', '570', '579', '582', '590', '601', '604', '612', '613', '625', '627', '630', '632', '637', '659', '660', '670', '674', '678', '679', '688', '700', '705', '708', '715', '717', '720', '721', '725', '726', '728', '732', '735', '736', '742', '744', '756', '757', '759']",4.088420874904841,1.2699192091822624,0.7023467432950192,0.5437344176120606,0.15455933211243383,0.08829474713849393,5.364153916947544
target_recurrence,lightgbm,100,43,0,real,7f3ee708c5fe419174ab,100,152,complete,,"['655', '091', '464', '208', '755', '180', '470', '251', '475', '361', '238', '227', '589', '285', '107', '629', '007', '483', '426', '359', '342', '026', '638', '586', '346', '327', '615', '111', '324', '350', '564', '650', '709', '448', '078', '386', '128', '112', '259', '041', '724', '305', '322', '636', '060', '002', '072', '106', '581', '432', '481', '647', '463', '453', '653', '272', '456', '442', '301', '339', '639', '472', '530', '480', '163', '568', '666', '551', '518', '140', '394', '429', '173', '267', '435', '325', '450', '377', '640', '058', '553', '129', '318', '488', '176', '203', '237', '584', '306', '149', '416', '070', '231', '694', '682', '118', '054', '384', '620', '672']","['006', '019', '021', '024', '028', '029', '033', '050', '051', '056', '059', '062', '064', '065', '069', '073', '074', '081', '083', '086', '090', '095', '104', '109', '116', '121', '124', '131', '135', '139', '142', '144', '146', '148', '153', '154', '158', '166', '169', '172', '177', '182', '183', '189', '194', '197', '201', '212', '213', '218', '220', '240', '243', '245', '246', '249', '258', '280', '287', '290', '291', '297', '303', '308', '314', '328', '333', '334', '335', '347', '348', '353', '356', '360', '373', '374', '383', '389', '398', '400', '408', '417', '418', '423', '430', '445', '447', '449', '451', '455', '458', '465', '484', '487', '493', '495', '498', '504', '521', '522', '528', '536', '539', '544', '545', '548', '549', '554', '556', '559', '561', '565', '566', '567', '570', '579', '582', '590', '601', '604', '612', '613', '625', '627', '630', '632', '637', '659', '660', '670', '674', '678', '679', '688', '700', '705', '708', '715', '717', '720', '721', '725', '726', '728', '732', '735', '736', '742', '744', '756', '757', '759']",0.047532208263874054,0.007816041819751263,0.4616858237547893,0.22559357219028203,0.23266973086039866,0.21421336517291698,0.05675508314743638
target_recurrence,xgboost,100,43,0,real,cee94348703ce170a7d0,100,152,complete,,"['655', '091', '464', '208', '755', '180', '470', '251', '475', '361', '238', '227', '589', '285', '107', '629', '007', '483', '426', '359', '342', '026', '638', '586', '346', '327', '615', '111', '324', '350', '564', '650', '709', '448', '078', '386', '128', '112', '259', '041', '724', '305', '322', '636', '060', '002', '072', '106', '581', '432', '481', '647', '463', '453', '653', '272', '456', '442', '301', '339', '639', '472', '530', '480', '163', '568', '666', '551', '518', '140', '394', '429', '173', '267', '435', '325', '450', '377', '640', '058', '553', '129', '318', '488', '176', '203', '237', '584', '306', '149', '416', '070', '231', '694', '682', '118', '054', '384', '620', '672']","['006', '019', '021', '024', '028', '029', '033', '050', '051', '056', '059', '062', '064', '065', '069', '073', '074', '081', '083', '086', '090', '095', '104', '109', '116', '121', '124', '131', '135', '139', '142', '144', '146', '148', '153', '154', '158', '166', '169', '172', '177', '182', '183', '189', '194', '197', '201', '212', '213', '218', '220', '240', '243', '245', '246', '249', '258', '280', '287', '290', '291', '297', '303', '308', '314', '328', '333', '334', '335', '347', '348', '353', '356', '360', '373', '374', '383', '389', '398', '400', '408', '417', '418', '423', '430', '445', '447', '449', '451', '455', '458', '465', '484', '487', '493', '495', '498', '504', '521', '522', '528', '536', '539', '544', '545', '548', '549', '554', '556', '559', '561', '565', '566', '567', '570', '579', '582', '590', '601', '604', '612', '613', '625', '627', '630', '632', '637', '659', '660', '670', '674', '678', '679', '688', '700', '705', '708', '715', '717', '720', '721', '725', '726', '728', '732', '735', '736', '742', '744', '756', '757', '759']",0.03808875009417534,0.006728417240083218,0.6496647509578545,0.36838316134051846,0.20036845402382242,0.16799615916955335,0.04594841692596674
target_recurrence,tabpfn,200,43,0,real,48eff29028b495ab8dfd,200,152,complete,,"['655', '091', '464', '208', '755', '180', '470', '251', '475', '361', '238', '227', '589', '285', '107', '629', '007', '483', '426', '359', '342', '026', '638', '586', '346', '327', '615', '111', '324', '350', '564', '650', '709', '448', '078', '386', '128', '112', '259', '041', '724', '305', '322', '636', '060', '002', '072', '106', '581', '432', '481', '647', '463', '453', '653', '272', '456', '442', '301', '339', '639', '472', '530', '480', '163', '568', '666', '551', '518', '140', '394', '429', '173', '267', '435', '325', '450', '377', '640', '058', '553', '129', '318', '488', '176', '203', '237', '584', '306', '149', '416', '070', '231', '694', '682', '118', '054', '384', '620', '672', '699', '302', '751', '221', '174', '235', '099', '119', '206', '658', '101', '299', '515', '075', '337', '692', '268', '425', '569', '403', '063', '254', '651', '572', '343', '094', '443', '439', '485', '009', '441', '284', '015', '684', '020', '644', '304', '600', '355', '341', '370', '045', '250', '698', '229', '298', '114', '068', '365', '622', '120', '491', '160', '295', '762', '061', '344', '431', '507', '599', '001', '097', '349', '683', '113', '214', '704', '547', '137', '031', '501', '713', '380', '052', '516', '316', '345', '351', '210', '594', '623', '042', '673', '379', '391', '132', '422', '330', '616', '205', '255', '585', '680', '444', '537', '371', '336', '702', '216', '723']","['006', '019', '021', '024', '028', '029', '033', '050', '051', '056', '059', '062', '064', '065', '069', '073', '074', '081', '083', '086', '090', '095', '104', '109', '116', '121', '124', '131', '135', '139', '142', '144', '146', '148', '153', '154', '158', '166', '169', '172', '177', '182', '183', '189', '194', '197', '201', '212', '213', '218', '220', '240', '243', '245', '246', '249', '258', '280', '287', '290', '291', '297', '303', '308', '314', '328', '333', '334', '335', '347', '348', '353', '356', '360', '373', '374', '383', '389', '398', '400', '408', '417', '418', '423', '430', '445', '447', '449', '451', '455', '458', '465', '484', '487', '493', '495', '498', '504', '521', '522', '528', '536', '539', '544', '545', '548', '549', '554', '556', '559', '561', '565', '566', '567', '570', '579', '582', '590', '601', '604', '612', '613', '625', '627', '630', '632', '637', '659', '660', '670', '674', '678', '679', '688', '700', '705', '708', '715', '717', '720', '721', '725', '726', '728', '732', '735', '736', '742', '744', '756', '757', '759']",3.9717658748850226,1.3176460000686347,0.7104885057471264,0.576125521312969,0.13932479146790708,0.055037502395479304,5.2940154587849975
target_recurrence,lightgbm,200,43,0,real,eb120979bfcb8dbfe265,200,152,complete,,"['655', '091', '464', '208', '755', '180', '470', '251', '475', '361', '238', '227', '589', '285', '107', '629', '007', '483', '426', '359', '342', '026', '638', '586', '346', '327', '615', '111', '324', '350', '564', '650', '709', '448', '078', '386', '128', '112', '259', '041', '724', '305', '322', '636', '060', '002', '072', '106', '581', '432', '481', '647', '463', '453', '653', '272', '456', '442', '301', '339', '639', '472', '530', '480', '163', '568', '666', '551', '518', '140', '394', '429', '173', '267', '435', '325', '450', '377', '640', '058', '553', '129', '318', '488', '176', '203', '237', '584', '306', '149', '416', '070', '231', '694', '682', '118', '054', '384', '620', '672', '699', '302', '751', '221', '174', '235', '099', '119', '206', '658', '101', '299', '515', '075', '337', '692', '268', '425', '569', '403', '063', '254', '651', '572', '343', '094', '443', '439', '485', '009', '441', '284', '015', '684', '020', '644', '304', '600', '355', '341', '370', '045', '250', '698', '229', '298', '114', '068', '365', '622', '120', '491', '160', '295', '762', '061', '344', '431', '507', '599', '001', '097', '349', '683', '113', '214', '704', '547', '137', '031', '501', '713', '380', '052', '516', '316', '345', '351', '210', '594', '623', '042', '673', '379', '391', '132', '422', '330', '616', '205', '255', '585', '680', '444', '537', '371', '336', '702', '216', '723']","['006', '019', '021', '024', '028', '029', '033', '050', '051', '056', '059', '062', '064', '065', '069', '073', '074', '081', '083', '086', '090', '095', '104', '109', '116', '121', '124', '131', '135', '139', '142', '144', '146', '148', '153', '154', '158', '166', '169', '172', '177', '182', '183', '189', '194', '197', '201', '212', '213', '218', '220', '240', '243', '245', '246', '249', '258', '280', '287', '290', '291', '297', '303', '308', '314', '328', '333', '334', '335', '347', '348', '353', '356', '360', '373', '374', '383', '389', '398', '400', '408', '417', '418', '423', '430', '445', '447', '449', '451', '455', '458', '465', '484', '487', '493', '495', '498', '504', '521', '522', '528', '536', '539', '544', '545', '548', '549', '554', '556', '559', '561', '565', '566', '567', '570', '579', '582', '590', '601', '604', '612', '613', '625', '627', '630', '632', '637', '659', '660', '670', '674', '678', '679', '688', '700', '705', '708', '715', '717', '720', '721', '725', '726', '728', '732', '735', '736', '742', '744', '756', '757', '759']",0.056967874988913536,0.00729095796123147,0.5692049808429118,0.2892305996364737,0.20597475857605085,0.15507601063950482,0.06549054104834795
target_recurrence,xgboost,200,43,0,real,b99829d1dd015efdfd4d,200,152,complete,,"['655', '091', '464', '208', '755', '180', '470', '251', '475', '361', '238', '227', '589', '285', '107', '629', '007', '483', '426', '359', '342', '026', '638', '586', '346', '327', '615', '111', '324', '350', '564', '650', '709', '448', '078', '386', '128', '112', '259', '041', '724', '305', '322', '636', '060', '002', '072', '106', '581', '432', '481', '647', '463', '453', '653', '272', '456', '442', '301', '339', '639', '472', '530', '480', '163', '568', '666', '551', '518', '140', '394', '429', '173', '267', '435', '325', '450', '377', '640', '058', '553', '129', '318', '488', '176', '203', '237', '584', '306', '149', '416', '070', '231', '694', '682', '118', '054', '384', '620', '672', '699', '302', '751', '221', '174', '235', '099', '119', '206', '658', '101', '299', '515', '075', '337', '692', '268', '425', '569', '403', '063', '254', '651', '572', '343', '094', '443', '439', '485', '009', '441', '284', '015', '684', '020', '644', '304', '600', '355', '341', '370', '045', '250', '698', '229', '298', '114', '068', '365', '622', '120', '491', '160', '295', '762', '061', '344', '431', '507', '599', '001', '097', '349', '683', '113', '214', '704', '547', '137', '031', '501', '713', '380', '052', '516', '316', '345', '351', '210', '594', '623', '042', '673', '379', '391', '132', '422', '330', '616', '205', '255', '585', '680', '444', '537', '371', '336', '702', '216', '723']","['006', '019', '021', '024', '028', '029', '033', '050', '051', '056', '059', '062', '064', '065', '069', '073', '074', '081', '083', '086', '090', '095', '104', '109', '116', '121', '124', '131', '135', '139', '142', '144', '146', '148', '153', '154', '158', '166', '169', '172', '177', '182', '183', '189', '194', '197', '201', '212', '213', '218', '220', '240', '243', '245', '246', '249', '258', '280', '287', '290', '291', '297', '303', '308', '314', '328', '333', '334', '335', '347', '348', '353', '356', '360', '373', '374', '383', '389', '398', '400', '408', '417', '418', '423', '430', '445', '447', '449', '451', '455', '458', '465', '484', '487', '493', '495', '498', '504', '521', '522', '528', '536', '539', '544', '545', '548', '549', '554', '556', '559', '561', '565', '566', '567', '570', '579', '582', '590', '601', '604', '612', '613', '625', '627', '630', '632', '637', '659', '660', '670', '674', '678', '679', '688', '700', '705', '708', '715', '717', '720', '721', '725', '726', '728', '732', '735', '736', '742', '744', '756', '757', '759']",0.10521325003355742,0.007239250000566244,0.673611111111111,0.5224247620723382,0.16300318371834543,0.11373898856828946,0.11363237490877509
target_recurrence,tabpfn,500,43,0,real,57faf62f4515b491a31d,500,152,complete,,"['655', '091', '464', '208', '755', '180', '470', '251', '475', '361', '238', '227', '589', '285', '107', '629', '007', '483', '426', '359', '342', '026', '638', '586', '346', '327', '615', '111', '324', '350', '564', '650', '709', '448', '078', '386', '128', '112', '259', '041', '724', '305', '322', '636', '060', '002', '072', '106', '581', '432', '481', '647', '463', '453', '653', '272', '456', '442', '301', '339', '639', '472', '530', '480', '163', '568', '666', '551', '518', '140', '394', '429', '173', '267', '435', '325', '450', '377', '640', '058', '553', '129', '318', '488', '176', '203', '237', '584', '306', '149', '416', '070', '231', '694', '682', '118', '054', '384', '620', '672', '699', '302', '751', '221', '174', '235', '099', '119', '206', '658', '101', '299', '515', '075', '337', '692', '268', '425', '569', '403', '063', '254', '651', '572', '343', '094', '443', '439', '485', '009', '441', '284', '015', '684', '020', '644', '304', '600', '355', '341', '370', '045', '250', '698', '229', '298', '114', '068', '365', '622', '120', '491', '160', '295', '762', '061', '344', '431', '507', '599', '001', '097', '349', '683', '113', '214', '704', '547', '137', '031', '501', '713', '380', '052', '516', '316', '345', '351', '210', '594', '623', '042', '673', '379', '391', '132', '422', '330', '616', '205', '255', '585', '680', '444', '537', '371', '336', '702', '216', '723', '252', '701', '320', '372', '044', '747', '217', '234', '525', '517', '071', '580', '256', '716', '502', '646', '509', '167', '421', '150', '233', '108', '649', '005', '718', '393', '010', '693', '652', '574', '130', '734', '745', '552', '469', '420', '541', '048', '281', '428', '691', '706', '085', '057', '703', '199', '066', '598', '279', '477', '763', '711', '136', '761', '004', '022', '519', '731', '474', '675', '311', '606', '382', '523', '686', '486', '671', '478', '730', '032', '385', '558', '310', '411', '446', '278', '226', '557', '665', '588', '122', '733', '156', '714', '610', '195', '011', '593', '662', '578', '562', '162', '424', '296', '410', '358', '614', '274', '619', '514', '164', '040', '390', '412', '293', '211', '363', '329', '307', '635', '494', '457', '563', '696', '573', '126', '560', '492', '727', '592', '685', '269', '043', '222', '230', '367', '405', '340', '159', '489', '125', '415', '096', '265', '157', '152', '018', '397', '512', '067', '332', '511', '271', '513', '368', '313', '611', '467', '300', '202', '369', '406', '055', '434', '225', '362', '323', '036', '754', '753', '082', '760', '276', '689', '524', '739', '583', '752', '571', '505', '012', '503', '147', '657', '105', '409', '460', '534', '352', '089', '161', '198', '603', '729', '473', '575', '737', '263', '454', '193', '661', '209', '289', '399', '204', '388', '748', '427', '357', '196', '555', '490', '407', '543', '151', '740', '155', '697', '236', '468', '187', '508', '093', '520', '542', '459', '626', '608', '102', '076', '224', '527', '261', '184', '452', '239', '264', '577', '366', '634', '115', '381', '676', '100', '141', '719', '656', '185', '413', '633', '003', '499', '138', '378', '510', '392', '014', '232', '436', '376', '643', '395', '049', '687', '746', '247', '375', '016', '531', '402', '087', '591', '609', '282', '319', '466', '533', '321', '228', '710', '631', '262', '624', '667', '266', '273', '098', '288', '179', '587', '440', '482', '037', '181', '178', '654', '030', '506', '628', '248', '642', '013', '035', '257', '103', '215', '326', '241', '438', '260']","['006', '019', '021', '024', '028', '029', '033', '050', '051', '056', '059', '062', '064', '065', '069', '073', '074', '081', '083', '086', '090', '095', '104', '109', '116', '121', '124', '131', '135', '139', '142', '144', '146', '148', '153', '154', '158', '166', '169', '172', '177', '182', '183', '189', '194', '197', '201', '212', '213', '218', '220', '240', '243', '245', '246', '249', '258', '280', '287', '290', '291', '297', '303', '308', '314', '328', '333', '334', '335', '347', '348', '353', '356', '360', '373', '374', '383', '389', '398', '400', '408', '417', '418', '423', '430', '445', '447', '449', '451', '455', '458', '465', '484', '487', '493', '495', '498', '504', '521', '522', '528', '536', '539', '544', '545', '548', '549', '554', '556', '559', '561', '565', '566', '567', '570', '579', '582', '590', '601', '604', '612', '613', '625', '627', '630', '632', '637', '659', '660', '670', '674', '678', '679', '688', '700', '705', '708', '715', '717', '720', '721', '725', '726', '728', '732', '735', '736', '742', '744', '756', '757', '759']",3.9078434593975544,1.378658457659185,0.712404214559387,0.5676085726642845,0.1380480854902296,0.04226144952209372,5.29106150008738
target_recurrence,lightgbm,500,43,0,real,f24a8728833215a0103e,500,152,complete,,"['655', '091', '464', '208', '755', '180', '470', '251', '475', '361', '238', '227', '589', '285', '107', '629', '007', '483', '426', '359', '342', '026', '638', '586', '346', '327', '615', '111', '324', '350', '564', '650', '709', '448', '078', '386', '128', '112', '259', '041', '724', '305', '322', '636', '060', '002', '072', '106', '581', '432', '481', '647', '463', '453', '653', '272', '456', '442', '301', '339', '639', '472', '530', '480', '163', '568', '666', '551', '518', '140', '394', '429', '173', '267', '435', '325', '450', '377', '640', '058', '553', '129', '318', '488', '176', '203', '237', '584', '306', '149', '416', '070', '231', '694', '682', '118', '054', '384', '620', '672', '699', '302', '751', '221', '174', '235', '099', '119', '206', '658', '101', '299', '515', '075', '337', '692', '268', '425', '569', '403', '063', '254', '651', '572', '343', '094', '443', '439', '485', '009', '441', '284', '015', '684', '020', '644', '304', '600', '355', '341', '370', '045', '250', '698', '229', '298', '114', '068', '365', '622', '120', '491', '160', '295', '762', '061', '344', '431', '507', '599', '001', '097', '349', '683', '113', '214', '704', '547', '137', '031', '501', '713', '380', '052', '516', '316', '345', '351', '210', '594', '623', '042', '673', '379', '391', '132', '422', '330', '616', '205', '255', '585', '680', '444', '537', '371', '336', '702', '216', '723', '252', '701', '320', '372', '044', '747', '217', '234', '525', '517', '071', '580', '256', '716', '502', '646', '509', '167', '421', '150', '233', '108', '649', '005', '718', '393', '010', '693', '652', '574', '130', '734', '745', '552', '469', '420', '541', '048', '281', '428', '691', '706', '085', '057', '703', '199', '066', '598', '279', '477', '763', '711', '136', '761', '004', '022', '519', '731', '474', '675', '311', '606', '382', '523', '686', '486', '671', '478', '730', '032', '385', '558', '310', '411', '446', '278', '226', '557', '665', '588', '122', '733', '156', '714', '610', '195', '011', '593', '662', '578', '562', '162', '424', '296', '410', '358', '614', '274', '619', '514', '164', '040', '390', '412', '293', '211', '363', '329', '307', '635', '494', '457', '563', '696', '573', '126', '560', '492', '727', '592', '685', '269', '043', '222', '230', '367', '405', '340', '159', '489', '125', '415', '096', '265', '157', '152', '018', '397', '512', '067', '332', '511', '271', '513', '368', '313', '611', '467', '300', '202', '369', '406', '055', '434', '225', '362', '323', '036', '754', '753', '082', '760', '276', '689', '524', '739', '583', '752', '571', '505', '012', '503', '147', '657', '105', '409', '460', '534', '352', '089', '161', '198', '603', '729', '473', '575', '737', '263', '454', '193', '661', '209', '289', '399', '204', '388', '748', '427', '357', '196', '555', '490', '407', '543', '151', '740', '155', '697', '236', '468', '187', '508', '093', '520', '542', '459', '626', '608', '102', '076', '224', '527', '261', '184', '452', '239', '264', '577', '366', '634', '115', '381', '676', '100', '141', '719', '656', '185', '413', '633', '003', '499', '138', '378', '510', '392', '014', '232', '436', '376', '643', '395', '049', '687', '746', '247', '375', '016', '531', '402', '087', '591', '609', '282', '319', '466', '533', '321', '228', '710', '631', '262', '624', '667', '266', '273', '098', '288', '179', '587', '440', '482', '037', '181', '178', '654', '030', '506', '628', '248', '642', '013', '035', '257', '103', '215', '326', '241', '438', '260']","['006', '019', '021', '024', '028', '029', '033', '050', '051', '056', '059', '062', '064', '065', '069', '073', '074', '081', '083', '086', '090', '095', '104', '109', '116', '121', '124', '131', '135', '139', '142', '144', '146', '148', '153', '154', '158', '166', '169', '172', '177', '182', '183', '189', '194', '197', '201', '212', '213', '218', '220', '240', '243', '245', '246', '249', '258', '280', '287', '290', '291', '297', '303', '308', '314', '328', '333', '334', '335', '347', '348', '353', '356', '360', '373', '374', '383', '389', '398', '400', '408', '417', '418', '423', '430', '445', '447', '449', '451', '455', '458', '465', '484', '487', '493', '495', '498', '504', '521', '522', '528', '536', '539', '544', '545', '548', '549', '554', '556', '559', '561', '565', '566', '567', '570', '579', '582', '590', '601', '604', '612', '613', '625', '627', '630', '632', '637', '659', '660', '670', '674', '678', '679', '688', '700', '705', '708', '715', '717', '720', '721', '725', '726', '728', '732', '735', '736', '742', '744', '756', '757', '759']",0.08779054135084152,0.006484291981905699,0.6422413793103449,0.5469179360950406,0.15858842368959633,0.125821512973555,0.09536016592755914
target_recurrence,xgboost,500,43,0,real,5954e79e28f51dcd6b8f,500,152,complete,,"['655', '091', '464', '208', '755', '180', '470', '251', '475', '361', '238', '227', '589', '285', '107', '629', '007', '483', '426', '359', '342', '026', '638', '586', '346', '327', '615', '111', '324', '350', '564', '650', '709', '448', '078', '386', '128', '112', '259', '041', '724', '305', '322', '636', '060', '002', '072', '106', '581', '432', '481', '647', '463', '453', '653', '272', '456', '442', '301', '339', '639', '472', '530', '480', '163', '568', '666', '551', '518', '140', '394', '429', '173', '267', '435', '325', '450', '377', '640', '058', '553', '129', '318', '488', '176', '203', '237', '584', '306', '149', '416', '070', '231', '694', '682', '118', '054', '384', '620', '672', '699', '302', '751', '221', '174', '235', '099', '119', '206', '658', '101', '299', '515', '075', '337', '692', '268', '425', '569', '403', '063', '254', '651', '572', '343', '094', '443', '439', '485', '009', '441', '284', '015', '684', '020', '644', '304', '600', '355', '341', '370', '045', '250', '698', '229', '298', '114', '068', '365', '622', '120', '491', '160', '295', '762', '061', '344', '431', '507', '599', '001', '097', '349', '683', '113', '214', '704', '547', '137', '031', '501', '713', '380', '052', '516', '316', '345', '351', '210', '594', '623', '042', '673', '379', '391', '132', '422', '330', '616', '205', '255', '585', '680', '444', '537', '371', '336', '702', '216', '723', '252', '701', '320', '372', '044', '747', '217', '234', '525', '517', '071', '580', '256', '716', '502', '646', '509', '167', '421', '150', '233', '108', '649', '005', '718', '393', '010', '693', '652', '574', '130', '734', '745', '552', '469', '420', '541', '048', '281', '428', '691', '706', '085', '057', '703', '199', '066', '598', '279', '477', '763', '711', '136', '761', '004', '022', '519', '731', '474', '675', '311', '606', '382', '523', '686', '486', '671', '478', '730', '032', '385', '558', '310', '411', '446', '278', '226', '557', '665', '588', '122', '733', '156', '714', '610', '195', '011', '593', '662', '578', '562', '162', '424', '296', '410', '358', '614', '274', '619', '514', '164', '040', '390', '412', '293', '211', '363', '329', '307', '635', '494', '457', '563', '696', '573', '126', '560', '492', '727', '592', '685', '269', '043', '222', '230', '367', '405', '340', '159', '489', '125', '415', '096', '265', '157', '152', '018', '397', '512', '067', '332', '511', '271', '513', '368', '313', '611', '467', '300', '202', '369', '406', '055', '434', '225', '362', '323', '036', '754', '753', '082', '760', '276', '689', '524', '739', '583', '752', '571', '505', '012', '503', '147', '657', '105', '409', '460', '534', '352', '089', '161', '198', '603', '729', '473', '575', '737', '263', '454', '193', '661', '209', '289', '399', '204', '388', '748', '427', '357', '196', '555', '490', '407', '543', '151', '740', '155', '697', '236', '468', '187', '508', '093', '520', '542', '459', '626', '608', '102', '076', '224', '527', '261', '184', '452', '239', '264', '577', '366', '634', '115', '381', '676', '100', '141', '719', '656', '185', '413', '633', '003', '499', '138', '378', '510', '392', '014', '232', '436', '376', '643', '395', '049', '687', '746', '247', '375', '016', '531', '402', '087', '591', '609', '282', '319', '466', '533', '321', '228', '710', '631', '262', '624', '667', '266', '273', '098', '288', '179', '587', '440', '482', '037', '181', '178', '654', '030', '506', '628', '248', '642', '013', '035', '257', '103', '215', '326', '241', '438', '260']","['006', '019', '021', '024', '028', '029', '033', '050', '051', '056', '059', '062', '064', '065', '069', '073', '074', '081', '083', '086', '090', '095', '104', '109', '116', '121', '124', '131', '135', '139', '142', '144', '146', '148', '153', '154', '158', '166', '169', '172', '177', '182', '183', '189', '194', '197', '201', '212', '213', '218', '220', '240', '243', '245', '246', '249', '258', '280', '287', '290', '291', '297', '303', '308', '314', '328', '333', '334', '335', '347', '348', '353', '356', '360', '373', '374', '383', '389', '398', '400', '408', '417', '418', '423', '430', '445', '447', '449', '451', '455', '458', '465', '484', '487', '493', '495', '498', '504', '521', '522', '528', '536', '539', '544', '545', '548', '549', '554', '556', '559', '561', '565', '566', '567', '570', '579', '582', '590', '601', '604', '612', '613', '625', '627', '630', '632', '637', '659', '660', '670', '674', '678', '679', '688', '700', '705', '708', '715', '717', '720', '721', '725', '726', '728', '732', '735', '736', '742', '744', '756', '757', '759']",0.06522570829838514,0.0073389578610658646,0.6704980842911877,0.5359176305475223,0.1595293404012743,0.12335180558712684,0.07372791599482298
target_recurrence,tabpfn,Full,43,0,real,730a2d04f9b60c9f8d9c,611,152,complete,,"['655', '091', '464', '208', '755', '180', '470', '251', '475', '361', '238', '227', '589', '285', '107', '629', '007', '483', '426', '359', '342', '026', '638', '586', '346', '327', '615', '111', '324', '350', '564', '650', '709', '448', '078', '386', '128', '112', '259', '041', '724', '305', '322', '636', '060', '002', '072', '106', '581', '432', '481', '647', '463', '453', '653', '272', '456', '442', '301', '339', '639', '472', '530', '480', '163', '568', '666', '551', '518', '140', '394', '429', '173', '267', '435', '325', '450', '377', '640', '058', '553', '129', '318', '488', '176', '203', '237', '584', '306', '149', '416', '070', '231', '694', '682', '118', '054', '384', '620', '672', '699', '302', '751', '221', '174', '235', '099', '119', '206', '658', '101', '299', '515', '075', '337', '692', '268', '425', '569', '403', '063', '254', '651', '572', '343', '094', '443', '439', '485', '009', '441', '284', '015', '684', '020', '644', '304', '600', '355', '341', '370', '045', '250', '698', '229', '298', '114', '068', '365', '622', '120', '491', '160', '295', '762', '061', '344', '431', '507', '599', '001', '097', '349', '683', '113', '214', '704', '547', '137', '031', '501', '713', '380', '052', '516', '316', '345', '351', '210', '594', '623', '042', '673', '379', '391', '132', '422', '330', '616', '205', '255', '585', '680', '444', '537', '371', '336', '702', '216', '723', '252', '701', '320', '372', '044', '747', '217', '234', '525', '517', '071', '580', '256', '716', '502', '646', '509', '167', '421', '150', '233', '108', '649', '005', '718', '393', '010', '693', '652', '574', '130', '734', '745', '552', '469', '420', '541', '048', '281', '428', '691', '706', '085', '057', '703', '199', '066', '598', '279', '477', '763', '711', '136', '761', '004', '022', '519', '731', '474', '675', '311', '606', '382', '523', '686', '486', '671', '478', '730', '032', '385', '558', '310', '411', '446', '278', '226', '557', '665', '588', '122', '733', '156', '714', '610', '195', '011', '593', '662', '578', '562', '162', '424', '296', '410', '358', '614', '274', '619', '514', '164', '040', '390', '412', '293', '211', '363', '329', '307', '635', '494', '457', '563', '696', '573', '126', '560', '492', '727', '592', '685', '269', '043', '222', '230', '367', '405', '340', '159', '489', '125', '415', '096', '265', '157', '152', '018', '397', '512', '067', '332', '511', '271', '513', '368', '313', '611', '467', '300', '202', '369', '406', '055', '434', '225', '362', '323', '036', '754', '753', '082', '760', '276', '689', '524', '739', '583', '752', '571', '505', '012', '503', '147', '657', '105', '409', '460', '534', '352', '089', '161', '198', '603', '729', '473', '575', '737', '263', '454', '193', '661', '209', '289', '399', '204', '388', '748', '427', '357', '196', '555', '490', '407', '543', '151', '740', '155', '697', '236', '468', '187', '508', '093', '520', '542', '459', '626', '608', '102', '076', '224', '527', '261', '184', '452', '239', '264', '577', '366', '634', '115', '381', '676', '100', '141', '719', '656', '185', '413', '633', '003', '499', '138', '378', '510', '392', '014', '232', '436', '376', '643', '395', '049', '687', '746', '247', '375', '016', '531', '402', '087', '591', '609', '282', '319', '466', '533', '321', '228', '710', '631', '262', '624', '667', '266', '273', '098', '288', '179', '587', '440', '482', '037', '181', '178', '654', '030', '506', '628', '248', '642', '013', '035', '257', '103', '215', '326', '241', '438', '260', '645', '223', '476', '134', '621', '462', '497', '738', '401', '253', '025', '286', '023', '017', '668', '315', '479', '461', '605', '695', '123', '200', '722', '500', '597', '496', '165', '186', '690', '750', '294', '669', '038', '664', '595', '331', '396', '743', '207', '219', '079', '175', '168', '171', '576', '677', '088', '529', '170', '047', '338', '092', '133', '364', '080', '641', '602', '283', '712', '596', '191', '143', '546', '084', '242', '188', '145', '535', '244', '617', '414', '758', '749', '312', '607', '550', '354', '053', '538', '008', '034', '618', '317', '190', '741', '471', '419', '526', '192', '404', '292', '437', '046', '387', '270', '648', '532', '117', '077', '127', '433', '707', '309', '540', '039', '275', '027', '277', '681', '663', '110']","['006', '019', '021', '024', '028', '029', '033', '050', '051', '056', '059', '062', '064', '065', '069', '073', '074', '081', '083', '086', '090', '095', '104', '109', '116', '121', '124', '131', '135', '139', '142', '144', '146', '148', '153', '154', '158', '166', '169', '172', '177', '182', '183', '189', '194', '197', '201', '212', '213', '218', '220', '240', '243', '245', '246', '249', '258', '280', '287', '290', '291', '297', '303', '308', '314', '328', '333', '334', '335', '347', '348', '353', '356', '360', '373', '374', '383', '389', '398', '400', '408', '417', '418', '423', '430', '445', '447', '449', '451', '455', '458', '465', '484', '487', '493', '495', '498', '504', '521', '522', '528', '536', '539', '544', '545', '548', '549', '554', '556', '559', '561', '565', '566', '567', '570', '579', '582', '590', '601', '604', '612', '613', '625', '627', '630', '632', '637', '659', '660', '670', '674', '678', '679', '688', '700', '705', '708', '715', '717', '720', '721', '725', '726', '728', '732', '735', '736', '742', '744', '756', '757', '759']",1.9338833750225604,1.4088089168071747,0.7169540229885057,0.567472103469692,0.1346790878156444,0.056754317967907364,3.34690579213202
target_recurrence,lightgbm,Full,43,0,real,9cd150a36e402bbc52ad,611,152,complete,,"['655', '091', '464', '208', '755', '180', '470', '251', '475', '361', '238', '227', '589', '285', '107', '629', '007', '483', '426', '359', '342', '026', '638', '586', '346', '327', '615', '111', '324', '350', '564', '650', '709', '448', '078', '386', '128', '112', '259', '041', '724', '305', '322', '636', '060', '002', '072', '106', '581', '432', '481', '647', '463', '453', '653', '272', '456', '442', '301', '339', '639', '472', '530', '480', '163', '568', '666', '551', '518', '140', '394', '429', '173', '267', '435', '325', '450', '377', '640', '058', '553', '129', '318', '488', '176', '203', '237', '584', '306', '149', '416', '070', '231', '694', '682', '118', '054', '384', '620', '672', '699', '302', '751', '221', '174', '235', '099', '119', '206', '658', '101', '299', '515', '075', '337', '692', '268', '425', '569', '403', '063', '254', '651', '572', '343', '094', '443', '439', '485', '009', '441', '284', '015', '684', '020', '644', '304', '600', '355', '341', '370', '045', '250', '698', '229', '298', '114', '068', '365', '622', '120', '491', '160', '295', '762', '061', '344', '431', '507', '599', '001', '097', '349', '683', '113', '214', '704', '547', '137', '031', '501', '713', '380', '052', '516', '316', '345', '351', '210', '594', '623', '042', '673', '379', '391', '132', '422', '330', '616', '205', '255', '585', '680', '444', '537', '371', '336', '702', '216', '723', '252', '701', '320', '372', '044', '747', '217', '234', '525', '517', '071', '580', '256', '716', '502', '646', '509', '167', '421', '150', '233', '108', '649', '005', '718', '393', '010', '693', '652', '574', '130', '734', '745', '552', '469', '420', '541', '048', '281', '428', '691', '706', '085', '057', '703', '199', '066', '598', '279', '477', '763', '711', '136', '761', '004', '022', '519', '731', '474', '675', '311', '606', '382', '523', '686', '486', '671', '478', '730', '032', '385', '558', '310', '411', '446', '278', '226', '557', '665', '588', '122', '733', '156', '714', '610', '195', '011', '593', '662', '578', '562', '162', '424', '296', '410', '358', '614', '274', '619', '514', '164', '040', '390', '412', '293', '211', '363', '329', '307', '635', '494', '457', '563', '696', '573', '126', '560', '492', '727', '592', '685', '269', '043', '222', '230', '367', '405', '340', '159', '489', '125', '415', '096', '265', '157', '152', '018', '397', '512', '067', '332', '511', '271', '513', '368', '313', '611', '467', '300', '202', '369', '406', '055', '434', '225', '362', '323', '036', '754', '753', '082', '760', '276', '689', '524', '739', '583', '752', '571', '505', '012', '503', '147', '657', '105', '409', '460', '534', '352', '089', '161', '198', '603', '729', '473', '575', '737', '263', '454', '193', '661', '209', '289', '399', '204', '388', '748', '427', '357', '196', '555', '490', '407', '543', '151', '740', '155', '697', '236', '468', '187', '508', '093', '520', '542', '459', '626', '608', '102', '076', '224', '527', '261', '184', '452', '239', '264', '577', '366', '634', '115', '381', '676', '100', '141', '719', '656', '185', '413', '633', '003', '499', '138', '378', '510', '392', '014', '232', '436', '376', '643', '395', '049', '687', '746', '247', '375', '016', '531', '402', '087', '591', '609', '282', '319', '466', '533', '321', '228', '710', '631', '262', '624', '667', '266', '273', '098', '288', '179', '587', '440', '482', '037', '181', '178', '654', '030', '506', '628', '248', '642', '013', '035', '257', '103', '215', '326', '241', '438', '260', '645', '223', '476', '134', '621', '462', '497', '738', '401', '253', '025', '286', '023', '017', '668', '315', '479', '461', '605', '695', '123', '200', '722', '500', '597', '496', '165', '186', '690', '750', '294', '669', '038', '664', '595', '331', '396', '743', '207', '219', '079', '175', '168', '171', '576', '677', '088', '529', '170', '047', '338', '092', '133', '364', '080', '641', '602', '283', '712', '596', '191', '143', '546', '084', '242', '188', '145', '535', '244', '617', '414', '758', '749', '312', '607', '550', '354', '053', '538', '008', '034', '618', '317', '190', '741', '471', '419', '526', '192', '404', '292', '437', '046', '387', '270', '648', '532', '117', '077', '127', '433', '707', '309', '540', '039', '275', '027', '277', '681', '663', '110']","['006', '019', '021', '024', '028', '029', '033', '050', '051', '056', '059', '062', '064', '065', '069', '073', '074', '081', '083', '086', '090', '095', '104', '109', '116', '121', '124', '131', '135', '139', '142', '144', '146', '148', '153', '154', '158', '166', '169', '172', '177', '182', '183', '189', '194', '197', '201', '212', '213', '218', '220', '240', '243', '245', '246', '249', '258', '280', '287', '290', '291', '297', '303', '308', '314', '328', '333', '334', '335', '347', '348', '353', '356', '360', '373', '374', '383', '389', '398', '400', '408', '417', '418', '423', '430', '445', '447', '449', '451', '455', '458', '465', '484', '487', '493', '495', '498', '504', '521', '522', '528', '536', '539', '544', '545', '548', '549', '554', '556', '559', '561', '565', '566', '567', '570', '579', '582', '590', '601', '604', '612', '613', '625', '627', '630', '632', '637', '659', '660', '670', '674', '678', '679', '688', '700', '705', '708', '715', '717', '720', '721', '725', '726', '728', '732', '735', '736', '742', '744', '756', '757', '759']",0.11692666681483388,0.0066762082278728485,0.701388888888889,0.6209628566684843,0.13707319491955244,0.12518963945677508,0.12464474979788065
target_recurrence,xgboost,Full,43,0,real,089359d9bf907057fb41,611,152,complete,,"['655', '091', '464', '208', '755', '180', '470', '251', '475', '361', '238', '227', '589', '285', '107', '629', '007', '483', '426', '359', '342', '026', '638', '586', '346', '327', '615', '111', '324', '350', '564', '650', '709', '448', '078', '386', '128', '112', '259', '041', '724', '305', '322', '636', '060', '002', '072', '106', '581', '432', '481', '647', '463', '453', '653', '272', '456', '442', '301', '339', '639', '472', '530', '480', '163', '568', '666', '551', '518', '140', '394', '429', '173', '267', '435', '325', '450', '377', '640', '058', '553', '129', '318', '488', '176', '203', '237', '584', '306', '149', '416', '070', '231', '694', '682', '118', '054', '384', '620', '672', '699', '302', '751', '221', '174', '235', '099', '119', '206', '658', '101', '299', '515', '075', '337', '692', '268', '425', '569', '403', '063', '254', '651', '572', '343', '094', '443', '439', '485', '009', '441', '284', '015', '684', '020', '644', '304', '600', '355', '341', '370', '045', '250', '698', '229', '298', '114', '068', '365', '622', '120', '491', '160', '295', '762', '061', '344', '431', '507', '599', '001', '097', '349', '683', '113', '214', '704', '547', '137', '031', '501', '713', '380', '052', '516', '316', '345', '351', '210', '594', '623', '042', '673', '379', '391', '132', '422', '330', '616', '205', '255', '585', '680', '444', '537', '371', '336', '702', '216', '723', '252', '701', '320', '372', '044', '747', '217', '234', '525', '517', '071', '580', '256', '716', '502', '646', '509', '167', '421', '150', '233', '108', '649', '005', '718', '393', '010', '693', '652', '574', '130', '734', '745', '552', '469', '420', '541', '048', '281', '428', '691', '706', '085', '057', '703', '199', '066', '598', '279', '477', '763', '711', '136', '761', '004', '022', '519', '731', '474', '675', '311', '606', '382', '523', '686', '486', '671', '478', '730', '032', '385', '558', '310', '411', '446', '278', '226', '557', '665', '588', '122', '733', '156', '714', '610', '195', '011', '593', '662', '578', '562', '162', '424', '296', '410', '358', '614', '274', '619', '514', '164', '040', '390', '412', '293', '211', '363', '329', '307', '635', '494', '457', '563', '696', '573', '126', '560', '492', '727', '592', '685', '269', '043', '222', '230', '367', '405', '340', '159', '489', '125', '415', '096', '265', '157', '152', '018', '397', '512', '067', '332', '511', '271', '513', '368', '313', '611', '467', '300', '202', '369', '406', '055', '434', '225', '362', '323', '036', '754', '753', '082', '760', '276', '689', '524', '739', '583', '752', '571', '505', '012', '503', '147', '657', '105', '409', '460', '534', '352', '089', '161', '198', '603', '729', '473', '575', '737', '263', '454', '193', '661', '209', '289', '399', '204', '388', '748', '427', '357', '196', '555', '490', '407', '543', '151', '740', '155', '697', '236', '468', '187', '508', '093', '520', '542', '459', '626', '608', '102', '076', '224', '527', '261', '184', '452', '239', '264', '577', '366', '634', '115', '381', '676', '100', '141', '719', '656', '185', '413', '633', '003', '499', '138', '378', '510', '392', '014', '232', '436', '376', '643', '395', '049', '687', '746', '247', '375', '016', '531', '402', '087', '591', '609', '282', '319', '466', '533', '321', '228', '710', '631', '262', '624', '667', '266', '273', '098', '288', '179', '587', '440', '482', '037', '181', '178', '654', '030', '506', '628', '248', '642', '013', '035', '257', '103', '215', '326', '241', '438', '260', '645', '223', '476', '134', '621', '462', '497', '738', '401', '253', '025', '286', '023', '017', '668', '315', '479', '461', '605', '695', '123', '200', '722', '500', '597', '496', '165', '186', '690', '750', '294', '669', '038', '664', '595', '331', '396', '743', '207', '219', '079', '175', '168', '171', '576', '677', '088', '529', '170', '047', '338', '092', '133', '364', '080', '641', '602', '283', '712', '596', '191', '143', '546', '084', '242', '188', '145', '535', '244', '617', '414', '758', '749', '312', '607', '550', '354', '053', '538', '008', '034', '618', '317', '190', '741', '471', '419', '526', '192', '404', '292', '437', '046', '387', '270', '648', '532', '117', '077', '127', '433', '707', '309', '540', '039', '275', '027', '277', '681', '663', '110']","['006', '019', '021', '024', '028', '029', '033', '050', '051', '056', '059', '062', '064', '065', '069', '073', '074', '081', '083', '086', '090', '095', '104', '109', '116', '121', '124', '131', '135', '139', '142', '144', '146', '148', '153', '154', '158', '166', '169', '172', '177', '182', '183', '189', '194', '197', '201', '212', '213', '218', '220', '240', '243', '245', '246', '249', '258', '280', '287', '290', '291', '297', '303', '308', '314', '328', '333', '334', '335', '347', '348', '353', '356', '360', '373', '374', '383', '389', '398', '400', '408', '417', '418', '423', '430', '445', '447', '449', '451', '455', '458', '465', '484', '487', '493', '495', '498', '504', '521', '522', '528', '536', '539', '544', '545', '548', '549', '554', '556', '559', '561', '565', '566', '567', '570', '579', '582', '590', '601', '604', '612', '613', '625', '627', '630', '632', '637', '659', '660', '670', '674', '678', '679', '688', '700', '705', '708', '715', '717', '720', '721', '725', '726', '728', '732', '735', '736', '742', '744', '756', '757', '759']",0.06946287490427494,0.0073990002274513245,0.684147509578544,0.5689182344626182,0.14870747245100918,0.12084112591439503,0.07802662532776594
target_recurrence,tabpfn,50,44,0,real,566f91cb0d0395fd3f59,50,152,complete,,"['692', '576', '165', '097', '254', '288', '349', '578', '127', '362', '043', '252', '357', '442', '696', '264', '350', '125', '216', '621', '321', '695', '366', '384', '222', '623', '047', '388', '317', '072', '242', '699', '005', '511', '537', '488', '671', '087', '514', '187', '103', '701', '652', '191', '079', '089', '293', '186', '106', '591']","['006', '019', '021', '024', '028', '029', '033', '050', '051', '056', '059', '062', '064', '065', '069', '073', '074', '081', '083', '086', '090', '095', '104', '109', '116', '121', '124', '131', '135', '139', '142', '144', '146', '148', '153', '154', '158', '166', '169', '172', '177', '182', '183', '189', '194', '197', '201', '212', '213', '218', '220', '240', '243', '245', '246', '249', '258', '280', '287', '290', '291', '297', '303', '308', '314', '328', '333', '334', '335', '347', '348', '353', '356', '360', '373', '374', '383', '389', '398', '400', '408', '417', '418', '423', '430', '445', '447', '449', '451', '455', '458', '465', '484', '487', '493', '495', '498', '504', '521', '522', '528', '536', '539', '544', '545', '548', '549', '554', '556', '559', '561', '565', '566', '567', '570', '579', '582', '590', '601', '604', '612', '613', '625', '627', '630', '632', '637', '659', '660', '670', '674', '678', '679', '688', '700', '705', '708', '715', '717', '720', '721', '725', '726', '728', '732', '735', '736', '742', '744', '756', '757', '759']",2.0401921668089926,1.2494019162841141,0.6415229885057472,0.35755776914758364,0.17506574693461818,0.02719582681004937,3.294617666862905
target_recurrence,lightgbm,50,44,0,real,ccd4ca56c5a69e70f5a4,50,152,complete,,"['692', '576', '165', '097', '254', '288', '349', '578', '127', '362', '043', '252', '357', '442', '696', '264', '350', '125', '216', '621', '321', '695', '366', '384', '222', '623', '047', '388', '317', '072', '242', '699', '005', '511', '537', '488', '671', '087', '514', '187', '103', '701', '652', '191', '079', '089', '293', '186', '106', '591']","['006', '019', '021', '024', '028', '029', '033', '050', '051', '056', '059', '062', '064', '065', '069', '073', '074', '081', '083', '086', '090', '095', '104', '109', '116', '121', '124', '131', '135', '139', '142', '144', '146', '148', '153', '154', '158', '166', '169', '172', '177', '182', '183', '189', '194', '197', '201', '212', '213', '218', '220', '240', '243', '245', '246', '249', '258', '280', '287', '290', '291', '297', '303', '308', '314', '328', '333', '334', '335', '347', '348', '353', '356', '360', '373', '374', '383', '389', '398', '400', '408', '417', '418', '423', '430', '445', '447', '449', '451', '455', '458', '465', '484', '487', '493', '495', '498', '504', '521', '522', '528', '536', '539', '544', '545', '548', '549', '554', '556', '559', '561', '565', '566', '567', '570', '579', '582', '590', '601', '604', '612', '613', '625', '627', '630', '632', '637', '659', '660', '670', '674', '678', '679', '688', '700', '705', '708', '715', '717', '720', '721', '725', '726', '728', '732', '735', '736', '742', '744', '756', '757', '759']",0.03970808396115899,0.008859624620527029,0.662595785440613,0.3584493337033553,0.1731523870404454,0.08168949138372333,0.0499787088483572
target_recurrence,xgboost,50,44,0,real,cd27a879d04073a7adcd,50,152,complete,,"['692', '576', '165', '097', '254', '288', '349', '578', '127', '362', '043', '252', '357', '442', '696', '264', '350', '125', '216', '621', '321', '695', '366', '384', '222', '623', '047', '388', '317', '072', '242', '699', '005', '511', '537', '488', '671', '087', '514', '187', '103', '701', '652', '191', '079', '089', '293', '186', '106', '591']","['006', '019', '021', '024', '028', '029', '033', '050', '051', '056', '059', '062', '064', '065', '069', '073', '074', '081', '083', '086', '090', '095', '104', '109', '116', '121', '124', '131', '135', '139', '142', '144', '146', '148', '153', '154', '158', '166', '169', '172', '177', '182', '183', '189', '194', '197', '201', '212', '213', '218', '220', '240', '243', '245', '246', '249', '258', '280', '287', '290', '291', '297', '303', '308', '314', '328', '333', '334', '335', '347', '348', '353', '356', '360', '373', '374', '383', '389', '398', '400', '408', '417', '418', '423', '430', '445', '447', '449', '451', '455', '458', '465', '484', '487', '493', '495', '498', '504', '521', '522', '528', '536', '539', '544', '545', '548', '549', '554', '556', '559', '561', '565', '566', '567', '570', '579', '582', '590', '601', '604', '612', '613', '625', '627', '630', '632', '637', '659', '660', '670', '674', '678', '679', '688', '700', '705', '708', '715', '717', '720', '721', '725', '726', '728', '732', '735', '736', '742', '744', '756', '757', '759']",0.03577670780941844,0.007594542112201452,0.5672892720306513,0.2703761814005391,0.23899467932082155,0.22379093393484303,0.044493000023067
target_recurrence,tabpfn,100,44,0,real,bbb8a818a4507fe2b58b,100,152,complete,,"['692', '576', '165', '097', '254', '288', '349', '578', '127', '362', '043', '252', '357', '442', '696', '264', '350', '125', '216', '621', '321', '695', '366', '384', '222', '623', '047', '388', '317', '072', '242', '699', '005', '511', '537', '488', '671', '087', '514', '187', '103', '701', '652', '191', '079', '089', '293', '186', '106', '591', '045', '650', '037', '446', '263', '657', '560', '426', '266', '646', '422', '132', '502', '228', '129', '376', '257', '300', '628', '094', '562', '614', '270', '675', '733', '731', '453', '026', '344', '192', '694', '275', '676', '431', '403', '661', '082', '387', '036', '605', '110', '206', '535', '662', '407', '085', '114', '586', '259', '618']","['006', '019', '021', '024', '028', '029', '033', '050', '051', '056', '059', '062', '064', '065', '069', '073', '074', '081', '083', '086', '090', '095', '104', '109', '116', '121', '124', '131', '135', '139', '142', '144', '146', '148', '153', '154', '158', '166', '169', '172', '177', '182', '183', '189', '194', '197', '201', '212', '213', '218', '220', '240', '243', '245', '246', '249', '258', '280', '287', '290', '291', '297', '303', '308', '314', '328', '333', '334', '335', '347', '348', '353', '356', '360', '373', '374', '383', '389', '398', '400', '408', '417', '418', '423', '430', '445', '447', '449', '451', '455', '458', '465', '484', '487', '493', '495', '498', '504', '521', '522', '528', '536', '539', '544', '545', '548', '549', '554', '556', '559', '561', '565', '566', '567', '570', '579', '582', '590', '601', '604', '612', '613', '625', '627', '630', '632', '637', '659', '660', '670', '674', '678', '679', '688', '700', '705', '708', '715', '717', '720', '721', '725', '726', '728', '732', '735', '736', '742', '744', '756', '757', '759']",3.95125195896253,1.233466625213623,0.6671455938697318,0.48553661440558415,0.1541183400092733,0.0689146006970029,5.189261542167515
target_recurrence,lightgbm,100,44,0,real,cc3e778a991fe5d8e941,100,152,complete,,"['692', '576', '165', '097', '254', '288', '349', '578', '127', '362', '043', '252', '357', '442', '696', '264', '350', '125', '216', '621', '321', '695', '366', '384', '222', '623', '047', '388', '317', '072', '242', '699', '005', '511', '537', '488', '671', '087', '514', '187', '103', '701', '652', '191', '079', '089', '293', '186', '106', '591', '045', '650', '037', '446', '263', '657', '560', '426', '266', '646', '422', '132', '502', '228', '129', '376', '257', '300', '628', '094', '562', '614', '270', '675', '733', '731', '453', '026', '344', '192', '694', '275', '676', '431', '403', '661', '082', '387', '036', '605', '110', '206', '535', '662', '407', '085', '114', '586', '259', '618']","['006', '019', '021', '024', '028', '029', '033', '050', '051', '056', '059', '062', '064', '065', '069', '073', '074', '081', '083', '086', '090', '095', '104', '109', '116', '121', '124', '131', '135', '139', '142', '144', '146', '148', '153', '154', '158', '166', '169', '172', '177', '182', '183', '189', '194', '197', '201', '212', '213', '218', '220', '240', '243', '245', '246', '249', '258', '280', '287', '290', '291', '297', '303', '308', '314', '328', '333', '334', '335', '347', '348', '353', '356', '360', '373', '374', '383', '389', '398', '400', '408', '417', '418', '423', '430', '445', '447', '449', '451', '455', '458', '465', '484', '487', '493', '495', '498', '504', '521', '522', '528', '536', '539', '544', '545', '548', '549', '554', '556', '559', '561', '565', '566', '567', '570', '579', '582', '590', '601', '604', '612', '613', '625', '627', '630', '632', '637', '659', '660', '670', '674', '678', '679', '688', '700', '705', '708', '715', '717', '720', '721', '725', '726', '728', '732', '735', '736', '742', '744', '756', '757', '759']",0.049289957620203495,0.008049292024224997,0.5385536398467433,0.25575053811443316,0.23433872430408442,0.1932025043844152,0.058701958041638136
target_recurrence,xgboost,100,44,0,real,a8007c3dcb4f64f40f25,100,152,complete,,"['692', '576', '165', '097', '254', '288', '349', '578', '127', '362', '043', '252', '357', '442', '696', '264', '350', '125', '216', '621', '321', '695', '366', '384', '222', '623', '047', '388', '317', '072', '242', '699', '005', '511', '537', '488', '671', '087', '514', '187', '103', '701', '652', '191', '079', '089', '293', '186', '106', '591', '045', '650', '037', '446', '263', '657', '560', '426', '266', '646', '422', '132', '502', '228', '129', '376', '257', '300', '628', '094', '562', '614', '270', '675', '733', '731', '453', '026', '344', '192', '694', '275', '676', '431', '403', '661', '082', '387', '036', '605', '110', '206', '535', '662', '407', '085', '114', '586', '259', '618']","['006', '019', '021', '024', '028', '029', '033', '050', '051', '056', '059', '062', '064', '065', '069', '073', '074', '081', '083', '086', '090', '095', '104', '109', '116', '121', '124', '131', '135', '139', '142', '144', '146', '148', '153', '154', '158', '166', '169', '172', '177', '182', '183', '189', '194', '197', '201', '212', '213', '218', '220', '240', '243', '245', '246', '249', '258', '280', '287', '290', '291', '297', '303', '308', '314', '328', '333', '334', '335', '347', '348', '353', '356', '360', '373', '374', '383', '389', '398', '400', '408', '417', '418', '423', '430', '445', '447', '449', '451', '455', '458', '465', '484', '487', '493', '495', '498', '504', '521', '522', '528', '536', '539', '544', '545', '548', '549', '554', '556', '559', '561', '565', '566', '567', '570', '579', '582', '590', '601', '604', '612', '613', '625', '627', '630', '632', '637', '659', '660', '670', '674', '678', '679', '688', '700', '705', '708', '715', '717', '720', '721', '725', '726', '728', '732', '735', '736', '742', '744', '756', '757', '759']",0.04070383310317993,0.006724333856254816,0.5498084291187739,0.3067064799599366,0.21515686226046038,0.1884185731132196,0.048596625216305256
target_recurrence,tabpfn,200,44,0,real,3b16ce7e679d83678a48,200,152,complete,,"['692', '576', '165', '097', '254', '288', '349', '578', '127', '362', '043', '252', '357', '442', '696', '264', '350', '125', '216', '621', '321', '695', '366', '384', '222', '623', '047', '388', '317', '072', '242', '699', '005', '511', '537', '488', '671', '087', '514', '187', '103', '701', '652', '191', '079', '089', '293', '186', '106', '591', '045', '650', '037', '446', '263', '657', '560', '426', '266', '646', '422', '132', '502', '228', '129', '376', '257', '300', '628', '094', '562', '614', '270', '675', '733', '731', '453', '026', '344', '192', '694', '275', '676', '431', '403', '661', '082', '387', '036', '605', '110', '206', '535', '662', '407', '085', '114', '586', '259', '618', '543', '553', '557', '202', '448', '745', '703', '452', '741', '235', '681', '164', '428', '558', '171', '509', '111', '508', '379', '607', '624', '372', '038', '381', '450', '689', '067', '583', '032', '279', '224', '480', '629', '752', '052', '666', '635', '364', '457', '569', '305', '232', '610', '491', '167', '719', '542', '035', '057', '298', '644', '749', '444', '049', '120', '091', '363', '046', '466', '460', '626', '009', '304', '336', '342', '600', '653', '020', '063', '229', '207', '105', '698', '527', '490', '740', '647', '160', '025', '722', '338', '195', '658', '753', '506', '472', '673', '517', '520', '141', '619', '599', '434', '138', '077', '030', '285', '012', '198', '718']","['006', '019', '021', '024', '028', '029', '033', '050', '051', '056', '059', '062', '064', '065', '069', '073', '074', '081', '083', '086', '090', '095', '104', '109', '116', '121', '124', '131', '135', '139', '142', '144', '146', '148', '153', '154', '158', '166', '169', '172', '177', '182', '183', '189', '194', '197', '201', '212', '213', '218', '220', '240', '243', '245', '246', '249', '258', '280', '287', '290', '291', '297', '303', '308', '314', '328', '333', '334', '335', '347', '348', '353', '356', '360', '373', '374', '383', '389', '398', '400', '408', '417', '418', '423', '430', '445', '447', '449', '451', '455', '458', '465', '484', '487', '493', '495', '498', '504', '521', '522', '528', '536', '539', '544', '545', '548', '549', '554', '556', '559', '561', '565', '566', '567', '570', '579', '582', '590', '601', '604', '612', '613', '625', '627', '630', '632', '637', '659', '660', '670', '674', '678', '679', '688', '700', '705', '708', '715', '717', '720', '721', '725', '726', '728', '732', '735', '736', '742', '744', '756', '757', '759']",3.963413374964148,1.3082529166713357,0.6467911877394635,0.5260252351724677,0.14061034727809654,0.05473791175570928,5.276472249999642
target_recurrence,lightgbm,200,44,0,real,a1a8bcf2598d2cc598b2,200,152,complete,,"['692', '576', '165', '097', '254', '288', '349', '578', '127', '362', '043', '252', '357', '442', '696', '264', '350', '125', '216', '621', '321', '695', '366', '384', '222', '623', '047', '388', '317', '072', '242', '699', '005', '511', '537', '488', '671', '087', '514', '187', '103', '701', '652', '191', '079', '089', '293', '186', '106', '591', '045', '650', '037', '446', '263', '657', '560', '426', '266', '646', '422', '132', '502', '228', '129', '376', '257', '300', '628', '094', '562', '614', '270', '675', '733', '731', '453', '026', '344', '192', '694', '275', '676', '431', '403', '661', '082', '387', '036', '605', '110', '206', '535', '662', '407', '085', '114', '586', '259', '618', '543', '553', '557', '202', '448', '745', '703', '452', '741', '235', '681', '164', '428', '558', '171', '509', '111', '508', '379', '607', '624', '372', '038', '381', '450', '689', '067', '583', '032', '279', '224', '480', '629', '752', '052', '666', '635', '364', '457', '569', '305', '232', '610', '491', '167', '719', '542', '035', '057', '298', '644', '749', '444', '049', '120', '091', '363', '046', '466', '460', '626', '009', '304', '336', '342', '600', '653', '020', '063', '229', '207', '105', '698', '527', '490', '740', '647', '160', '025', '722', '338', '195', '658', '753', '506', '472', '673', '517', '520', '141', '619', '599', '434', '138', '077', '030', '285', '012', '198', '718']","['006', '019', '021', '024', '028', '029', '033', '050', '051', '056', '059', '062', '064', '065', '069', '073', '074', '081', '083', '086', '090', '095', '104', '109', '116', '121', '124', '131', '135', '139', '142', '144', '146', '148', '153', '154', '158', '166', '169', '172', '177', '182', '183', '189', '194', '197', '201', '212', '213', '218', '220', '240', '243', '245', '246', '249', '258', '280', '287', '290', '291', '297', '303', '308', '314', '328', '333', '334', '335', '347', '348', '353', '356', '360', '373', '374', '383', '389', '398', '400', '408', '417', '418', '423', '430', '445', '447', '449', '451', '455', '458', '465', '484', '487', '493', '495', '498', '504', '521', '522', '528', '536', '539', '544', '545', '548', '549', '554', '556', '559', '561', '565', '566', '567', '570', '579', '582', '590', '601', '604', '612', '613', '625', '627', '630', '632', '637', '659', '660', '670', '674', '678', '679', '688', '700', '705', '708', '715', '717', '720', '721', '725', '726', '728', '732', '735', '736', '742', '744', '756', '757', '759']",0.05948212509974837,0.00749662471935153,0.530411877394636,0.25444482298331156,0.23586435262067204,0.2099043029296916,0.06823795801028609
target_recurrence,xgboost,200,44,0,real,dd083d654d59ca81cdfb,200,152,complete,,"['692', '576', '165', '097', '254', '288', '349', '578', '127', '362', '043', '252', '357', '442', '696', '264', '350', '125', '216', '621', '321', '695', '366', '384', '222', '623', '047', '388', '317', '072', '242', '699', '005', '511', '537', '488', '671', '087', '514', '187', '103', '701', '652', '191', '079', '089', '293', '186', '106', '591', '045', '650', '037', '446', '263', '657', '560', '426', '266', '646', '422', '132', '502', '228', '129', '376', '257', '300', '628', '094', '562', '614', '270', '675', '733', '731', '453', '026', '344', '192', '694', '275', '676', '431', '403', '661', '082', '387', '036', '605', '110', '206', '535', '662', '407', '085', '114', '586', '259', '618', '543', '553', '557', '202', '448', '745', '703', '452', '741', '235', '681', '164', '428', '558', '171', '509', '111', '508', '379', '607', '624', '372', '038', '381', '450', '689', '067', '583', '032', '279', '224', '480', '629', '752', '052', '666', '635', '364', '457', '569', '305', '232', '610', '491', '167', '719', '542', '035', '057', '298', '644', '749', '444', '049', '120', '091', '363', '046', '466', '460', '626', '009', '304', '336', '342', '600', '653', '020', '063', '229', '207', '105', '698', '527', '490', '740', '647', '160', '025', '722', '338', '195', '658', '753', '506', '472', '673', '517', '520', '141', '619', '599', '434', '138', '077', '030', '285', '012', '198', '718']","['006', '019', '021', '024', '028', '029', '033', '050', '051', '056', '059', '062', '064', '065', '069', '073', '074', '081', '083', '086', '090', '095', '104', '109', '116', '121', '124', '131', '135', '139', '142', '144', '146', '148', '153', '154', '158', '166', '169', '172', '177', '182', '183', '189', '194', '197', '201', '212', '213', '218', '220', '240', '243', '245', '246', '249', '258', '280', '287', '290', '291', '297', '303', '308', '314', '328', '333', '334', '335', '347', '348', '353', '356', '360', '373', '374', '383', '389', '398', '400', '408', '417', '418', '423', '430', '445', '447', '449', '451', '455', '458', '465', '484', '487', '493', '495', '498', '504', '521', '522', '528', '536', '539', '544', '545', '548', '549', '554', '556', '559', '561', '565', '566', '567', '570', '579', '582', '590', '601', '604', '612', '613', '625', '627', '630', '632', '637', '659', '660', '670', '674', '678', '679', '688', '700', '705', '708', '715', '717', '720', '721', '725', '726', '728', '732', '735', '736', '742', '744', '756', '757', '759']",0.049005584325641394,0.006929541006684303,0.6743295019157088,0.5049177212229826,0.17255227534807713,0.14062292526968553,0.057044667191803455
target_recurrence,tabpfn,500,44,0,real,667f6fa6e94dc60ba3cd,500,152,complete,,"['692', '576', '165', '097', '254', '288', '349', '578', '127', '362', '043', '252', '357', '442', '696', '264', '350', '125', '216', '621', '321', '695', '366', '384', '222', '623', '047', '388', '317', '072', '242', '699', '005', '511', '537', '488', '671', '087', '514', '187', '103', '701', '652', '191', '079', '089', '293', '186', '106', '591', '045', '650', '037', '446', '263', '657', '560', '426', '266', '646', '422', '132', '502', '228', '129', '376', '257', '300', '628', '094', '562', '614', '270', '675', '733', '731', '453', '026', '344', '192', '694', '275', '676', '431', '403', '661', '082', '387', '036', '605', '110', '206', '535', '662', '407', '085', '114', '586', '259', '618', '543', '553', '557', '202', '448', '745', '703', '452', '741', '235', '681', '164', '428', '558', '171', '509', '111', '508', '379', '607', '624', '372', '038', '381', '450', '689', '067', '583', '032', '279', '224', '480', '629', '752', '052', '666', '635', '364', '457', '569', '305', '232', '610', '491', '167', '719', '542', '035', '057', '298', '644', '749', '444', '049', '120', '091', '363', '046', '466', '460', '626', '009', '304', '336', '342', '600', '653', '020', '063', '229', '207', '105', '698', '527', '490', '740', '647', '160', '025', '722', '338', '195', '658', '753', '506', '472', '673', '517', '520', '141', '619', '599', '434', '138', '077', '030', '285', '012', '198', '718', '649', '039', '145', '312', '048', '385', '655', '276', '620', '481', '555', '454', '682', '575', '468', '550', '283', '394', '551', '597', '525', '568', '150', '289', '435', '058', '251', '461', '492', '414', '044', '648', '221', '112', '697', '378', '219', '281', '022', '606', '734', '315', '505', '023', '616', '237', '664', '361', '100', '238', '563', '265', '755', '439', '686', '227', '654', '261', '248', '343', '007', '180', '176', '642', '234', '476', '211', '663', '231', '088', '128', '443', '346', '055', '420', '188', '763', '174', '486', '325', '710', '518', '640', '179', '547', '758', '540', '396', '631', '157', '529', '136', '602', '677', '411', '386', '709', '256', '690', '027', '762', '424', '267', '641', '730', '306', '584', '190', '656', '040', '478', '070', '309', '093', '510', '367', '076', '351', '253', '203', '199', '405', '015', '609', '750', '271', '365', '477', '075', '603', '001', '680', '284', '247', '273', '748', '274', '751', '474', '479', '526', '296', '092', '485', '429', '068', '010', '404', '017', '467', '310', '743', '531', '152', '639', '377', '239', '470', '496', '163', '712', '713', '754', '339', '532', '004', '101', '500', '739', '397', '370', '668', '515', '209', '760', '255', '318', '672', '320', '588', '313', '196', '716', '702', '462', '406', '724', '633', '268', '393', '512', '008', '391', '178', '233', '375', '295', '126', '108', '210', '421', '402', '456', '564', '130', '747', '355', '593', '122', '359', '168', '307', '737', '617', '577', '204', '115', '329', '432', '473', '155', '516', '340', '636', '685', '706', '294', '475', '427', '596', '236', '691', '327', '643', '440', '143', '524', '611', '330', '714', '162', '501', '585', '552', '436', '323', '413', '425', '622', '159', '534', '598', '572', '494', '123', '217', '060', '693', '078', '319', '053', '016', '084', '117', '292', '326', '260', '241', '738', '205', '507', '634', '574', '358', '538', '134', '580', '341', '761', '230', '746', '014', '215', '181', '608', '151', '286', '464', '149', '581', '299', '433', '471', '371', '687', '651', '071', '592', '503', '352']","['006', '019', '021', '024', '028', '029', '033', '050', '051', '056', '059', '062', '064', '065', '069', '073', '074', '081', '083', '086', '090', '095', '104', '109', '116', '121', '124', '131', '135', '139', '142', '144', '146', '148', '153', '154', '158', '166', '169', '172', '177', '182', '183', '189', '194', '197', '201', '212', '213', '218', '220', '240', '243', '245', '246', '249', '258', '280', '287', '290', '291', '297', '303', '308', '314', '328', '333', '334', '335', '347', '348', '353', '356', '360', '373', '374', '383', '389', '398', '400', '408', '417', '418', '423', '430', '445', '447', '449', '451', '455', '458', '465', '484', '487', '493', '495', '498', '504', '521', '522', '528', '536', '539', '544', '545', '548', '549', '554', '556', '559', '561', '565', '566', '567', '570', '579', '582', '590', '601', '604', '612', '613', '625', '627', '630', '632', '637', '659', '660', '670', '674', '678', '679', '688', '700', '705', '708', '715', '717', '720', '721', '725', '726', '728', '732', '735', '736', '742', '744', '756', '757', '759']",1.9486335418187082,1.391191208269447,0.6985153256704981,0.5698676892660121,0.13552653416777885,0.07563469127604837,3.344998999964446
target_recurrence,lightgbm,500,44,0,real,831a22f79d89dc829a0e,500,152,complete,,"['692', '576', '165', '097', '254', '288', '349', '578', '127', '362', '043', '252', '357', '442', '696', '264', '350', '125', '216', '621', '321', '695', '366', '384', '222', '623', '047', '388', '317', '072', '242', '699', '005', '511', '537', '488', '671', '087', '514', '187', '103', '701', '652', '191', '079', '089', '293', '186', '106', '591', '045', '650', '037', '446', '263', '657', '560', '426', '266', '646', '422', '132', '502', '228', '129', '376', '257', '300', '628', '094', '562', '614', '270', '675', '733', '731', '453', '026', '344', '192', '694', '275', '676', '431', '403', '661', '082', '387', '036', '605', '110', '206', '535', '662', '407', '085', '114', '586', '259', '618', '543', '553', '557', '202', '448', '745', '703', '452', '741', '235', '681', '164', '428', '558', '171', '509', '111', '508', '379', '607', '624', '372', '038', '381', '450', '689', '067', '583', '032', '279', '224', '480', '629', '752', '052', '666', '635', '364', '457', '569', '305', '232', '610', '491', '167', '719', '542', '035', '057', '298', '644', '749', '444', '049', '120', '091', '363', '046', '466', '460', '626', '009', '304', '336', '342', '600', '653', '020', '063', '229', '207', '105', '698', '527', '490', '740', '647', '160', '025', '722', '338', '195', '658', '753', '506', '472', '673', '517', '520', '141', '619', '599', '434', '138', '077', '030', '285', '012', '198', '718', '649', '039', '145', '312', '048', '385', '655', '276', '620', '481', '555', '454', '682', '575', '468', '550', '283', '394', '551', '597', '525', '568', '150', '289', '435', '058', '251', '461', '492', '414', '044', '648', '221', '112', '697', '378', '219', '281', '022', '606', '734', '315', '505', '023', '616', '237', '664', '361', '100', '238', '563', '265', '755', '439', '686', '227', '654', '261', '248', '343', '007', '180', '176', '642', '234', '476', '211', '663', '231', '088', '128', '443', '346', '055', '420', '188', '763', '174', '486', '325', '710', '518', '640', '179', '547', '758', '540', '396', '631', '157', '529', '136', '602', '677', '411', '386', '709', '256', '690', '027', '762', '424', '267', '641', '730', '306', '584', '190', '656', '040', '478', '070', '309', '093', '510', '367', '076', '351', '253', '203', '199', '405', '015', '609', '750', '271', '365', '477', '075', '603', '001', '680', '284', '247', '273', '748', '274', '751', '474', '479', '526', '296', '092', '485', '429', '068', '010', '404', '017', '467', '310', '743', '531', '152', '639', '377', '239', '470', '496', '163', '712', '713', '754', '339', '532', '004', '101', '500', '739', '397', '370', '668', '515', '209', '760', '255', '318', '672', '320', '588', '313', '196', '716', '702', '462', '406', '724', '633', '268', '393', '512', '008', '391', '178', '233', '375', '295', '126', '108', '210', '421', '402', '456', '564', '130', '747', '355', '593', '122', '359', '168', '307', '737', '617', '577', '204', '115', '329', '432', '473', '155', '516', '340', '636', '685', '706', '294', '475', '427', '596', '236', '691', '327', '643', '440', '143', '524', '611', '330', '714', '162', '501', '585', '552', '436', '323', '413', '425', '622', '159', '534', '598', '572', '494', '123', '217', '060', '693', '078', '319', '053', '016', '084', '117', '292', '326', '260', '241', '738', '205', '507', '634', '574', '358', '538', '134', '580', '341', '761', '230', '746', '014', '215', '181', '608', '151', '286', '464', '149', '581', '299', '433', '471', '371', '687', '651', '071', '592', '503', '352']","['006', '019', '021', '024', '028', '029', '033', '050', '051', '056', '059', '062', '064', '065', '069', '073', '074', '081', '083', '086', '090', '095', '104', '109', '116', '121', '124', '131', '135', '139', '142', '144', '146', '148', '153', '154', '158', '166', '169', '172', '177', '182', '183', '189', '194', '197', '201', '212', '213', '218', '220', '240', '243', '245', '246', '249', '258', '280', '287', '290', '291', '297', '303', '308', '314', '328', '333', '334', '335', '347', '348', '353', '356', '360', '373', '374', '383', '389', '398', '400', '408', '417', '418', '423', '430', '445', '447', '449', '451', '455', '458', '465', '484', '487', '493', '495', '498', '504', '521', '522', '528', '536', '539', '544', '545', '548', '549', '554', '556', '559', '561', '565', '566', '567', '570', '579', '582', '590', '601', '604', '612', '613', '625', '627', '630', '632', '637', '659', '660', '670', '674', '678', '679', '688', '700', '705', '708', '715', '717', '720', '721', '725', '726', '728', '732', '735', '736', '742', '744', '756', '757', '759']",0.09568058280274272,0.006584500428289175,0.66977969348659,0.5523735184611376,0.14988092736050734,0.11841622300647481,0.10334741603583097
target_recurrence,xgboost,500,44,0,real,3720881d231b3468d791,500,152,complete,,"['692', '576', '165', '097', '254', '288', '349', '578', '127', '362', '043', '252', '357', '442', '696', '264', '350', '125', '216', '621', '321', '695', '366', '384', '222', '623', '047', '388', '317', '072', '242', '699', '005', '511', '537', '488', '671', '087', '514', '187', '103', '701', '652', '191', '079', '089', '293', '186', '106', '591', '045', '650', '037', '446', '263', '657', '560', '426', '266', '646', '422', '132', '502', '228', '129', '376', '257', '300', '628', '094', '562', '614', '270', '675', '733', '731', '453', '026', '344', '192', '694', '275', '676', '431', '403', '661', '082', '387', '036', '605', '110', '206', '535', '662', '407', '085', '114', '586', '259', '618', '543', '553', '557', '202', '448', '745', '703', '452', '741', '235', '681', '164', '428', '558', '171', '509', '111', '508', '379', '607', '624', '372', '038', '381', '450', '689', '067', '583', '032', '279', '224', '480', '629', '752', '052', '666', '635', '364', '457', '569', '305', '232', '610', '491', '167', '719', '542', '035', '057', '298', '644', '749', '444', '049', '120', '091', '363', '046', '466', '460', '626', '009', '304', '336', '342', '600', '653', '020', '063', '229', '207', '105', '698', '527', '490', '740', '647', '160', '025', '722', '338', '195', '658', '753', '506', '472', '673', '517', '520', '141', '619', '599', '434', '138', '077', '030', '285', '012', '198', '718', '649', '039', '145', '312', '048', '385', '655', '276', '620', '481', '555', '454', '682', '575', '468', '550', '283', '394', '551', '597', '525', '568', '150', '289', '435', '058', '251', '461', '492', '414', '044', '648', '221', '112', '697', '378', '219', '281', '022', '606', '734', '315', '505', '023', '616', '237', '664', '361', '100', '238', '563', '265', '755', '439', '686', '227', '654', '261', '248', '343', '007', '180', '176', '642', '234', '476', '211', '663', '231', '088', '128', '443', '346', '055', '420', '188', '763', '174', '486', '325', '710', '518', '640', '179', '547', '758', '540', '396', '631', '157', '529', '136', '602', '677', '411', '386', '709', '256', '690', '027', '762', '424', '267', '641', '730', '306', '584', '190', '656', '040', '478', '070', '309', '093', '510', '367', '076', '351', '253', '203', '199', '405', '015', '609', '750', '271', '365', '477', '075', '603', '001', '680', '284', '247', '273', '748', '274', '751', '474', '479', '526', '296', '092', '485', '429', '068', '010', '404', '017', '467', '310', '743', '531', '152', '639', '377', '239', '470', '496', '163', '712', '713', '754', '339', '532', '004', '101', '500', '739', '397', '370', '668', '515', '209', '760', '255', '318', '672', '320', '588', '313', '196', '716', '702', '462', '406', '724', '633', '268', '393', '512', '008', '391', '178', '233', '375', '295', '126', '108', '210', '421', '402', '456', '564', '130', '747', '355', '593', '122', '359', '168', '307', '737', '617', '577', '204', '115', '329', '432', '473', '155', '516', '340', '636', '685', '706', '294', '475', '427', '596', '236', '691', '327', '643', '440', '143', '524', '611', '330', '714', '162', '501', '585', '552', '436', '323', '413', '425', '622', '159', '534', '598', '572', '494', '123', '217', '060', '693', '078', '319', '053', '016', '084', '117', '292', '326', '260', '241', '738', '205', '507', '634', '574', '358', '538', '134', '580', '341', '761', '230', '746', '014', '215', '181', '608', '151', '286', '464', '149', '581', '299', '433', '471', '371', '687', '651', '071', '592', '503', '352']","['006', '019', '021', '024', '028', '029', '033', '050', '051', '056', '059', '062', '064', '065', '069', '073', '074', '081', '083', '086', '090', '095', '104', '109', '116', '121', '124', '131', '135', '139', '142', '144', '146', '148', '153', '154', '158', '166', '169', '172', '177', '182', '183', '189', '194', '197', '201', '212', '213', '218', '220', '240', '243', '245', '246', '249', '258', '280', '287', '290', '291', '297', '303', '308', '314', '328', '333', '334', '335', '347', '348', '353', '356', '360', '373', '374', '383', '389', '398', '400', '408', '417', '418', '423', '430', '445', '447', '449', '451', '455', '458', '465', '484', '487', '493', '495', '498', '504', '521', '522', '528', '536', '539', '544', '545', '548', '549', '554', '556', '559', '561', '565', '566', '567', '570', '579', '582', '590', '601', '604', '612', '613', '625', '627', '630', '632', '637', '659', '660', '670', '674', '678', '679', '688', '700', '705', '708', '715', '717', '720', '721', '725', '726', '728', '732', '735', '736', '742', '744', '756', '757', '759']",0.06506583373993635,0.007442625239491463,0.6999521072796935,0.6048839597043486,0.14486756561951208,0.11146256761065543,0.07368533359840512
target_recurrence,tabpfn,Full,44,0,real,f73bcd4c12f8a364d58e,611,152,complete,,"['692', '576', '165', '097', '254', '288', '349', '578', '127', '362', '043', '252', '357', '442', '696', '264', '350', '125', '216', '621', '321', '695', '366', '384', '222', '623', '047', '388', '317', '072', '242', '699', '005', '511', '537', '488', '671', '087', '514', '187', '103', '701', '652', '191', '079', '089', '293', '186', '106', '591', '045', '650', '037', '446', '263', '657', '560', '426', '266', '646', '422', '132', '502', '228', '129', '376', '257', '300', '628', '094', '562', '614', '270', '675', '733', '731', '453', '026', '344', '192', '694', '275', '676', '431', '403', '661', '082', '387', '036', '605', '110', '206', '535', '662', '407', '085', '114', '586', '259', '618', '543', '553', '557', '202', '448', '745', '703', '452', '741', '235', '681', '164', '428', '558', '171', '509', '111', '508', '379', '607', '624', '372', '038', '381', '450', '689', '067', '583', '032', '279', '224', '480', '629', '752', '052', '666', '635', '364', '457', '569', '305', '232', '610', '491', '167', '719', '542', '035', '057', '298', '644', '749', '444', '049', '120', '091', '363', '046', '466', '460', '626', '009', '304', '336', '342', '600', '653', '020', '063', '229', '207', '105', '698', '527', '490', '740', '647', '160', '025', '722', '338', '195', '658', '753', '506', '472', '673', '517', '520', '141', '619', '599', '434', '138', '077', '030', '285', '012', '198', '718', '649', '039', '145', '312', '048', '385', '655', '276', '620', '481', '555', '454', '682', '575', '468', '550', '283', '394', '551', '597', '525', '568', '150', '289', '435', '058', '251', '461', '492', '414', '044', '648', '221', '112', '697', '378', '219', '281', '022', '606', '734', '315', '505', '023', '616', '237', '664', '361', '100', '238', '563', '265', '755', '439', '686', '227', '654', '261', '248', '343', '007', '180', '176', '642', '234', '476', '211', '663', '231', '088', '128', '443', '346', '055', '420', '188', '763', '174', '486', '325', '710', '518', '640', '179', '547', '758', '540', '396', '631', '157', '529', '136', '602', '677', '411', '386', '709', '256', '690', '027', '762', '424', '267', '641', '730', '306', '584', '190', '656', '040', '478', '070', '309', '093', '510', '367', '076', '351', '253', '203', '199', '405', '015', '609', '750', '271', '365', '477', '075', '603', '001', '680', '284', '247', '273', '748', '274', '751', '474', '479', '526', '296', '092', '485', '429', '068', '010', '404', '017', '467', '310', '743', '531', '152', '639', '377', '239', '470', '496', '163', '712', '713', '754', '339', '532', '004', '101', '500', '739', '397', '370', '668', '515', '209', '760', '255', '318', '672', '320', '588', '313', '196', '716', '702', '462', '406', '724', '633', '268', '393', '512', '008', '391', '178', '233', '375', '295', '126', '108', '210', '421', '402', '456', '564', '130', '747', '355', '593', '122', '359', '168', '307', '737', '617', '577', '204', '115', '329', '432', '473', '155', '516', '340', '636', '685', '706', '294', '475', '427', '596', '236', '691', '327', '643', '440', '143', '524', '611', '330', '714', '162', '501', '585', '552', '436', '323', '413', '425', '622', '159', '534', '598', '572', '494', '123', '217', '060', '693', '078', '319', '053', '016', '084', '117', '292', '326', '260', '241', '738', '205', '507', '634', '574', '358', '538', '134', '580', '341', '761', '230', '746', '014', '215', '181', '608', '151', '286', '464', '149', '581', '299', '433', '471', '371', '687', '651', '071', '592', '503', '352', '013', '711', '571', '354', '316', '638', '161', '469', '107', '437', '003', '615', '208', '368', '250', '546', '311', '645', '277', '061', '173', '669', '170', '369', '096', '665', '727', '098', '054', '137', '332', '483', '410', '416', '499', '324', '225', '399', '482', '099', '282', '412', '390', '331', '395', '513', '489', '523', '382', '272', '175', '497', '337', '226', '262', '441', '133', '345', '519', '438', '223', '530', '409', '184', '684', '002', '269', '723', '140', '102', '119', '018', '113', '683', '302', '080', '401', '031', '573', '667', '587', '041', '301', '118', '147', '392', '419', '541', '042', '066', '244', '704', '589', '707', '533', '729', '459', '034', '595', '380', '415', '185', '200', '463', '594', '156', '322', '214', '278', '011', '193']","['006', '019', '021', '024', '028', '029', '033', '050', '051', '056', '059', '062', '064', '065', '069', '073', '074', '081', '083', '086', '090', '095', '104', '109', '116', '121', '124', '131', '135', '139', '142', '144', '146', '148', '153', '154', '158', '166', '169', '172', '177', '182', '183', '189', '194', '197', '201', '212', '213', '218', '220', '240', '243', '245', '246', '249', '258', '280', '287', '290', '291', '297', '303', '308', '314', '328', '333', '334', '335', '347', '348', '353', '356', '360', '373', '374', '383', '389', '398', '400', '408', '417', '418', '423', '430', '445', '447', '449', '451', '455', '458', '465', '484', '487', '493', '495', '498', '504', '521', '522', '528', '536', '539', '544', '545', '548', '549', '554', '556', '559', '561', '565', '566', '567', '570', '579', '582', '590', '601', '604', '612', '613', '625', '627', '630', '632', '637', '659', '660', '670', '674', '678', '679', '688', '700', '705', '708', '715', '717', '720', '721', '725', '726', '728', '732', '735', '736', '742', '744', '756', '757', '759']",3.9475381248630583,1.3553902921266854,0.7155172413793103,0.5670727388063181,0.13533137410577936,0.05702445371762702,5.309767291881144
target_recurrence,lightgbm,Full,44,0,real,3d6373d71b799f471e9a,611,152,complete,,"['692', '576', '165', '097', '254', '288', '349', '578', '127', '362', '043', '252', '357', '442', '696', '264', '350', '125', '216', '621', '321', '695', '366', '384', '222', '623', '047', '388', '317', '072', '242', '699', '005', '511', '537', '488', '671', '087', '514', '187', '103', '701', '652', '191', '079', '089', '293', '186', '106', '591', '045', '650', '037', '446', '263', '657', '560', '426', '266', '646', '422', '132', '502', '228', '129', '376', '257', '300', '628', '094', '562', '614', '270', '675', '733', '731', '453', '026', '344', '192', '694', '275', '676', '431', '403', '661', '082', '387', '036', '605', '110', '206', '535', '662', '407', '085', '114', '586', '259', '618', '543', '553', '557', '202', '448', '745', '703', '452', '741', '235', '681', '164', '428', '558', '171', '509', '111', '508', '379', '607', '624', '372', '038', '381', '450', '689', '067', '583', '032', '279', '224', '480', '629', '752', '052', '666', '635', '364', '457', '569', '305', '232', '610', '491', '167', '719', '542', '035', '057', '298', '644', '749', '444', '049', '120', '091', '363', '046', '466', '460', '626', '009', '304', '336', '342', '600', '653', '020', '063', '229', '207', '105', '698', '527', '490', '740', '647', '160', '025', '722', '338', '195', '658', '753', '506', '472', '673', '517', '520', '141', '619', '599', '434', '138', '077', '030', '285', '012', '198', '718', '649', '039', '145', '312', '048', '385', '655', '276', '620', '481', '555', '454', '682', '575', '468', '550', '283', '394', '551', '597', '525', '568', '150', '289', '435', '058', '251', '461', '492', '414', '044', '648', '221', '112', '697', '378', '219', '281', '022', '606', '734', '315', '505', '023', '616', '237', '664', '361', '100', '238', '563', '265', '755', '439', '686', '227', '654', '261', '248', '343', '007', '180', '176', '642', '234', '476', '211', '663', '231', '088', '128', '443', '346', '055', '420', '188', '763', '174', '486', '325', '710', '518', '640', '179', '547', '758', '540', '396', '631', '157', '529', '136', '602', '677', '411', '386', '709', '256', '690', '027', '762', '424', '267', '641', '730', '306', '584', '190', '656', '040', '478', '070', '309', '093', '510', '367', '076', '351', '253', '203', '199', '405', '015', '609', '750', '271', '365', '477', '075', '603', '001', '680', '284', '247', '273', '748', '274', '751', '474', '479', '526', '296', '092', '485', '429', '068', '010', '404', '017', '467', '310', '743', '531', '152', '639', '377', '239', '470', '496', '163', '712', '713', '754', '339', '532', '004', '101', '500', '739', '397', '370', '668', '515', '209', '760', '255', '318', '672', '320', '588', '313', '196', '716', '702', '462', '406', '724', '633', '268', '393', '512', '008', '391', '178', '233', '375', '295', '126', '108', '210', '421', '402', '456', '564', '130', '747', '355', '593', '122', '359', '168', '307', '737', '617', '577', '204', '115', '329', '432', '473', '155', '516', '340', '636', '685', '706', '294', '475', '427', '596', '236', '691', '327', '643', '440', '143', '524', '611', '330', '714', '162', '501', '585', '552', '436', '323', '413', '425', '622', '159', '534', '598', '572', '494', '123', '217', '060', '693', '078', '319', '053', '016', '084', '117', '292', '326', '260', '241', '738', '205', '507', '634', '574', '358', '538', '134', '580', '341', '761', '230', '746', '014', '215', '181', '608', '151', '286', '464', '149', '581', '299', '433', '471', '371', '687', '651', '071', '592', '503', '352', '013', '711', '571', '354', '316', '638', '161', '469', '107', '437', '003', '615', '208', '368', '250', '546', '311', '645', '277', '061', '173', '669', '170', '369', '096', '665', '727', '098', '054', '137', '332', '483', '410', '416', '499', '324', '225', '399', '482', '099', '282', '412', '390', '331', '395', '513', '489', '523', '382', '272', '175', '497', '337', '226', '262', '441', '133', '345', '519', '438', '223', '530', '409', '184', '684', '002', '269', '723', '140', '102', '119', '018', '113', '683', '302', '080', '401', '031', '573', '667', '587', '041', '301', '118', '147', '392', '419', '541', '042', '066', '244', '704', '589', '707', '533', '729', '459', '034', '595', '380', '415', '185', '200', '463', '594', '156', '322', '214', '278', '011', '193']","['006', '019', '021', '024', '028', '029', '033', '050', '051', '056', '059', '062', '064', '065', '069', '073', '074', '081', '083', '086', '090', '095', '104', '109', '116', '121', '124', '131', '135', '139', '142', '144', '146', '148', '153', '154', '158', '166', '169', '172', '177', '182', '183', '189', '194', '197', '201', '212', '213', '218', '220', '240', '243', '245', '246', '249', '258', '280', '287', '290', '291', '297', '303', '308', '314', '328', '333', '334', '335', '347', '348', '353', '356', '360', '373', '374', '383', '389', '398', '400', '408', '417', '418', '423', '430', '445', '447', '449', '451', '455', '458', '465', '484', '487', '493', '495', '498', '504', '521', '522', '528', '536', '539', '544', '545', '548', '549', '554', '556', '559', '561', '565', '566', '567', '570', '579', '582', '590', '601', '604', '612', '613', '625', '627', '630', '632', '637', '659', '660', '670', '674', '678', '679', '688', '700', '705', '708', '715', '717', '720', '721', '725', '726', '728', '732', '735', '736', '742', '744', '756', '757', '759']",0.11105025000870228,0.006776374764740467,0.701388888888889,0.6209628566684843,0.13707319491955244,0.12518963945677508,0.11890999972820282
target_recurrence,xgboost,Full,44,0,real,7ddd68ada2ccea222ea7,611,152,complete,,"['692', '576', '165', '097', '254', '288', '349', '578', '127', '362', '043', '252', '357', '442', '696', '264', '350', '125', '216', '621', '321', '695', '366', '384', '222', '623', '047', '388', '317', '072', '242', '699', '005', '511', '537', '488', '671', '087', '514', '187', '103', '701', '652', '191', '079', '089', '293', '186', '106', '591', '045', '650', '037', '446', '263', '657', '560', '426', '266', '646', '422', '132', '502', '228', '129', '376', '257', '300', '628', '094', '562', '614', '270', '675', '733', '731', '453', '026', '344', '192', '694', '275', '676', '431', '403', '661', '082', '387', '036', '605', '110', '206', '535', '662', '407', '085', '114', '586', '259', '618', '543', '553', '557', '202', '448', '745', '703', '452', '741', '235', '681', '164', '428', '558', '171', '509', '111', '508', '379', '607', '624', '372', '038', '381', '450', '689', '067', '583', '032', '279', '224', '480', '629', '752', '052', '666', '635', '364', '457', '569', '305', '232', '610', '491', '167', '719', '542', '035', '057', '298', '644', '749', '444', '049', '120', '091', '363', '046', '466', '460', '626', '009', '304', '336', '342', '600', '653', '020', '063', '229', '207', '105', '698', '527', '490', '740', '647', '160', '025', '722', '338', '195', '658', '753', '506', '472', '673', '517', '520', '141', '619', '599', '434', '138', '077', '030', '285', '012', '198', '718', '649', '039', '145', '312', '048', '385', '655', '276', '620', '481', '555', '454', '682', '575', '468', '550', '283', '394', '551', '597', '525', '568', '150', '289', '435', '058', '251', '461', '492', '414', '044', '648', '221', '112', '697', '378', '219', '281', '022', '606', '734', '315', '505', '023', '616', '237', '664', '361', '100', '238', '563', '265', '755', '439', '686', '227', '654', '261', '248', '343', '007', '180', '176', '642', '234', '476', '211', '663', '231', '088', '128', '443', '346', '055', '420', '188', '763', '174', '486', '325', '710', '518', '640', '179', '547', '758', '540', '396', '631', '157', '529', '136', '602', '677', '411', '386', '709', '256', '690', '027', '762', '424', '267', '641', '730', '306', '584', '190', '656', '040', '478', '070', '309', '093', '510', '367', '076', '351', '253', '203', '199', '405', '015', '609', '750', '271', '365', '477', '075', '603', '001', '680', '284', '247', '273', '748', '274', '751', '474', '479', '526', '296', '092', '485', '429', '068', '010', '404', '017', '467', '310', '743', '531', '152', '639', '377', '239', '470', '496', '163', '712', '713', '754', '339', '532', '004', '101', '500', '739', '397', '370', '668', '515', '209', '760', '255', '318', '672', '320', '588', '313', '196', '716', '702', '462', '406', '724', '633', '268', '393', '512', '008', '391', '178', '233', '375', '295', '126', '108', '210', '421', '402', '456', '564', '130', '747', '355', '593', '122', '359', '168', '307', '737', '617', '577', '204', '115', '329', '432', '473', '155', '516', '340', '636', '685', '706', '294', '475', '427', '596', '236', '691', '327', '643', '440', '143', '524', '611', '330', '714', '162', '501', '585', '552', '436', '323', '413', '425', '622', '159', '534', '598', '572', '494', '123', '217', '060', '693', '078', '319', '053', '016', '084', '117', '292', '326', '260', '241', '738', '205', '507', '634', '574', '358', '538', '134', '580', '341', '761', '230', '746', '014', '215', '181', '608', '151', '286', '464', '149', '581', '299', '433', '471', '371', '687', '651', '071', '592', '503', '352', '013', '711', '571', '354', '316', '638', '161', '469', '107', '437', '003', '615', '208', '368', '250', '546', '311', '645', '277', '061', '173', '669', '170', '369', '096', '665', '727', '098', '054', '137', '332', '483', '410', '416', '499', '324', '225', '399', '482', '099', '282', '412', '390', '331', '395', '513', '489', '523', '382', '272', '175', '497', '337', '226', '262', '441', '133', '345', '519', '438', '223', '530', '409', '184', '684', '002', '269', '723', '140', '102', '119', '018', '113', '683', '302', '080', '401', '031', '573', '667', '587', '041', '301', '118', '147', '392', '419', '541', '042', '066', '244', '704', '589', '707', '533', '729', '459', '034', '595', '380', '415', '185', '200', '463', '594', '156', '322', '214', '278', '011', '193']","['006', '019', '021', '024', '028', '029', '033', '050', '051', '056', '059', '062', '064', '065', '069', '073', '074', '081', '083', '086', '090', '095', '104', '109', '116', '121', '124', '131', '135', '139', '142', '144', '146', '148', '153', '154', '158', '166', '169', '172', '177', '182', '183', '189', '194', '197', '201', '212', '213', '218', '220', '240', '243', '245', '246', '249', '258', '280', '287', '290', '291', '297', '303', '308', '314', '328', '333', '334', '335', '347', '348', '353', '356', '360', '373', '374', '383', '389', '398', '400', '408', '417', '418', '423', '430', '445', '447', '449', '451', '455', '458', '465', '484', '487', '493', '495', '498', '504', '521', '522', '528', '536', '539', '544', '545', '548', '549', '554', '556', '559', '561', '565', '566', '567', '570', '579', '582', '590', '601', '604', '612', '613', '625', '627', '630', '632', '637', '659', '660', '670', '674', '678', '679', '688', '700', '705', '708', '715', '717', '720', '721', '725', '726', '728', '732', '735', '736', '742', '744', '756', '757', '759']",0.06910416716709733,0.006958666257560253,0.684147509578544,0.5689182344626182,0.14870747245100918,0.12084112591439503,0.07720287516713142
target_recurrence,tabpfn,50,45,0,real,3b9c89688ee8ea40f3aa,50,152,complete,,"['431', '563', '551', '425', '323', '738', '099', '223', '242', '687', '681', '357', '491', '508', '088', '662', '233', '098', '644', '555', '513', '390', '137', '043', '260', '651', '372', '350', '324', '646', '516', '085', '102', '244', '376', '228', '740', '677', '595', '120', '578', '502', '486', '650', '114', '424', '675', '129', '638', '015']","['006', '019', '021', '024', '028', '029', '033', '050', '051', '056', '059', '062', '064', '065', '069', '073', '074', '081', '083', '086', '090', '095', '104', '109', '116', '121', '124', '131', '135', '139', '142', '144', '146', '148', '153', '154', '158', '166', '169', '172', '177', '182', '183', '189', '194', '197', '201', '212', '213', '218', '220', '240', '243', '245', '246', '249', '258', '280', '287', '290', '291', '297', '303', '308', '314', '328', '333', '334', '335', '347', '348', '353', '356', '360', '373', '374', '383', '389', '398', '400', '408', '417', '418', '423', '430', '445', '447', '449', '451', '455', '458', '465', '484', '487', '493', '495', '498', '504', '521', '522', '528', '536', '539', '544', '545', '548', '549', '554', '556', '559', '561', '565', '566', '567', '570', '579', '582', '590', '601', '604', '612', '613', '625', '627', '630', '632', '637', '659', '660', '670', '674', '678', '679', '688', '700', '705', '708', '715', '717', '720', '721', '725', '726', '728', '732', '735', '736', '742', '744', '756', '757', '759']",1.939618666190654,1.4340092921629548,0.5035919540229885,0.2836969020119943,0.24365947665131055,0.24567440112954692,3.3780315830372274
target_recurrence,lightgbm,50,45,0,real,57fa405e1a3a6478c702,50,152,complete,,"['431', '563', '551', '425', '323', '738', '099', '223', '242', '687', '681', '357', '491', '508', '088', '662', '233', '098', '644', '555', '513', '390', '137', '043', '260', '651', '372', '350', '324', '646', '516', '085', '102', '244', '376', '228', '740', '677', '595', '120', '578', '502', '486', '650', '114', '424', '675', '129', '638', '015']","['006', '019', '021', '024', '028', '029', '033', '050', '051', '056', '059', '062', '064', '065', '069', '073', '074', '081', '083', '086', '090', '095', '104', '109', '116', '121', '124', '131', '135', '139', '142', '144', '146', '148', '153', '154', '158', '166', '169', '172', '177', '182', '183', '189', '194', '197', '201', '212', '213', '218', '220', '240', '243', '245', '246', '249', '258', '280', '287', '290', '291', '297', '303', '308', '314', '328', '333', '334', '335', '347', '348', '353', '356', '360', '373', '374', '383', '389', '398', '400', '408', '417', '418', '423', '430', '445', '447', '449', '451', '455', '458', '465', '484', '487', '493', '495', '498', '504', '521', '522', '528', '536', '539', '544', '545', '548', '549', '554', '556', '559', '561', '565', '566', '567', '570', '579', '582', '590', '601', '604', '612', '613', '625', '627', '630', '632', '637', '659', '660', '670', '674', '678', '679', '688', '700', '705', '708', '715', '717', '720', '721', '725', '726', '728', '732', '735', '736', '742', '744', '756', '757', '759']",0.03368025040253997,0.008170749992132187,0.535081417624521,0.285060209282434,0.22986662661320495,0.20613380464930567,0.04327429132536054
target_recurrence,xgboost,50,45,0,real,84859f6beccb40a2828e,50,152,complete,,"['431', '563', '551', '425', '323', '738', '099', '223', '242', '687', '681', '357', '491', '508', '088', '662', '233', '098', '644', '555', '513', '390', '137', '043', '260', '651', '372', '350', '324', '646', '516', '085', '102', '244', '376', '228', '740', '677', '595', '120', '578', '502', '486', '650', '114', '424', '675', '129', '638', '015']","['006', '019', '021', '024', '028', '029', '033', '050', '051', '056', '059', '062', '064', '065', '069', '073', '074', '081', '083', '086', '090', '095', '104', '109', '116', '121', '124', '131', '135', '139', '142', '144', '146', '148', '153', '154', '158', '166', '169', '172', '177', '182', '183', '189', '194', '197', '201', '212', '213', '218', '220', '240', '243', '245', '246', '249', '258', '280', '287', '290', '291', '297', '303', '308', '314', '328', '333', '334', '335', '347', '348', '353', '356', '360', '373', '374', '383', '389', '398', '400', '408', '417', '418', '423', '430', '445', '447', '449', '451', '455', '458', '465', '484', '487', '493', '495', '498', '504', '521', '522', '528', '536', '539', '544', '545', '548', '549', '554', '556', '559', '561', '565', '566', '567', '570', '579', '582', '590', '601', '604', '612', '613', '625', '627', '630', '632', '637', '659', '660', '670', '674', '678', '679', '688', '700', '705', '708', '715', '717', '720', '721', '725', '726', '728', '732', '735', '736', '742', '744', '756', '757', '759']",0.03397437511011958,0.007010375149548054,0.564176245210728,0.2735467409587986,0.2715211396422236,0.241147161055874,0.04204325005412102
target_recurrence,tabpfn,100,45,0,real,67db1c546cef7e53fd2a,100,152,complete,,"['431', '563', '551', '425', '323', '738', '099', '223', '242', '687', '681', '357', '491', '508', '088', '662', '233', '098', '644', '555', '513', '390', '137', '043', '260', '651', '372', '350', '324', '646', '516', '085', '102', '244', '376', '228', '740', '677', '595', '120', '578', '502', '486', '650', '114', '424', '675', '129', '638', '015', '435', '257', '319', '762', '263', '159', '130', '388', '573', '667', '463', '250', '089', '689', '001', '225', '485', '713', '251', '669', '593', '143', '174', '231', '452', '616', '547', '724', '575', '202', '629', '636', '448', '473', '337', '207', '453', '618', '760', '346', '518', '222', '745', '391', '192', '058', '055', '071', '574', '467']","['006', '019', '021', '024', '028', '029', '033', '050', '051', '056', '059', '062', '064', '065', '069', '073', '074', '081', '083', '086', '090', '095', '104', '109', '116', '121', '124', '131', '135', '139', '142', '144', '146', '148', '153', '154', '158', '166', '169', '172', '177', '182', '183', '189', '194', '197', '201', '212', '213', '218', '220', '240', '243', '245', '246', '249', '258', '280', '287', '290', '291', '297', '303', '308', '314', '328', '333', '334', '335', '347', '348', '353', '356', '360', '373', '374', '383', '389', '398', '400', '408', '417', '418', '423', '430', '445', '447', '449', '451', '455', '458', '465', '484', '487', '493', '495', '498', '504', '521', '522', '528', '536', '539', '544', '545', '548', '549', '554', '556', '559', '561', '565', '566', '567', '570', '579', '582', '590', '601', '604', '612', '613', '625', '627', '630', '632', '637', '659', '660', '670', '674', '678', '679', '688', '700', '705', '708', '715', '717', '720', '721', '725', '726', '728', '732', '735', '736', '742', '744', '756', '757', '759']",4.003041333053261,1.329955458175391,0.715756704980843,0.6146294829842198,0.14338988940867914,0.09963453516952303,5.337845333386213
target_recurrence,lightgbm,100,45,0,real,b25dcc6723b3ee497e47,100,152,complete,,"['431', '563', '551', '425', '323', '738', '099', '223', '242', '687', '681', '357', '491', '508', '088', '662', '233', '098', '644', '555', '513', '390', '137', '043', '260', '651', '372', '350', '324', '646', '516', '085', '102', '244', '376', '228', '740', '677', '595', '120', '578', '502', '486', '650', '114', '424', '675', '129', '638', '015', '435', '257', '319', '762', '263', '159', '130', '388', '573', '667', '463', '250', '089', '689', '001', '225', '485', '713', '251', '669', '593', '143', '174', '231', '452', '616', '547', '724', '575', '202', '629', '636', '448', '473', '337', '207', '453', '618', '760', '346', '518', '222', '745', '391', '192', '058', '055', '071', '574', '467']","['006', '019', '021', '024', '028', '029', '033', '050', '051', '056', '059', '062', '064', '065', '069', '073', '074', '081', '083', '086', '090', '095', '104', '109', '116', '121', '124', '131', '135', '139', '142', '144', '146', '148', '153', '154', '158', '166', '169', '172', '177', '182', '183', '189', '194', '197', '201', '212', '213', '218', '220', '240', '243', '245', '246', '249', '258', '280', '287', '290', '291', '297', '303', '308', '314', '328', '333', '334', '335', '347', '348', '353', '356', '360', '373', '374', '383', '389', '398', '400', '408', '417', '418', '423', '430', '445', '447', '449', '451', '455', '458', '465', '484', '487', '493', '495', '498', '504', '521', '522', '528', '536', '539', '544', '545', '548', '549', '554', '556', '559', '561', '565', '566', '567', '570', '579', '582', '590', '601', '604', '612', '613', '625', '627', '630', '632', '637', '659', '660', '670', '674', '678', '679', '688', '700', '705', '708', '715', '717', '720', '721', '725', '726', '728', '732', '735', '736', '742', '744', '756', '757', '759']",0.04713487531989813,0.0077883340418338776,0.5921934865900382,0.3315182318724952,0.2163548154190684,0.17161155873026432,0.05636516725644469
target_recurrence,xgboost,100,45,0,real,aebfbe9967d919ce5ee1,100,152,complete,,"['431', '563', '551', '425', '323', '738', '099', '223', '242', '687', '681', '357', '491', '508', '088', '662', '233', '098', '644', '555', '513', '390', '137', '043', '260', '651', '372', '350', '324', '646', '516', '085', '102', '244', '376', '228', '740', '677', '595', '120', '578', '502', '486', '650', '114', '424', '675', '129', '638', '015', '435', '257', '319', '762', '263', '159', '130', '388', '573', '667', '463', '250', '089', '689', '001', '225', '485', '713', '251', '669', '593', '143', '174', '231', '452', '616', '547', '724', '575', '202', '629', '636', '448', '473', '337', '207', '453', '618', '760', '346', '518', '222', '745', '391', '192', '058', '055', '071', '574', '467']","['006', '019', '021', '024', '028', '029', '033', '050', '051', '056', '059', '062', '064', '065', '069', '073', '074', '081', '083', '086', '090', '095', '104', '109', '116', '121', '124', '131', '135', '139', '142', '144', '146', '148', '153', '154', '158', '166', '169', '172', '177', '182', '183', '189', '194', '197', '201', '212', '213', '218', '220', '240', '243', '245', '246', '249', '258', '280', '287', '290', '291', '297', '303', '308', '314', '328', '333', '334', '335', '347', '348', '353', '356', '360', '373', '374', '383', '389', '398', '400', '408', '417', '418', '423', '430', '445', '447', '449', '451', '455', '458', '465', '484', '487', '493', '495', '498', '504', '521', '522', '528', '536', '539', '544', '545', '548', '549', '554', '556', '559', '561', '565', '566', '567', '570', '579', '582', '590', '601', '604', '612', '613', '625', '627', '630', '632', '637', '659', '660', '670', '674', '678', '679', '688', '700', '705', '708', '715', '717', '720', '721', '725', '726', '728', '732', '735', '736', '742', '744', '756', '757', '759']",0.039607500191777945,0.00676204077899456,0.6458333333333333,0.435197022068128,0.19204668316498472,0.15417414512538877,0.04752929089590907
target_recurrence,tabpfn,200,45,0,real,348d819e7874d2c79954,200,152,complete,,"['431', '563', '551', '425', '323', '738', '099', '223', '242', '687', '681', '357', '491', '508', '088', '662', '233', '098', '644', '555', '513', '390', '137', '043', '260', '651', '372', '350', '324', '646', '516', '085', '102', '244', '376', '228', '740', '677', '595', '120', '578', '502', '486', '650', '114', '424', '675', '129', '638', '015', '435', '257', '319', '762', '263', '159', '130', '388', '573', '667', '463', '250', '089', '689', '001', '225', '485', '713', '251', '669', '593', '143', '174', '231', '452', '616', '547', '724', '575', '202', '629', '636', '448', '473', '337', '207', '453', '618', '760', '346', '518', '222', '745', '391', '192', '058', '055', '071', '574', '467', '007', '722', '118', '741', '117', '322', '302', '354', '647', '288', '645', '235', '047', '178', '433', '084', '752', '008', '763', '583', '534', '599', '136', '368', '581', '224', '550', '384', '022', '531', '293', '560', '436', '031', '327', '077', '648', '558', '011', '399', '040', '269', '364', '397', '699', '152', '217', '296', '750', '171', '259', '214', '712', '729', '488', '610', '603', '569', '468', '216', '108', '256', '036', '010', '338', '032', '507', '167', '739', '690', '365', '602', '027', '649', '585', '181', '396', '361', '499', '541', '710', '198', '682', '229', '538', '698', '568', '683', '340', '030', '320', '164', '317', '092', '609', '505', '411', '359', '252', '540']","['006', '019', '021', '024', '028', '029', '033', '050', '051', '056', '059', '062', '064', '065', '069', '073', '074', '081', '083', '086', '090', '095', '104', '109', '116', '121', '124', '131', '135', '139', '142', '144', '146', '148', '153', '154', '158', '166', '169', '172', '177', '182', '183', '189', '194', '197', '201', '212', '213', '218', '220', '240', '243', '245', '246', '249', '258', '280', '287', '290', '291', '297', '303', '308', '314', '328', '333', '334', '335', '347', '348', '353', '356', '360', '373', '374', '383', '389', '398', '400', '408', '417', '418', '423', '430', '445', '447', '449', '451', '455', '458', '465', '484', '487', '493', '495', '498', '504', '521', '522', '528', '536', '539', '544', '545', '548', '549', '554', '556', '559', '561', '565', '566', '567', '570', '579', '582', '590', '601', '604', '612', '613', '625', '627', '630', '632', '637', '659', '660', '670', '674', '678', '679', '688', '700', '705', '708', '715', '717', '720', '721', '725', '726', '728', '732', '735', '736', '742', '744', '756', '757', '759']",3.9439113340340555,1.419478583149612,0.700191570881226,0.6063922765382628,0.13787801912076048,0.07970412261784078,5.368940709158778
target_recurrence,lightgbm,200,45,0,real,0d0f3d03aebd7ed88a4c,200,152,complete,,"['431', '563', '551', '425', '323', '738', '099', '223', '242', '687', '681', '357', '491', '508', '088', '662', '233', '098', '644', '555', '513', '390', '137', '043', '260', '651', '372', '350', '324', '646', '516', '085', '102', '244', '376', '228', '740', '677', '595', '120', '578', '502', '486', '650', '114', '424', '675', '129', '638', '015', '435', '257', '319', '762', '263', '159', '130', '388', '573', '667', '463', '250', '089', '689', '001', '225', '485', '713', '251', '669', '593', '143', '174', '231', '452', '616', '547', '724', '575', '202', '629', '636', '448', '473', '337', '207', '453', '618', '760', '346', '518', '222', '745', '391', '192', '058', '055', '071', '574', '467', '007', '722', '118', '741', '117', '322', '302', '354', '647', '288', '645', '235', '047', '178', '433', '084', '752', '008', '763', '583', '534', '599', '136', '368', '581', '224', '550', '384', '022', '531', '293', '560', '436', '031', '327', '077', '648', '558', '011', '399', '040', '269', '364', '397', '699', '152', '217', '296', '750', '171', '259', '214', '712', '729', '488', '610', '603', '569', '468', '216', '108', '256', '036', '010', '338', '032', '507', '167', '739', '690', '365', '602', '027', '649', '585', '181', '396', '361', '499', '541', '710', '198', '682', '229', '538', '698', '568', '683', '340', '030', '320', '164', '317', '092', '609', '505', '411', '359', '252', '540']","['006', '019', '021', '024', '028', '029', '033', '050', '051', '056', '059', '062', '064', '065', '069', '073', '074', '081', '083', '086', '090', '095', '104', '109', '116', '121', '124', '131', '135', '139', '142', '144', '146', '148', '153', '154', '158', '166', '169', '172', '177', '182', '183', '189', '194', '197', '201', '212', '213', '218', '220', '240', '243', '245', '246', '249', '258', '280', '287', '290', '291', '297', '303', '308', '314', '328', '333', '334', '335', '347', '348', '353', '356', '360', '373', '374', '383', '389', '398', '400', '408', '417', '418', '423', '430', '445', '447', '449', '451', '455', '458', '465', '484', '487', '493', '495', '498', '504', '521', '522', '528', '536', '539', '544', '545', '548', '549', '554', '556', '559', '561', '565', '566', '567', '570', '579', '582', '590', '601', '604', '612', '613', '625', '627', '630', '632', '637', '659', '660', '670', '674', '678', '679', '688', '700', '705', '708', '715', '717', '720', '721', '725', '726', '728', '732', '735', '736', '742', '744', '756', '757', '759']",0.05993437534198165,0.007234333083033562,0.6223659003831419,0.40978375718510074,0.20756666975366347,0.2033485721213986,0.06839583301916718
target_recurrence,xgboost,200,45,0,real,8545c257fc50ae57fb65,200,152,complete,,"['431', '563', '551', '425', '323', '738', '099', '223', '242', '687', '681', '357', '491', '508', '088', '662', '233', '098', '644', '555', '513', '390', '137', '043', '260', '651', '372', '350', '324', '646', '516', '085', '102', '244', '376', '228', '740', '677', '595', '120', '578', '502', '486', '650', '114', '424', '675', '129', '638', '015', '435', '257', '319', '762', '263', '159', '130', '388', '573', '667', '463', '250', '089', '689', '001', '225', '485', '713', '251', '669', '593', '143', '174', '231', '452', '616', '547', '724', '575', '202', '629', '636', '448', '473', '337', '207', '453', '618', '760', '346', '518', '222', '745', '391', '192', '058', '055', '071', '574', '467', '007', '722', '118', '741', '117', '322', '302', '354', '647', '288', '645', '235', '047', '178', '433', '084', '752', '008', '763', '583', '534', '599', '136', '368', '581', '224', '550', '384', '022', '531', '293', '560', '436', '031', '327', '077', '648', '558', '011', '399', '040', '269', '364', '397', '699', '152', '217', '296', '750', '171', '259', '214', '712', '729', '488', '610', '603', '569', '468', '216', '108', '256', '036', '010', '338', '032', '507', '167', '739', '690', '365', '602', '027', '649', '585', '181', '396', '361', '499', '541', '710', '198', '682', '229', '538', '698', '568', '683', '340', '030', '320', '164', '317', '092', '609', '505', '411', '359', '252', '540']","['006', '019', '021', '024', '028', '029', '033', '050', '051', '056', '059', '062', '064', '065', '069', '073', '074', '081', '083', '086', '090', '095', '104', '109', '116', '121', '124', '131', '135', '139', '142', '144', '146', '148', '153', '154', '158', '166', '169', '172', '177', '182', '183', '189', '194', '197', '201', '212', '213', '218', '220', '240', '243', '245', '246', '249', '258', '280', '287', '290', '291', '297', '303', '308', '314', '328', '333', '334', '335', '347', '348', '353', '356', '360', '373', '374', '383', '389', '398', '400', '408', '417', '418', '423', '430', '445', '447', '449', '451', '455', '458', '465', '484', '487', '493', '495', '498', '504', '521', '522', '528', '536', '539', '544', '545', '548', '549', '554', '556', '559', '561', '565', '566', '567', '570', '579', '582', '590', '601', '604', '612', '613', '625', '627', '630', '632', '637', '659', '660', '670', '674', '678', '679', '688', '700', '705', '708', '715', '717', '720', '721', '725', '726', '728', '732', '735', '736', '742', '744', '756', '757', '759']",0.045538708567619324,0.007034541107714176,0.6597222222222223,0.5093704645088548,0.18829262330036575,0.178262414706344,0.05362974992021918
target_recurrence,tabpfn,500,45,0,real,4001a221b8a8c306b4d4,500,152,complete,,"['431', '563', '551', '425', '323', '738', '099', '223', '242', '687', '681', '357', '491', '508', '088', '662', '233', '098', '644', '555', '513', '390', '137', '043', '260', '651', '372', '350', '324', '646', '516', '085', '102', '244', '376', '228', '740', '677', '595', '120', '578', '502', '486', '650', '114', '424', '675', '129', '638', '015', '435', '257', '319', '762', '263', '159', '130', '388', '573', '667', '463', '250', '089', '689', '001', '225', '485', '713', '251', '669', '593', '143', '174', '231', '452', '616', '547', '724', '575', '202', '629', '636', '448', '473', '337', '207', '453', '618', '760', '346', '518', '222', '745', '391', '192', '058', '055', '071', '574', '467', '007', '722', '118', '741', '117', '322', '302', '354', '647', '288', '645', '235', '047', '178', '433', '084', '752', '008', '763', '583', '534', '599', '136', '368', '581', '224', '550', '384', '022', '531', '293', '560', '436', '031', '327', '077', '648', '558', '011', '399', '040', '269', '364', '397', '699', '152', '217', '296', '750', '171', '259', '214', '712', '729', '488', '610', '603', '569', '468', '216', '108', '256', '036', '010', '338', '032', '507', '167', '739', '690', '365', '602', '027', '649', '585', '181', '396', '361', '499', '541', '710', '198', '682', '229', '538', '698', '568', '683', '340', '030', '320', '164', '317', '092', '609', '505', '411', '359', '252', '540', '330', '709', '054', '626', '119', '671', '282', '041', '695', '275', '049', '038', '462', '112', '734', '413', '230', '663', '714', '596', '284', '060', '733', '295', '584', '076', '562', '316', '271', '743', '692', '701', '512', '113', '141', '519', '631', '234', '281', '440', '176', '580', '127', '619', '002', '685', '597', '409', '755', '415', '442', '265', '195', '005', '184', '414', '045', '526', '661', '160', '624', '180', '553', '500', '270', '072', '304', '191', '168', '053', '761', '208', '175', '600', '392', '588', '557', '623', '494', '170', '404', '014', '668', '607', '535', '111', '277', '438', '325', '063', '641', '255', '653', '126', '753', '173', '617', '416', '363', '286', '426', '621', '552', '096', '474', '238', '082', '564', '654', '294', '615', '490', '163', '193', '719', '446', '746', '140', '622', '640', '097', '371', '128', '420', '091', '052', '150', '614', '543', '655', '273', '464', '237', '343', '608', '748', '393', '497', '377', '514', '572', '529', '057', '313', '188', '628', '483', '157', '691', '711', '025', '147', '441', '382', '209', '274', '310', '466', '122', '492', '315', '326', '149', '369', '075', '503', '437', '718', '489', '642', '165', '078', '299', '262', '429', '589', '221', '134', '345', '306', '362', '206', '537', '470', '511', '401', '605', '633', '199', '658', '666', '285', '012', '205', '387', '267', '370', '106', '155', '187', '727', '292', '527', '283', '592', '264', '402', '480', '093', '278', '611', '737', '035', '332', '254', '749', '454', '023', '298', '472', '751', '342', '211', '379', '524', '676', '305', '279', '427', '664', '478', '702', '162', '639', '707', '261', '321', '100', '066', '432', '459', '226', '156', '406', '013', '443', '067', '395', '300', '241', '577', '394', '016', '351', '469', '018', '329', '253', '344', '339', '587', '381', '318', '003', '706', '434', '307', '532', '501', '190', '421', '422', '125', '665', '693', '378', '248', '276', '477', '161', '730', '341', '716', '039', '196', '444', '620', '747', '239', '107', '115', '461', '123', '103', '204', '247', '680', '200', '094', '210']","['006', '019', '021', '024', '028', '029', '033', '050', '051', '056', '059', '062', '064', '065', '069', '073', '074', '081', '083', '086', '090', '095', '104', '109', '116', '121', '124', '131', '135', '139', '142', '144', '146', '148', '153', '154', '158', '166', '169', '172', '177', '182', '183', '189', '194', '197', '201', '212', '213', '218', '220', '240', '243', '245', '246', '249', '258', '280', '287', '290', '291', '297', '303', '308', '314', '328', '333', '334', '335', '347', '348', '353', '356', '360', '373', '374', '383', '389', '398', '400', '408', '417', '418', '423', '430', '445', '447', '449', '451', '455', '458', '465', '484', '487', '493', '495', '498', '504', '521', '522', '528', '536', '539', '544', '545', '548', '549', '554', '556', '559', '561', '565', '566', '567', '570', '579', '582', '590', '601', '604', '612', '613', '625', '627', '630', '632', '637', '659', '660', '670', '674', '678', '679', '688', '700', '705', '708', '715', '717', '720', '721', '725', '726', '728', '732', '735', '736', '742', '744', '756', '757', '759']",1.9528138749301434,1.3697801250964403,0.7183908045977012,0.597377224941529,0.1342918129145906,0.051132969166103145,3.327663749922067
target_recurrence,lightgbm,500,45,0,real,ea52bc36c182c6c911b5,500,152,complete,,"['431', '563', '551', '425', '323', '738', '099', '223', '242', '687', '681', '357', '491', '508', '088', '662', '233', '098', '644', '555', '513', '390', '137', '043', '260', '651', '372', '350', '324', '646', '516', '085', '102', '244', '376', '228', '740', '677', '595', '120', '578', '502', '486', '650', '114', '424', '675', '129', '638', '015', '435', '257', '319', '762', '263', '159', '130', '388', '573', '667', '463', '250', '089', '689', '001', '225', '485', '713', '251', '669', '593', '143', '174', '231', '452', '616', '547', '724', '575', '202', '629', '636', '448', '473', '337', '207', '453', '618', '760', '346', '518', '222', '745', '391', '192', '058', '055', '071', '574', '467', '007', '722', '118', '741', '117', '322', '302', '354', '647', '288', '645', '235', '047', '178', '433', '084', '752', '008', '763', '583', '534', '599', '136', '368', '581', '224', '550', '384', '022', '531', '293', '560', '436', '031', '327', '077', '648', '558', '011', '399', '040', '269', '364', '397', '699', '152', '217', '296', '750', '171', '259', '214', '712', '729', '488', '610', '603', '569', '468', '216', '108', '256', '036', '010', '338', '032', '507', '167', '739', '690', '365', '602', '027', '649', '585', '181', '396', '361', '499', '541', '710', '198', '682', '229', '538', '698', '568', '683', '340', '030', '320', '164', '317', '092', '609', '505', '411', '359', '252', '540', '330', '709', '054', '626', '119', '671', '282', '041', '695', '275', '049', '038', '462', '112', '734', '413', '230', '663', '714', '596', '284', '060', '733', '295', '584', '076', '562', '316', '271', '743', '692', '701', '512', '113', '141', '519', '631', '234', '281', '440', '176', '580', '127', '619', '002', '685', '597', '409', '755', '415', '442', '265', '195', '005', '184', '414', '045', '526', '661', '160', '624', '180', '553', '500', '270', '072', '304', '191', '168', '053', '761', '208', '175', '600', '392', '588', '557', '623', '494', '170', '404', '014', '668', '607', '535', '111', '277', '438', '325', '063', '641', '255', '653', '126', '753', '173', '617', '416', '363', '286', '426', '621', '552', '096', '474', '238', '082', '564', '654', '294', '615', '490', '163', '193', '719', '446', '746', '140', '622', '640', '097', '371', '128', '420', '091', '052', '150', '614', '543', '655', '273', '464', '237', '343', '608', '748', '393', '497', '377', '514', '572', '529', '057', '313', '188', '628', '483', '157', '691', '711', '025', '147', '441', '382', '209', '274', '310', '466', '122', '492', '315', '326', '149', '369', '075', '503', '437', '718', '489', '642', '165', '078', '299', '262', '429', '589', '221', '134', '345', '306', '362', '206', '537', '470', '511', '401', '605', '633', '199', '658', '666', '285', '012', '205', '387', '267', '370', '106', '155', '187', '727', '292', '527', '283', '592', '264', '402', '480', '093', '278', '611', '737', '035', '332', '254', '749', '454', '023', '298', '472', '751', '342', '211', '379', '524', '676', '305', '279', '427', '664', '478', '702', '162', '639', '707', '261', '321', '100', '066', '432', '459', '226', '156', '406', '013', '443', '067', '395', '300', '241', '577', '394', '016', '351', '469', '018', '329', '253', '344', '339', '587', '381', '318', '003', '706', '434', '307', '532', '501', '190', '421', '422', '125', '665', '693', '378', '248', '276', '477', '161', '730', '341', '716', '039', '196', '444', '620', '747', '239', '107', '115', '461', '123', '103', '204', '247', '680', '200', '094', '210']","['006', '019', '021', '024', '028', '029', '033', '050', '051', '056', '059', '062', '064', '065', '069', '073', '074', '081', '083', '086', '090', '095', '104', '109', '116', '121', '124', '131', '135', '139', '142', '144', '146', '148', '153', '154', '158', '166', '169', '172', '177', '182', '183', '189', '194', '197', '201', '212', '213', '218', '220', '240', '243', '245', '246', '249', '258', '280', '287', '290', '291', '297', '303', '308', '314', '328', '333', '334', '335', '347', '348', '353', '356', '360', '373', '374', '383', '389', '398', '400', '408', '417', '418', '423', '430', '445', '447', '449', '451', '455', '458', '465', '484', '487', '493', '495', '498', '504', '521', '522', '528', '536', '539', '544', '545', '548', '549', '554', '556', '559', '561', '565', '566', '567', '570', '579', '582', '590', '601', '604', '612', '613', '625', '627', '630', '632', '637', '659', '660', '670', '674', '678', '679', '688', '700', '705', '708', '715', '717', '720', '721', '725', '726', '728', '732', '735', '736', '742', '744', '756', '757', '759']",0.10019750008359551,0.006525957956910133,0.6319444444444445,0.5360427922712656,0.15320406653593438,0.12033133884542996,0.10786262480542064
target_recurrence,xgboost,500,45,0,real,9cc0336ff6770fdb165f,500,152,complete,,"['431', '563', '551', '425', '323', '738', '099', '223', '242', '687', '681', '357', '491', '508', '088', '662', '233', '098', '644', '555', '513', '390', '137', '043', '260', '651', '372', '350', '324', '646', '516', '085', '102', '244', '376', '228', '740', '677', '595', '120', '578', '502', '486', '650', '114', '424', '675', '129', '638', '015', '435', '257', '319', '762', '263', '159', '130', '388', '573', '667', '463', '250', '089', '689', '001', '225', '485', '713', '251', '669', '593', '143', '174', '231', '452', '616', '547', '724', '575', '202', '629', '636', '448', '473', '337', '207', '453', '618', '760', '346', '518', '222', '745', '391', '192', '058', '055', '071', '574', '467', '007', '722', '118', '741', '117', '322', '302', '354', '647', '288', '645', '235', '047', '178', '433', '084', '752', '008', '763', '583', '534', '599', '136', '368', '581', '224', '550', '384', '022', '531', '293', '560', '436', '031', '327', '077', '648', '558', '011', '399', '040', '269', '364', '397', '699', '152', '217', '296', '750', '171', '259', '214', '712', '729', '488', '610', '603', '569', '468', '216', '108', '256', '036', '010', '338', '032', '507', '167', '739', '690', '365', '602', '027', '649', '585', '181', '396', '361', '499', '541', '710', '198', '682', '229', '538', '698', '568', '683', '340', '030', '320', '164', '317', '092', '609', '505', '411', '359', '252', '540', '330', '709', '054', '626', '119', '671', '282', '041', '695', '275', '049', '038', '462', '112', '734', '413', '230', '663', '714', '596', '284', '060', '733', '295', '584', '076', '562', '316', '271', '743', '692', '701', '512', '113', '141', '519', '631', '234', '281', '440', '176', '580', '127', '619', '002', '685', '597', '409', '755', '415', '442', '265', '195', '005', '184', '414', '045', '526', '661', '160', '624', '180', '553', '500', '270', '072', '304', '191', '168', '053', '761', '208', '175', '600', '392', '588', '557', '623', '494', '170', '404', '014', '668', '607', '535', '111', '277', '438', '325', '063', '641', '255', '653', '126', '753', '173', '617', '416', '363', '286', '426', '621', '552', '096', '474', '238', '082', '564', '654', '294', '615', '490', '163', '193', '719', '446', '746', '140', '622', '640', '097', '371', '128', '420', '091', '052', '150', '614', '543', '655', '273', '464', '237', '343', '608', '748', '393', '497', '377', '514', '572', '529', '057', '313', '188', '628', '483', '157', '691', '711', '025', '147', '441', '382', '209', '274', '310', '466', '122', '492', '315', '326', '149', '369', '075', '503', '437', '718', '489', '642', '165', '078', '299', '262', '429', '589', '221', '134', '345', '306', '362', '206', '537', '470', '511', '401', '605', '633', '199', '658', '666', '285', '012', '205', '387', '267', '370', '106', '155', '187', '727', '292', '527', '283', '592', '264', '402', '480', '093', '278', '611', '737', '035', '332', '254', '749', '454', '023', '298', '472', '751', '342', '211', '379', '524', '676', '305', '279', '427', '664', '478', '702', '162', '639', '707', '261', '321', '100', '066', '432', '459', '226', '156', '406', '013', '443', '067', '395', '300', '241', '577', '394', '016', '351', '469', '018', '329', '253', '344', '339', '587', '381', '318', '003', '706', '434', '307', '532', '501', '190', '421', '422', '125', '665', '693', '378', '248', '276', '477', '161', '730', '341', '716', '039', '196', '444', '620', '747', '239', '107', '115', '461', '123', '103', '204', '247', '680', '200', '094', '210']","['006', '019', '021', '024', '028', '029', '033', '050', '051', '056', '059', '062', '064', '065', '069', '073', '074', '081', '083', '086', '090', '095', '104', '109', '116', '121', '124', '131', '135', '139', '142', '144', '146', '148', '153', '154', '158', '166', '169', '172', '177', '182', '183', '189', '194', '197', '201', '212', '213', '218', '220', '240', '243', '245', '246', '249', '258', '280', '287', '290', '291', '297', '303', '308', '314', '328', '333', '334', '335', '347', '348', '353', '356', '360', '373', '374', '383', '389', '398', '400', '408', '417', '418', '423', '430', '445', '447', '449', '451', '455', '458', '465', '484', '487', '493', '495', '498', '504', '521', '522', '528', '536', '539', '544', '545', '548', '549', '554', '556', '559', '561', '565', '566', '567', '570', '579', '582', '590', '601', '604', '612', '613', '625', '627', '630', '632', '637', '659', '660', '670', '674', '678', '679', '688', '700', '705', '708', '715', '717', '720', '721', '725', '726', '728', '732', '735', '736', '742', '744', '756', '757', '759']",0.06498270900920033,0.0069429161958396435,0.6606800766283525,0.5749738728004448,0.1453064120847241,0.12036004842890466,0.07299241703003645
target_recurrence,tabpfn,Full,45,0,real,3f12c88d9b5b30ded8bc,611,152,complete,,"['431', '563', '551', '425', '323', '738', '099', '223', '242', '687', '681', '357', '491', '508', '088', '662', '233', '098', '644', '555', '513', '390', '137', '043', '260', '651', '372', '350', '324', '646', '516', '085', '102', '244', '376', '228', '740', '677', '595', '120', '578', '502', '486', '650', '114', '424', '675', '129', '638', '015', '435', '257', '319', '762', '263', '159', '130', '388', '573', '667', '463', '250', '089', '689', '001', '225', '485', '713', '251', '669', '593', '143', '174', '231', '452', '616', '547', '724', '575', '202', '629', '636', '448', '473', '337', '207', '453', '618', '760', '346', '518', '222', '745', '391', '192', '058', '055', '071', '574', '467', '007', '722', '118', '741', '117', '322', '302', '354', '647', '288', '645', '235', '047', '178', '433', '084', '752', '008', '763', '583', '534', '599', '136', '368', '581', '224', '550', '384', '022', '531', '293', '560', '436', '031', '327', '077', '648', '558', '011', '399', '040', '269', '364', '397', '699', '152', '217', '296', '750', '171', '259', '214', '712', '729', '488', '610', '603', '569', '468', '216', '108', '256', '036', '010', '338', '032', '507', '167', '739', '690', '365', '602', '027', '649', '585', '181', '396', '361', '499', '541', '710', '198', '682', '229', '538', '698', '568', '683', '340', '030', '320', '164', '317', '092', '609', '505', '411', '359', '252', '540', '330', '709', '054', '626', '119', '671', '282', '041', '695', '275', '049', '038', '462', '112', '734', '413', '230', '663', '714', '596', '284', '060', '733', '295', '584', '076', '562', '316', '271', '743', '692', '701', '512', '113', '141', '519', '631', '234', '281', '440', '176', '580', '127', '619', '002', '685', '597', '409', '755', '415', '442', '265', '195', '005', '184', '414', '045', '526', '661', '160', '624', '180', '553', '500', '270', '072', '304', '191', '168', '053', '761', '208', '175', '600', '392', '588', '557', '623', '494', '170', '404', '014', '668', '607', '535', '111', '277', '438', '325', '063', '641', '255', '653', '126', '753', '173', '617', '416', '363', '286', '426', '621', '552', '096', '474', '238', '082', '564', '654', '294', '615', '490', '163', '193', '719', '446', '746', '140', '622', '640', '097', '371', '128', '420', '091', '052', '150', '614', '543', '655', '273', '464', '237', '343', '608', '748', '393', '497', '377', '514', '572', '529', '057', '313', '188', '628', '483', '157', '691', '711', '025', '147', '441', '382', '209', '274', '310', '466', '122', '492', '315', '326', '149', '369', '075', '503', '437', '718', '489', '642', '165', '078', '299', '262', '429', '589', '221', '134', '345', '306', '362', '206', '537', '470', '511', '401', '605', '633', '199', '658', '666', '285', '012', '205', '387', '267', '370', '106', '155', '187', '727', '292', '527', '283', '592', '264', '402', '480', '093', '278', '611', '737', '035', '332', '254', '749', '454', '023', '298', '472', '751', '342', '211', '379', '524', '676', '305', '279', '427', '664', '478', '702', '162', '639', '707', '261', '321', '100', '066', '432', '459', '226', '156', '406', '013', '443', '067', '395', '300', '241', '577', '394', '016', '351', '469', '018', '329', '253', '344', '339', '587', '381', '318', '003', '706', '434', '307', '532', '501', '190', '421', '422', '125', '665', '693', '378', '248', '276', '477', '161', '730', '341', '716', '039', '196', '444', '620', '747', '239', '107', '115', '461', '123', '103', '204', '247', '680', '200', '094', '210', '349', '686', '479', '634', '266', '034', '546', '533', '407', '731', '412', '366', '606', '694', '311', '185', '080', '179', '037', '145', '004', '268', '594', '380', '758', '598', '133', '048', '542', '652', '635', '070', '515', '684', '020', '506', '571', '079', '476', '510', '367', '523', '517', '703', '657', '026', '754', '673', '704', '496', '482', '203', '101', '358', '215', '643', '017', '656', '428', '456', '046', '385', '151', '419', '312', '530', '309', '375', '227', '301', '386', '272', '405', '232', '105', '697', '087', '576', '439', '044', '481', '509', '591', '723', '460', '457', '525', '403', '471', '138', '061', '219', '475', '068', '352', '520', '186', '009', '110', '696', '586', '672', '355', '236', '289', '410', '132', '042', '331', '336', '450']","['006', '019', '021', '024', '028', '029', '033', '050', '051', '056', '059', '062', '064', '065', '069', '073', '074', '081', '083', '086', '090', '095', '104', '109', '116', '121', '124', '131', '135', '139', '142', '144', '146', '148', '153', '154', '158', '166', '169', '172', '177', '182', '183', '189', '194', '197', '201', '212', '213', '218', '220', '240', '243', '245', '246', '249', '258', '280', '287', '290', '291', '297', '303', '308', '314', '328', '333', '334', '335', '347', '348', '353', '356', '360', '373', '374', '383', '389', '398', '400', '408', '417', '418', '423', '430', '445', '447', '449', '451', '455', '458', '465', '484', '487', '493', '495', '498', '504', '521', '522', '528', '536', '539', '544', '545', '548', '549', '554', '556', '559', '561', '565', '566', '567', '570', '579', '582', '590', '601', '604', '612', '613', '625', '627', '630', '632', '637', '659', '660', '670', '674', '678', '679', '688', '700', '705', '708', '715', '717', '720', '721', '725', '726', '728', '732', '735', '736', '742', '744', '756', '757', '759']",3.9783514998853207,1.348680583294481,0.7169540229885057,0.5748743458536899,0.1355012560197872,0.06049569284445362,5.331687833182514
target_recurrence,lightgbm,Full,45,0,real,b063062ee72444e26c46,611,152,complete,,"['431', '563', '551', '425', '323', '738', '099', '223', '242', '687', '681', '357', '491', '508', '088', '662', '233', '098', '644', '555', '513', '390', '137', '043', '260', '651', '372', '350', '324', '646', '516', '085', '102', '244', '376', '228', '740', '677', '595', '120', '578', '502', '486', '650', '114', '424', '675', '129', '638', '015', '435', '257', '319', '762', '263', '159', '130', '388', '573', '667', '463', '250', '089', '689', '001', '225', '485', '713', '251', '669', '593', '143', '174', '231', '452', '616', '547', '724', '575', '202', '629', '636', '448', '473', '337', '207', '453', '618', '760', '346', '518', '222', '745', '391', '192', '058', '055', '071', '574', '467', '007', '722', '118', '741', '117', '322', '302', '354', '647', '288', '645', '235', '047', '178', '433', '084', '752', '008', '763', '583', '534', '599', '136', '368', '581', '224', '550', '384', '022', '531', '293', '560', '436', '031', '327', '077', '648', '558', '011', '399', '040', '269', '364', '397', '699', '152', '217', '296', '750', '171', '259', '214', '712', '729', '488', '610', '603', '569', '468', '216', '108', '256', '036', '010', '338', '032', '507', '167', '739', '690', '365', '602', '027', '649', '585', '181', '396', '361', '499', '541', '710', '198', '682', '229', '538', '698', '568', '683', '340', '030', '320', '164', '317', '092', '609', '505', '411', '359', '252', '540', '330', '709', '054', '626', '119', '671', '282', '041', '695', '275', '049', '038', '462', '112', '734', '413', '230', '663', '714', '596', '284', '060', '733', '295', '584', '076', '562', '316', '271', '743', '692', '701', '512', '113', '141', '519', '631', '234', '281', '440', '176', '580', '127', '619', '002', '685', '597', '409', '755', '415', '442', '265', '195', '005', '184', '414', '045', '526', '661', '160', '624', '180', '553', '500', '270', '072', '304', '191', '168', '053', '761', '208', '175', '600', '392', '588', '557', '623', '494', '170', '404', '014', '668', '607', '535', '111', '277', '438', '325', '063', '641', '255', '653', '126', '753', '173', '617', '416', '363', '286', '426', '621', '552', '096', '474', '238', '082', '564', '654', '294', '615', '490', '163', '193', '719', '446', '746', '140', '622', '640', '097', '371', '128', '420', '091', '052', '150', '614', '543', '655', '273', '464', '237', '343', '608', '748', '393', '497', '377', '514', '572', '529', '057', '313', '188', '628', '483', '157', '691', '711', '025', '147', '441', '382', '209', '274', '310', '466', '122', '492', '315', '326', '149', '369', '075', '503', '437', '718', '489', '642', '165', '078', '299', '262', '429', '589', '221', '134', '345', '306', '362', '206', '537', '470', '511', '401', '605', '633', '199', '658', '666', '285', '012', '205', '387', '267', '370', '106', '155', '187', '727', '292', '527', '283', '592', '264', '402', '480', '093', '278', '611', '737', '035', '332', '254', '749', '454', '023', '298', '472', '751', '342', '211', '379', '524', '676', '305', '279', '427', '664', '478', '702', '162', '639', '707', '261', '321', '100', '066', '432', '459', '226', '156', '406', '013', '443', '067', '395', '300', '241', '577', '394', '016', '351', '469', '018', '329', '253', '344', '339', '587', '381', '318', '003', '706', '434', '307', '532', '501', '190', '421', '422', '125', '665', '693', '378', '248', '276', '477', '161', '730', '341', '716', '039', '196', '444', '620', '747', '239', '107', '115', '461', '123', '103', '204', '247', '680', '200', '094', '210', '349', '686', '479', '634', '266', '034', '546', '533', '407', '731', '412', '366', '606', '694', '311', '185', '080', '179', '037', '145', '004', '268', '594', '380', '758', '598', '133', '048', '542', '652', '635', '070', '515', '684', '020', '506', '571', '079', '476', '510', '367', '523', '517', '703', '657', '026', '754', '673', '704', '496', '482', '203', '101', '358', '215', '643', '017', '656', '428', '456', '046', '385', '151', '419', '312', '530', '309', '375', '227', '301', '386', '272', '405', '232', '105', '697', '087', '576', '439', '044', '481', '509', '591', '723', '460', '457', '525', '403', '471', '138', '061', '219', '475', '068', '352', '520', '186', '009', '110', '696', '586', '672', '355', '236', '289', '410', '132', '042', '331', '336', '450']","['006', '019', '021', '024', '028', '029', '033', '050', '051', '056', '059', '062', '064', '065', '069', '073', '074', '081', '083', '086', '090', '095', '104', '109', '116', '121', '124', '131', '135', '139', '142', '144', '146', '148', '153', '154', '158', '166', '169', '172', '177', '182', '183', '189', '194', '197', '201', '212', '213', '218', '220', '240', '243', '245', '246', '249', '258', '280', '287', '290', '291', '297', '303', '308', '314', '328', '333', '334', '335', '347', '348', '353', '356', '360', '373', '374', '383', '389', '398', '400', '408', '417', '418', '423', '430', '445', '447', '449', '451', '455', '458', '465', '484', '487', '493', '495', '498', '504', '521', '522', '528', '536', '539', '544', '545', '548', '549', '554', '556', '559', '561', '565', '566', '567', '570', '579', '582', '590', '601', '604', '612', '613', '625', '627', '630', '632', '637', '659', '660', '670', '674', '678', '679', '688', '700', '705', '708', '715', '717', '720', '721', '725', '726', '728', '732', '735', '736', '742', '744', '756', '757', '759']",0.11213787505403161,0.006481875199824572,0.701388888888889,0.6209628566684843,0.13707319491955244,0.12518963945677508,0.11976950010284781
target_recurrence,xgboost,Full,45,0,real,06e29b8f55870a693a14,611,152,complete,,"['431', '563', '551', '425', '323', '738', '099', '223', '242', '687', '681', '357', '491', '508', '088', '662', '233', '098', '644', '555', '513', '390', '137', '043', '260', '651', '372', '350', '324', '646', '516', '085', '102', '244', '376', '228', '740', '677', '595', '120', '578', '502', '486', '650', '114', '424', '675', '129', '638', '015', '435', '257', '319', '762', '263', '159', '130', '388', '573', '667', '463', '250', '089', '689', '001', '225', '485', '713', '251', '669', '593', '143', '174', '231', '452', '616', '547', '724', '575', '202', '629', '636', '448', '473', '337', '207', '453', '618', '760', '346', '518', '222', '745', '391', '192', '058', '055', '071', '574', '467', '007', '722', '118', '741', '117', '322', '302', '354', '647', '288', '645', '235', '047', '178', '433', '084', '752', '008', '763', '583', '534', '599', '136', '368', '581', '224', '550', '384', '022', '531', '293', '560', '436', '031', '327', '077', '648', '558', '011', '399', '040', '269', '364', '397', '699', '152', '217', '296', '750', '171', '259', '214', '712', '729', '488', '610', '603', '569', '468', '216', '108', '256', '036', '010', '338', '032', '507', '167', '739', '690', '365', '602', '027', '649', '585', '181', '396', '361', '499', '541', '710', '198', '682', '229', '538', '698', '568', '683', '340', '030', '320', '164', '317', '092', '609', '505', '411', '359', '252', '540', '330', '709', '054', '626', '119', '671', '282', '041', '695', '275', '049', '038', '462', '112', '734', '413', '230', '663', '714', '596', '284', '060', '733', '295', '584', '076', '562', '316', '271', '743', '692', '701', '512', '113', '141', '519', '631', '234', '281', '440', '176', '580', '127', '619', '002', '685', '597', '409', '755', '415', '442', '265', '195', '005', '184', '414', '045', '526', '661', '160', '624', '180', '553', '500', '270', '072', '304', '191', '168', '053', '761', '208', '175', '600', '392', '588', '557', '623', '494', '170', '404', '014', '668', '607', '535', '111', '277', '438', '325', '063', '641', '255', '653', '126', '753', '173', '617', '416', '363', '286', '426', '621', '552', '096', '474', '238', '082', '564', '654', '294', '615', '490', '163', '193', '719', '446', '746', '140', '622', '640', '097', '371', '128', '420', '091', '052', '150', '614', '543', '655', '273', '464', '237', '343', '608', '748', '393', '497', '377', '514', '572', '529', '057', '313', '188', '628', '483', '157', '691', '711', '025', '147', '441', '382', '209', '274', '310', '466', '122', '492', '315', '326', '149', '369', '075', '503', '437', '718', '489', '642', '165', '078', '299', '262', '429', '589', '221', '134', '345', '306', '362', '206', '537', '470', '511', '401', '605', '633', '199', '658', '666', '285', '012', '205', '387', '267', '370', '106', '155', '187', '727', '292', '527', '283', '592', '264', '402', '480', '093', '278', '611', '737', '035', '332', '254', '749', '454', '023', '298', '472', '751', '342', '211', '379', '524', '676', '305', '279', '427', '664', '478', '702', '162', '639', '707', '261', '321', '100', '066', '432', '459', '226', '156', '406', '013', '443', '067', '395', '300', '241', '577', '394', '016', '351', '469', '018', '329', '253', '344', '339', '587', '381', '318', '003', '706', '434', '307', '532', '501', '190', '421', '422', '125', '665', '693', '378', '248', '276', '477', '161', '730', '341', '716', '039', '196', '444', '620', '747', '239', '107', '115', '461', '123', '103', '204', '247', '680', '200', '094', '210', '349', '686', '479', '634', '266', '034', '546', '533', '407', '731', '412', '366', '606', '694', '311', '185', '080', '179', '037', '145', '004', '268', '594', '380', '758', '598', '133', '048', '542', '652', '635', '070', '515', '684', '020', '506', '571', '079', '476', '510', '367', '523', '517', '703', '657', '026', '754', '673', '704', '496', '482', '203', '101', '358', '215', '643', '017', '656', '428', '456', '046', '385', '151', '419', '312', '530', '309', '375', '227', '301', '386', '272', '405', '232', '105', '697', '087', '576', '439', '044', '481', '509', '591', '723', '460', '457', '525', '403', '471', '138', '061', '219', '475', '068', '352', '520', '186', '009', '110', '696', '586', '672', '355', '236', '289', '410', '132', '042', '331', '336', '450']","['006', '019', '021', '024', '028', '029', '033', '050', '051', '056', '059', '062', '064', '065', '069', '073', '074', '081', '083', '086', '090', '095', '104', '109', '116', '121', '124', '131', '135', '139', '142', '144', '146', '148', '153', '154', '158', '166', '169', '172', '177', '182', '183', '189', '194', '197', '201', '212', '213', '218', '220', '240', '243', '245', '246', '249', '258', '280', '287', '290', '291', '297', '303', '308', '314', '328', '333', '334', '335', '347', '348', '353', '356', '360', '373', '374', '383', '389', '398', '400', '408', '417', '418', '423', '430', '445', '447', '449', '451', '455', '458', '465', '484', '487', '493', '495', '498', '504', '521', '522', '528', '536', '539', '544', '545', '548', '549', '554', '556', '559', '561', '565', '566', '567', '570', '579', '582', '590', '601', '604', '612', '613', '625', '627', '630', '632', '637', '659', '660', '670', '674', '678', '679', '688', '700', '705', '708', '715', '717', '720', '721', '725', '726', '728', '732', '735', '736', '742', '744', '756', '757', '759']",0.06955645931884646,0.006999165751039982,0.684147509578544,0.5689182344626182,0.14870747245100918,0.12084112591439503,0.07763087516650558
target_recurrence,tabpfn,50,46,0,real,404694d627d914bafc06,50,152,complete,,"['293', '267', '039', '469', '746', '743', '368', '338', '035', '066', '586', '054', '307', '543', '481', '415', '750', '592', '362', '691', '244', '393', '454', '385', '480', '738', '689', '115', '583', '134', '379', '255', '437', '618', '525', '233', '424', '443', '428', '259', '202', '325', '696', '397', '038', '701', '514', '751', '516', '541']","['006', '019', '021', '024', '028', '029', '033', '050', '051', '056', '059', '062', '064', '065', '069', '073', '074', '081', '083', '086', '090', '095', '104', '109', '116', '121', '124', '131', '135', '139', '142', '144', '146', '148', '153', '154', '158', '166', '169', '172', '177', '182', '183', '189', '194', '197', '201', '212', '213', '218', '220', '240', '243', '245', '246', '249', '258', '280', '287', '290', '291', '297', '303', '308', '314', '328', '333', '334', '335', '347', '348', '353', '356', '360', '373', '374', '383', '389', '398', '400', '408', '417', '418', '423', '430', '445', '447', '449', '451', '455', '458', '465', '484', '487', '493', '495', '498', '504', '521', '522', '528', '536', '539', '544', '545', '548', '549', '554', '556', '559', '561', '565', '566', '567', '570', '579', '582', '590', '601', '604', '612', '613', '625', '627', '630', '632', '637', '659', '660', '670', '674', '678', '679', '688', '700', '705', '708', '715', '717', '720', '721', '725', '726', '728', '732', '735', '736', '742', '744', '756', '757', '759']",3.9661935418844223,1.226280374918133,0.673132183908046,0.570845225628596,0.16444578545679958,0.09994300690136458,5.19686720892787
target_recurrence,lightgbm,50,46,0,real,bc954cd0bc6fdd697897,50,152,complete,,"['293', '267', '039', '469', '746', '743', '368', '338', '035', '066', '586', '054', '307', '543', '481', '415', '750', '592', '362', '691', '244', '393', '454', '385', '480', '738', '689', '115', '583', '134', '379', '255', '437', '618', '525', '233', '424', '443', '428', '259', '202', '325', '696', '397', '038', '701', '514', '751', '516', '541']","['006', '019', '021', '024', '028', '029', '033', '050', '051', '056', '059', '062', '064', '065', '069', '073', '074', '081', '083', '086', '090', '095', '104', '109', '116', '121', '124', '131', '135', '139', '142', '144', '146', '148', '153', '154', '158', '166', '169', '172', '177', '182', '183', '189', '194', '197', '201', '212', '213', '218', '220', '240', '243', '245', '246', '249', '258', '280', '287', '290', '291', '297', '303', '308', '314', '328', '333', '334', '335', '347', '348', '353', '356', '360', '373', '374', '383', '389', '398', '400', '408', '417', '418', '423', '430', '445', '447', '449', '451', '455', '458', '465', '484', '487', '493', '495', '498', '504', '521', '522', '528', '536', '539', '544', '545', '548', '549', '554', '556', '559', '561', '565', '566', '567', '570', '579', '582', '590', '601', '604', '612', '613', '625', '627', '630', '632', '637', '659', '660', '670', '674', '678', '679', '688', '700', '705', '708', '715', '717', '720', '721', '725', '726', '728', '732', '735', '736', '742', '744', '756', '757', '759']",0.037306792102754116,0.008487333077937365,0.6071599616858238,0.29862065372945096,0.19082847833434136,0.11209975817755717,0.047155417036265135
target_recurrence,xgboost,50,46,0,real,4a5692a3b903f97323e1,50,152,complete,,"['293', '267', '039', '469', '746', '743', '368', '338', '035', '066', '586', '054', '307', '543', '481', '415', '750', '592', '362', '691', '244', '393', '454', '385', '480', '738', '689', '115', '583', '134', '379', '255', '437', '618', '525', '233', '424', '443', '428', '259', '202', '325', '696', '397', '038', '701', '514', '751', '516', '541']","['006', '019', '021', '024', '028', '029', '033', '050', '051', '056', '059', '062', '064', '065', '069', '073', '074', '081', '083', '086', '090', '095', '104', '109', '116', '121', '124', '131', '135', '139', '142', '144', '146', '148', '153', '154', '158', '166', '169', '172', '177', '182', '183', '189', '194', '197', '201', '212', '213', '218', '220', '240', '243', '245', '246', '249', '258', '280', '287', '290', '291', '297', '303', '308', '314', '328', '333', '334', '335', '347', '348', '353', '356', '360', '373', '374', '383', '389', '398', '400', '408', '417', '418', '423', '430', '445', '447', '449', '451', '455', '458', '465', '484', '487', '493', '495', '498', '504', '521', '522', '528', '536', '539', '544', '545', '548', '549', '554', '556', '559', '561', '565', '566', '567', '570', '579', '582', '590', '601', '604', '612', '613', '625', '627', '630', '632', '637', '659', '660', '670', '674', '678', '679', '688', '700', '705', '708', '715', '717', '720', '721', '725', '726', '728', '732', '735', '736', '742', '744', '756', '757', '759']",0.034604750107973814,0.007162041030824184,0.5258620689655172,0.27320230103302834,0.21689071334859125,0.18332474806849955,0.042882165871560574
target_recurrence,tabpfn,100,46,0,real,ded2cee9344a70210322,100,152,complete,,"['293', '267', '039', '469', '746', '743', '368', '338', '035', '066', '586', '054', '307', '543', '481', '415', '750', '592', '362', '691', '244', '393', '454', '385', '480', '738', '689', '115', '583', '134', '379', '255', '437', '618', '525', '233', '424', '443', '428', '259', '202', '325', '696', '397', '038', '701', '514', '751', '516', '541', '363', '345', '527', '186', '384', '022', '611', '524', '340', '587', '096', '620', '713', '649', '488', '661', '125', '238', '712', '273', '440', '421', '687', '745', '407', '391', '515', '204', '641', '141', '133', '023', '380', '321', '464', '319', '079', '749', '719', '427', '457', '251', '394', '071', '737', '084', '615', '681', '208', '593']","['006', '019', '021', '024', '028', '029', '033', '050', '051', '056', '059', '062', '064', '065', '069', '073', '074', '081', '083', '086', '090', '095', '104', '109', '116', '121', '124', '131', '135', '139', '142', '144', '146', '148', '153', '154', '158', '166', '169', '172', '177', '182', '183', '189', '194', '197', '201', '212', '213', '218', '220', '240', '243', '245', '246', '249', '258', '280', '287', '290', '291', '297', '303', '308', '314', '328', '333', '334', '335', '347', '348', '353', '356', '360', '373', '374', '383', '389', '398', '400', '408', '417', '418', '423', '430', '445', '447', '449', '451', '455', '458', '465', '484', '487', '493', '495', '498', '504', '521', '522', '528', '536', '539', '544', '545', '548', '549', '554', '556', '559', '561', '565', '566', '567', '570', '579', '582', '590', '601', '604', '612', '613', '625', '627', '630', '632', '637', '659', '660', '670', '674', '678', '679', '688', '700', '705', '708', '715', '717', '720', '721', '725', '726', '728', '732', '735', '736', '742', '744', '756', '757', '759']",3.98484112508595,1.3537024166435003,0.676963601532567,0.5908641139647866,0.15891197936982182,0.1379962534104523,5.3432528749108315
target_recurrence,lightgbm,100,46,0,real,d7e54bd99787fecbe253,100,152,complete,,"['293', '267', '039', '469', '746', '743', '368', '338', '035', '066', '586', '054', '307', '543', '481', '415', '750', '592', '362', '691', '244', '393', '454', '385', '480', '738', '689', '115', '583', '134', '379', '255', '437', '618', '525', '233', '424', '443', '428', '259', '202', '325', '696', '397', '038', '701', '514', '751', '516', '541', '363', '345', '527', '186', '384', '022', '611', '524', '340', '587', '096', '620', '713', '649', '488', '661', '125', '238', '712', '273', '440', '421', '687', '745', '407', '391', '515', '204', '641', '141', '133', '023', '380', '321', '464', '319', '079', '749', '719', '427', '457', '251', '394', '071', '737', '084', '615', '681', '208', '593']","['006', '019', '021', '024', '028', '029', '033', '050', '051', '056', '059', '062', '064', '065', '069', '073', '074', '081', '083', '086', '090', '095', '104', '109', '116', '121', '124', '131', '135', '139', '142', '144', '146', '148', '153', '154', '158', '166', '169', '172', '177', '182', '183', '189', '194', '197', '201', '212', '213', '218', '220', '240', '243', '245', '246', '249', '258', '280', '287', '290', '291', '297', '303', '308', '314', '328', '333', '334', '335', '347', '348', '353', '356', '360', '373', '374', '383', '389', '398', '400', '408', '417', '418', '423', '430', '445', '447', '449', '451', '455', '458', '465', '484', '487', '493', '495', '498', '504', '521', '522', '528', '536', '539', '544', '545', '548', '549', '554', '556', '559', '561', '565', '566', '567', '570', '579', '582', '590', '601', '604', '612', '613', '625', '627', '630', '632', '637', '659', '660', '670', '674', '678', '679', '688', '700', '705', '708', '715', '717', '720', '721', '725', '726', '728', '732', '735', '736', '742', '744', '756', '757', '759']",0.04815933434292674,0.00830004084855318,0.5725574712643677,0.3450830048704398,0.19683619560649604,0.14787873088315295,0.057801750022917986
target_recurrence,xgboost,100,46,0,real,d4b78fe599f9e71b025d,100,152,complete,,"['293', '267', '039', '469', '746', '743', '368', '338', '035', '066', '586', '054', '307', '543', '481', '415', '750', '592', '362', '691', '244', '393', '454', '385', '480', '738', '689', '115', '583', '134', '379', '255', '437', '618', '525', '233', '424', '443', '428', '259', '202', '325', '696', '397', '038', '701', '514', '751', '516', '541', '363', '345', '527', '186', '384', '022', '611', '524', '340', '587', '096', '620', '713', '649', '488', '661', '125', '238', '712', '273', '440', '421', '687', '745', '407', '391', '515', '204', '641', '141', '133', '023', '380', '321', '464', '319', '079', '749', '719', '427', '457', '251', '394', '071', '737', '084', '615', '681', '208', '593']","['006', '019', '021', '024', '028', '029', '033', '050', '051', '056', '059', '062', '064', '065', '069', '073', '074', '081', '083', '086', '090', '095', '104', '109', '116', '121', '124', '131', '135', '139', '142', '144', '146', '148', '153', '154', '158', '166', '169', '172', '177', '182', '183', '189', '194', '197', '201', '212', '213', '218', '220', '240', '243', '245', '246', '249', '258', '280', '287', '290', '291', '297', '303', '308', '314', '328', '333', '334', '335', '347', '348', '353', '356', '360', '373', '374', '383', '389', '398', '400', '408', '417', '418', '423', '430', '445', '447', '449', '451', '455', '458', '465', '484', '487', '493', '495', '498', '504', '521', '522', '528', '536', '539', '544', '545', '548', '549', '554', '556', '559', '561', '565', '566', '567', '570', '579', '582', '590', '601', '604', '612', '613', '625', '627', '630', '632', '637', '659', '660', '670', '674', '678', '679', '688', '700', '705', '708', '715', '717', '720', '721', '725', '726', '728', '732', '735', '736', '742', '744', '756', '757', '759']",0.040264958050101995,0.007037874776870012,0.6839080459770114,0.43879157377247513,0.1787591643504104,0.13361172904765944,0.04838466690853238
target_recurrence,tabpfn,200,46,0,real,31a052f85e62d27e4d28,200,152,complete,,"['293', '267', '039', '469', '746', '743', '368', '338', '035', '066', '586', '054', '307', '543', '481', '415', '750', '592', '362', '691', '244', '393', '454', '385', '480', '738', '689', '115', '583', '134', '379', '255', '437', '618', '525', '233', '424', '443', '428', '259', '202', '325', '696', '397', '038', '701', '514', '751', '516', '541', '363', '345', '527', '186', '384', '022', '611', '524', '340', '587', '096', '620', '713', '649', '488', '661', '125', '238', '712', '273', '440', '421', '687', '745', '407', '391', '515', '204', '641', '141', '133', '023', '380', '321', '464', '319', '079', '749', '719', '427', '457', '251', '394', '071', '737', '084', '615', '681', '208', '593', '228', '530', '557', '476', '080', '010', '432', '710', '224', '456', '049', '376', '184', '584', '502', '199', '119', '542', '473', '588', '011', '402', '517', '381', '107', '581', '358', '015', '552', '475', '540', '232', '645', '309', '626', '569', '740', '312', '406', '669', '298', '758', '203', '221', '426', '747', '241', '563', '560', '349', '061', '392', '673', '727', '136', '120', '412', '595', '439', '042', '489', '346', '317', '532', '269', '063', '219', '754', '260', '209', '494', '264', '003', '215', '047', '555', '683', '160', '190', '671', '576', '299', '419', '401', '702', '352', '505', '018', '294', '375', '733', '589', '622', '435', '242', '274', '009', '326', '655', '195']","['006', '019', '021', '024', '028', '029', '033', '050', '051', '056', '059', '062', '064', '065', '069', '073', '074', '081', '083', '086', '090', '095', '104', '109', '116', '121', '124', '131', '135', '139', '142', '144', '146', '148', '153', '154', '158', '166', '169', '172', '177', '182', '183', '189', '194', '197', '201', '212', '213', '218', '220', '240', '243', '245', '246', '249', '258', '280', '287', '290', '291', '297', '303', '308', '314', '328', '333', '334', '335', '347', '348', '353', '356', '360', '373', '374', '383', '389', '398', '400', '408', '417', '418', '423', '430', '445', '447', '449', '451', '455', '458', '465', '484', '487', '493', '495', '498', '504', '521', '522', '528', '536', '539', '544', '545', '548', '549', '554', '556', '559', '561', '565', '566', '567', '570', '579', '582', '590', '601', '604', '612', '613', '625', '627', '630', '632', '637', '659', '660', '670', '674', '678', '679', '688', '700', '705', '708', '715', '717', '720', '721', '725', '726', '728', '732', '735', '736', '742', '744', '756', '757', '759']",4.053475665859878,1.3685356671921909,0.7373084291187739,0.605654679486525,0.1402831495768547,0.06713873059733917,5.427022166084498
target_recurrence,lightgbm,200,46,0,real,67c9168e945821fc4b29,200,152,complete,,"['293', '267', '039', '469', '746', '743', '368', '338', '035', '066', '586', '054', '307', '543', '481', '415', '750', '592', '362', '691', '244', '393', '454', '385', '480', '738', '689', '115', '583', '134', '379', '255', '437', '618', '525', '233', '424', '443', '428', '259', '202', '325', '696', '397', '038', '701', '514', '751', '516', '541', '363', '345', '527', '186', '384', '022', '611', '524', '340', '587', '096', '620', '713', '649', '488', '661', '125', '238', '712', '273', '440', '421', '687', '745', '407', '391', '515', '204', '641', '141', '133', '023', '380', '321', '464', '319', '079', '749', '719', '427', '457', '251', '394', '071', '737', '084', '615', '681', '208', '593', '228', '530', '557', '476', '080', '010', '432', '710', '224', '456', '049', '376', '184', '584', '502', '199', '119', '542', '473', '588', '011', '402', '517', '381', '107', '581', '358', '015', '552', '475', '540', '232', '645', '309', '626', '569', '740', '312', '406', '669', '298', '758', '203', '221', '426', '747', '241', '563', '560', '349', '061', '392', '673', '727', '136', '120', '412', '595', '439', '042', '489', '346', '317', '532', '269', '063', '219', '754', '260', '209', '494', '264', '003', '215', '047', '555', '683', '160', '190', '671', '576', '299', '419', '401', '702', '352', '505', '018', '294', '375', '733', '589', '622', '435', '242', '274', '009', '326', '655', '195']","['006', '019', '021', '024', '028', '029', '033', '050', '051', '056', '059', '062', '064', '065', '069', '073', '074', '081', '083', '086', '090', '095', '104', '109', '116', '121', '124', '131', '135', '139', '142', '144', '146', '148', '153', '154', '158', '166', '169', '172', '177', '182', '183', '189', '194', '197', '201', '212', '213', '218', '220', '240', '243', '245', '246', '249', '258', '280', '287', '290', '291', '297', '303', '308', '314', '328', '333', '334', '335', '347', '348', '353', '356', '360', '373', '374', '383', '389', '398', '400', '408', '417', '418', '423', '430', '445', '447', '449', '451', '455', '458', '465', '484', '487', '493', '495', '498', '504', '521', '522', '528', '536', '539', '544', '545', '548', '549', '554', '556', '559', '561', '565', '566', '567', '570', '579', '582', '590', '601', '604', '612', '613', '625', '627', '630', '632', '637', '659', '660', '670', '674', '678', '679', '688', '700', '705', '708', '715', '717', '720', '721', '725', '726', '728', '732', '735', '736', '742', '744', '756', '757', '759']",0.06020175013691187,0.008130708709359169,0.5737547892720307,0.3916189261054901,0.19595348220373635,0.16500245146377182,0.06958437478169799
target_recurrence,xgboost,200,46,0,real,bf30825645591f1e1362,200,152,complete,,"['293', '267', '039', '469', '746', '743', '368', '338', '035', '066', '586', '054', '307', '543', '481', '415', '750', '592', '362', '691', '244', '393', '454', '385', '480', '738', '689', '115', '583', '134', '379', '255', '437', '618', '525', '233', '424', '443', '428', '259', '202', '325', '696', '397', '038', '701', '514', '751', '516', '541', '363', '345', '527', '186', '384', '022', '611', '524', '340', '587', '096', '620', '713', '649', '488', '661', '125', '238', '712', '273', '440', '421', '687', '745', '407', '391', '515', '204', '641', '141', '133', '023', '380', '321', '464', '319', '079', '749', '719', '427', '457', '251', '394', '071', '737', '084', '615', '681', '208', '593', '228', '530', '557', '476', '080', '010', '432', '710', '224', '456', '049', '376', '184', '584', '502', '199', '119', '542', '473', '588', '011', '402', '517', '381', '107', '581', '358', '015', '552', '475', '540', '232', '645', '309', '626', '569', '740', '312', '406', '669', '298', '758', '203', '221', '426', '747', '241', '563', '560', '349', '061', '392', '673', '727', '136', '120', '412', '595', '439', '042', '489', '346', '317', '532', '269', '063', '219', '754', '260', '209', '494', '264', '003', '215', '047', '555', '683', '160', '190', '671', '576', '299', '419', '401', '702', '352', '505', '018', '294', '375', '733', '589', '622', '435', '242', '274', '009', '326', '655', '195']","['006', '019', '021', '024', '028', '029', '033', '050', '051', '056', '059', '062', '064', '065', '069', '073', '074', '081', '083', '086', '090', '095', '104', '109', '116', '121', '124', '131', '135', '139', '142', '144', '146', '148', '153', '154', '158', '166', '169', '172', '177', '182', '183', '189', '194', '197', '201', '212', '213', '218', '220', '240', '243', '245', '246', '249', '258', '280', '287', '290', '291', '297', '303', '308', '314', '328', '333', '334', '335', '347', '348', '353', '356', '360', '373', '374', '383', '389', '398', '400', '408', '417', '418', '423', '430', '445', '447', '449', '451', '455', '458', '465', '484', '487', '493', '495', '498', '504', '521', '522', '528', '536', '539', '544', '545', '548', '549', '554', '556', '559', '561', '565', '566', '567', '570', '579', '582', '590', '601', '604', '612', '613', '625', '627', '630', '632', '637', '659', '660', '670', '674', '678', '679', '688', '700', '705', '708', '715', '717', '720', '721', '725', '726', '728', '732', '735', '736', '742', '744', '756', '757', '759']",0.04765958385542035,0.006935915909707546,0.6898946360153256,0.5017266419006396,0.17229370127510232,0.1398656051617428,0.05571924988180399
target_recurrence,tabpfn,500,46,0,real,bf02e153568c699f6a9a,500,152,complete,,"['293', '267', '039', '469', '746', '743', '368', '338', '035', '066', '586', '054', '307', '543', '481', '415', '750', '592', '362', '691', '244', '393', '454', '385', '480', '738', '689', '115', '583', '134', '379', '255', '437', '618', '525', '233', '424', '443', '428', '259', '202', '325', '696', '397', '038', '701', '514', '751', '516', '541', '363', '345', '527', '186', '384', '022', '611', '524', '340', '587', '096', '620', '713', '649', '488', '661', '125', '238', '712', '273', '440', '421', '687', '745', '407', '391', '515', '204', '641', '141', '133', '023', '380', '321', '464', '319', '079', '749', '719', '427', '457', '251', '394', '071', '737', '084', '615', '681', '208', '593', '228', '530', '557', '476', '080', '010', '432', '710', '224', '456', '049', '376', '184', '584', '502', '199', '119', '542', '473', '588', '011', '402', '517', '381', '107', '581', '358', '015', '552', '475', '540', '232', '645', '309', '626', '569', '740', '312', '406', '669', '298', '758', '203', '221', '426', '747', '241', '563', '560', '349', '061', '392', '673', '727', '136', '120', '412', '595', '439', '042', '489', '346', '317', '532', '269', '063', '219', '754', '260', '209', '494', '264', '003', '215', '047', '555', '683', '160', '190', '671', '576', '299', '419', '401', '702', '352', '505', '018', '294', '375', '733', '589', '622', '435', '242', '274', '009', '326', '655', '195', '656', '468', '388', '167', '636', '653', '254', '762', '580', '668', '722', '196', '222', '558', '017', '027', '231', '092', '633', '025', '093', '414', '405', '016', '315', '511', '344', '621', '150', '075', '163', '714', '365', '270', '037', '296', '263', '519', '529', '285', '748', '265', '200', '486', '433', '094', '087', '685', '292', '337', '130', '108', '535', '152', '724', '501', '577', '102', '239', '665', '106', '053', '510', '330', '442', '413', '635', '198', '072', '310', '680', '205', '547', '227', '460', '302', '490', '046', '499', '301', '597', '496', '533', '370', '336', '596', '644', '323', '005', '396', '268', '272', '693', '313', '311', '351', '089', '568', '491', '252', '082', '538', '422', '446', '088', '099', '654', '684', '675', '436', '322', '753', '193', '425', '331', '048', '638', '459', '731', '485', '479', '711', '266', '026', '045', '354', '262', '043', '575', '690', '699', '694', '503', '420', '103', '551', '007', '686', '399', '052', '594', '676', '206', '657', '631', '483', '343', '162', '729', '098', '117', '147', '187', '176', '067', '463', '207', '616', '639', '235', '609', '507', '562', '070', '467', '155', '461', '329', '288', '361', '470', '364', '431', '624', '477', '571', '342', '085', '223', '526', '598', '599', '707', '629', '492', '327', '286', '591', '550', '497', '111', '448', '165', '369', '123', '619', '101', '578', '395', '275', '662', '057', '500', '706', '173', '170', '664', '386', '647', '012', '247', '279', '214', '261', '634', '697', '643', '060', '648', '650', '371', '282', '289', '608', '068', '055', '105', '110', '236', '174', '320', '506', '097', '672', '031', '403', '652', '034', '716', '466', '472', '663', '605', '718', '300', '404', '237', '409', '002', '151', '752', '114', '429', '185', '623', '518', '180', '304', '091', '129', '640', '734', '076', '452', '118', '572', '378', '646', '523', '230', '573', '001', '355', '161', '703', '030', '450', '225', '332', '667', '478', '192', '546', '188', '164', '410', '077', '553', '217', '441', '350', '179', '513', '482', '416', '651', '211', '256', '276', '140']","['006', '019', '021', '024', '028', '029', '033', '050', '051', '056', '059', '062', '064', '065', '069', '073', '074', '081', '083', '086', '090', '095', '104', '109', '116', '121', '124', '131', '135', '139', '142', '144', '146', '148', '153', '154', '158', '166', '169', '172', '177', '182', '183', '189', '194', '197', '201', '212', '213', '218', '220', '240', '243', '245', '246', '249', '258', '280', '287', '290', '291', '297', '303', '308', '314', '328', '333', '334', '335', '347', '348', '353', '356', '360', '373', '374', '383', '389', '398', '400', '408', '417', '418', '423', '430', '445', '447', '449', '451', '455', '458', '465', '484', '487', '493', '495', '498', '504', '521', '522', '528', '536', '539', '544', '545', '548', '549', '554', '556', '559', '561', '565', '566', '567', '570', '579', '582', '590', '601', '604', '612', '613', '625', '627', '630', '632', '637', '659', '660', '670', '674', '678', '679', '688', '700', '705', '708', '715', '717', '720', '721', '725', '726', '728', '732', '735', '736', '742', '744', '756', '757', '759']",3.9179145828820765,1.4693045001477003,0.7001915708812261,0.5636960671365122,0.13854641109049268,0.06009849621669242,5.39366937475279
target_recurrence,lightgbm,500,46,0,real,d3dd11720f98c9b1b580,500,152,complete,,"['293', '267', '039', '469', '746', '743', '368', '338', '035', '066', '586', '054', '307', '543', '481', '415', '750', '592', '362', '691', '244', '393', '454', '385', '480', '738', '689', '115', '583', '134', '379', '255', '437', '618', '525', '233', '424', '443', '428', '259', '202', '325', '696', '397', '038', '701', '514', '751', '516', '541', '363', '345', '527', '186', '384', '022', '611', '524', '340', '587', '096', '620', '713', '649', '488', '661', '125', '238', '712', '273', '440', '421', '687', '745', '407', '391', '515', '204', '641', '141', '133', '023', '380', '321', '464', '319', '079', '749', '719', '427', '457', '251', '394', '071', '737', '084', '615', '681', '208', '593', '228', '530', '557', '476', '080', '010', '432', '710', '224', '456', '049', '376', '184', '584', '502', '199', '119', '542', '473', '588', '011', '402', '517', '381', '107', '581', '358', '015', '552', '475', '540', '232', '645', '309', '626', '569', '740', '312', '406', '669', '298', '758', '203', '221', '426', '747', '241', '563', '560', '349', '061', '392', '673', '727', '136', '120', '412', '595', '439', '042', '489', '346', '317', '532', '269', '063', '219', '754', '260', '209', '494', '264', '003', '215', '047', '555', '683', '160', '190', '671', '576', '299', '419', '401', '702', '352', '505', '018', '294', '375', '733', '589', '622', '435', '242', '274', '009', '326', '655', '195', '656', '468', '388', '167', '636', '653', '254', '762', '580', '668', '722', '196', '222', '558', '017', '027', '231', '092', '633', '025', '093', '414', '405', '016', '315', '511', '344', '621', '150', '075', '163', '714', '365', '270', '037', '296', '263', '519', '529', '285', '748', '265', '200', '486', '433', '094', '087', '685', '292', '337', '130', '108', '535', '152', '724', '501', '577', '102', '239', '665', '106', '053', '510', '330', '442', '413', '635', '198', '072', '310', '680', '205', '547', '227', '460', '302', '490', '046', '499', '301', '597', '496', '533', '370', '336', '596', '644', '323', '005', '396', '268', '272', '693', '313', '311', '351', '089', '568', '491', '252', '082', '538', '422', '446', '088', '099', '654', '684', '675', '436', '322', '753', '193', '425', '331', '048', '638', '459', '731', '485', '479', '711', '266', '026', '045', '354', '262', '043', '575', '690', '699', '694', '503', '420', '103', '551', '007', '686', '399', '052', '594', '676', '206', '657', '631', '483', '343', '162', '729', '098', '117', '147', '187', '176', '067', '463', '207', '616', '639', '235', '609', '507', '562', '070', '467', '155', '461', '329', '288', '361', '470', '364', '431', '624', '477', '571', '342', '085', '223', '526', '598', '599', '707', '629', '492', '327', '286', '591', '550', '497', '111', '448', '165', '369', '123', '619', '101', '578', '395', '275', '662', '057', '500', '706', '173', '170', '664', '386', '647', '012', '247', '279', '214', '261', '634', '697', '643', '060', '648', '650', '371', '282', '289', '608', '068', '055', '105', '110', '236', '174', '320', '506', '097', '672', '031', '403', '652', '034', '716', '466', '472', '663', '605', '718', '300', '404', '237', '409', '002', '151', '752', '114', '429', '185', '623', '518', '180', '304', '091', '129', '640', '734', '076', '452', '118', '572', '378', '646', '523', '230', '573', '001', '355', '161', '703', '030', '450', '225', '332', '667', '478', '192', '546', '188', '164', '410', '077', '553', '217', '441', '350', '179', '513', '482', '416', '651', '211', '256', '276', '140']","['006', '019', '021', '024', '028', '029', '033', '050', '051', '056', '059', '062', '064', '065', '069', '073', '074', '081', '083', '086', '090', '095', '104', '109', '116', '121', '124', '131', '135', '139', '142', '144', '146', '148', '153', '154', '158', '166', '169', '172', '177', '182', '183', '189', '194', '197', '201', '212', '213', '218', '220', '240', '243', '245', '246', '249', '258', '280', '287', '290', '291', '297', '303', '308', '314', '328', '333', '334', '335', '347', '348', '353', '356', '360', '373', '374', '383', '389', '398', '400', '408', '417', '418', '423', '430', '445', '447', '449', '451', '455', '458', '465', '484', '487', '493', '495', '498', '504', '521', '522', '528', '536', '539', '544', '545', '548', '549', '554', '556', '559', '561', '565', '566', '567', '570', '579', '582', '590', '601', '604', '612', '613', '625', '627', '630', '632', '637', '659', '660', '670', '674', '678', '679', '688', '700', '705', '708', '715', '717', '720', '721', '725', '726', '728', '732', '735', '736', '742', '744', '756', '757', '759']",0.09615433402359486,0.006819957867264748,0.653735632183908,0.5452906398393612,0.14917470627701165,0.14052443343003718,0.10410058405250311
target_recurrence,xgboost,500,46,0,real,d0a08d2c6842f71cce14,500,152,complete,,"['293', '267', '039', '469', '746', '743', '368', '338', '035', '066', '586', '054', '307', '543', '481', '415', '750', '592', '362', '691', '244', '393', '454', '385', '480', '738', '689', '115', '583', '134', '379', '255', '437', '618', '525', '233', '424', '443', '428', '259', '202', '325', '696', '397', '038', '701', '514', '751', '516', '541', '363', '345', '527', '186', '384', '022', '611', '524', '340', '587', '096', '620', '713', '649', '488', '661', '125', '238', '712', '273', '440', '421', '687', '745', '407', '391', '515', '204', '641', '141', '133', '023', '380', '321', '464', '319', '079', '749', '719', '427', '457', '251', '394', '071', '737', '084', '615', '681', '208', '593', '228', '530', '557', '476', '080', '010', '432', '710', '224', '456', '049', '376', '184', '584', '502', '199', '119', '542', '473', '588', '011', '402', '517', '381', '107', '581', '358', '015', '552', '475', '540', '232', '645', '309', '626', '569', '740', '312', '406', '669', '298', '758', '203', '221', '426', '747', '241', '563', '560', '349', '061', '392', '673', '727', '136', '120', '412', '595', '439', '042', '489', '346', '317', '532', '269', '063', '219', '754', '260', '209', '494', '264', '003', '215', '047', '555', '683', '160', '190', '671', '576', '299', '419', '401', '702', '352', '505', '018', '294', '375', '733', '589', '622', '435', '242', '274', '009', '326', '655', '195', '656', '468', '388', '167', '636', '653', '254', '762', '580', '668', '722', '196', '222', '558', '017', '027', '231', '092', '633', '025', '093', '414', '405', '016', '315', '511', '344', '621', '150', '075', '163', '714', '365', '270', '037', '296', '263', '519', '529', '285', '748', '265', '200', '486', '433', '094', '087', '685', '292', '337', '130', '108', '535', '152', '724', '501', '577', '102', '239', '665', '106', '053', '510', '330', '442', '413', '635', '198', '072', '310', '680', '205', '547', '227', '460', '302', '490', '046', '499', '301', '597', '496', '533', '370', '336', '596', '644', '323', '005', '396', '268', '272', '693', '313', '311', '351', '089', '568', '491', '252', '082', '538', '422', '446', '088', '099', '654', '684', '675', '436', '322', '753', '193', '425', '331', '048', '638', '459', '731', '485', '479', '711', '266', '026', '045', '354', '262', '043', '575', '690', '699', '694', '503', '420', '103', '551', '007', '686', '399', '052', '594', '676', '206', '657', '631', '483', '343', '162', '729', '098', '117', '147', '187', '176', '067', '463', '207', '616', '639', '235', '609', '507', '562', '070', '467', '155', '461', '329', '288', '361', '470', '364', '431', '624', '477', '571', '342', '085', '223', '526', '598', '599', '707', '629', '492', '327', '286', '591', '550', '497', '111', '448', '165', '369', '123', '619', '101', '578', '395', '275', '662', '057', '500', '706', '173', '170', '664', '386', '647', '012', '247', '279', '214', '261', '634', '697', '643', '060', '648', '650', '371', '282', '289', '608', '068', '055', '105', '110', '236', '174', '320', '506', '097', '672', '031', '403', '652', '034', '716', '466', '472', '663', '605', '718', '300', '404', '237', '409', '002', '151', '752', '114', '429', '185', '623', '518', '180', '304', '091', '129', '640', '734', '076', '452', '118', '572', '378', '646', '523', '230', '573', '001', '355', '161', '703', '030', '450', '225', '332', '667', '478', '192', '546', '188', '164', '410', '077', '553', '217', '441', '350', '179', '513', '482', '416', '651', '211', '256', '276', '140']","['006', '019', '021', '024', '028', '029', '033', '050', '051', '056', '059', '062', '064', '065', '069', '073', '074', '081', '083', '086', '090', '095', '104', '109', '116', '121', '124', '131', '135', '139', '142', '144', '146', '148', '153', '154', '158', '166', '169', '172', '177', '182', '183', '189', '194', '197', '201', '212', '213', '218', '220', '240', '243', '245', '246', '249', '258', '280', '287', '290', '291', '297', '303', '308', '314', '328', '333', '334', '335', '347', '348', '353', '356', '360', '373', '374', '383', '389', '398', '400', '408', '417', '418', '423', '430', '445', '447', '449', '451', '455', '458', '465', '484', '487', '493', '495', '498', '504', '521', '522', '528', '536', '539', '544', '545', '548', '549', '554', '556', '559', '561', '565', '566', '567', '570', '579', '582', '590', '601', '604', '612', '613', '625', '627', '630', '632', '637', '659', '660', '670', '674', '678', '679', '688', '700', '705', '708', '715', '717', '720', '721', '725', '726', '728', '732', '735', '736', '742', '744', '756', '757', '759']",0.06519962521269917,0.007340749725699425,0.6556513409961685,0.5428670183551717,0.16044272625882014,0.12911092310796926,0.07360445894300938
target_recurrence,tabpfn,Full,46,0,real,5f648525b5d9414bf3f7,611,152,complete,,"['293', '267', '039', '469', '746', '743', '368', '338', '035', '066', '586', '054', '307', '543', '481', '415', '750', '592', '362', '691', '244', '393', '454', '385', '480', '738', '689', '115', '583', '134', '379', '255', '437', '618', '525', '233', '424', '443', '428', '259', '202', '325', '696', '397', '038', '701', '514', '751', '516', '541', '363', '345', '527', '186', '384', '022', '611', '524', '340', '587', '096', '620', '713', '649', '488', '661', '125', '238', '712', '273', '440', '421', '687', '745', '407', '391', '515', '204', '641', '141', '133', '023', '380', '321', '464', '319', '079', '749', '719', '427', '457', '251', '394', '071', '737', '084', '615', '681', '208', '593', '228', '530', '557', '476', '080', '010', '432', '710', '224', '456', '049', '376', '184', '584', '502', '199', '119', '542', '473', '588', '011', '402', '517', '381', '107', '581', '358', '015', '552', '475', '540', '232', '645', '309', '626', '569', '740', '312', '406', '669', '298', '758', '203', '221', '426', '747', '241', '563', '560', '349', '061', '392', '673', '727', '136', '120', '412', '595', '439', '042', '489', '346', '317', '532', '269', '063', '219', '754', '260', '209', '494', '264', '003', '215', '047', '555', '683', '160', '190', '671', '576', '299', '419', '401', '702', '352', '505', '018', '294', '375', '733', '589', '622', '435', '242', '274', '009', '326', '655', '195', '656', '468', '388', '167', '636', '653', '254', '762', '580', '668', '722', '196', '222', '558', '017', '027', '231', '092', '633', '025', '093', '414', '405', '016', '315', '511', '344', '621', '150', '075', '163', '714', '365', '270', '037', '296', '263', '519', '529', '285', '748', '265', '200', '486', '433', '094', '087', '685', '292', '337', '130', '108', '535', '152', '724', '501', '577', '102', '239', '665', '106', '053', '510', '330', '442', '413', '635', '198', '072', '310', '680', '205', '547', '227', '460', '302', '490', '046', '499', '301', '597', '496', '533', '370', '336', '596', '644', '323', '005', '396', '268', '272', '693', '313', '311', '351', '089', '568', '491', '252', '082', '538', '422', '446', '088', '099', '654', '684', '675', '436', '322', '753', '193', '425', '331', '048', '638', '459', '731', '485', '479', '711', '266', '026', '045', '354', '262', '043', '575', '690', '699', '694', '503', '420', '103', '551', '007', '686', '399', '052', '594', '676', '206', '657', '631', '483', '343', '162', '729', '098', '117', '147', '187', '176', '067', '463', '207', '616', '639', '235', '609', '507', '562', '070', '467', '155', '461', '329', '288', '361', '470', '364', '431', '624', '477', '571', '342', '085', '223', '526', '598', '599', '707', '629', '492', '327', '286', '591', '550', '497', '111', '448', '165', '369', '123', '619', '101', '578', '395', '275', '662', '057', '500', '706', '173', '170', '664', '386', '647', '012', '247', '279', '214', '261', '634', '697', '643', '060', '648', '650', '371', '282', '289', '608', '068', '055', '105', '110', '236', '174', '320', '506', '097', '672', '031', '403', '652', '034', '716', '466', '472', '663', '605', '718', '300', '404', '237', '409', '002', '151', '752', '114', '429', '185', '623', '518', '180', '304', '091', '129', '640', '734', '076', '452', '118', '572', '378', '646', '523', '230', '573', '001', '355', '161', '703', '030', '450', '225', '332', '667', '478', '192', '546', '188', '164', '410', '077', '553', '217', '441', '350', '179', '513', '482', '416', '651', '211', '256', '276', '140', '617', '606', '318', '210', '316', '512', '372', '175', '020', '171', '112', '531', '610', '278', '149', '444', '157', '306', '564', '168', '341', '126', '143', '032', '666', '229', '760', '058', '453', '462', '704', '642', '248', '537', '138', '761', '508', '509', '471', '253', '137', '284', '474', '324', '366', '390', '216', '271', '602', '377', '127', '132', '305', '739', '603', '156', '128', '257', '357', '250', '585', '040', '628', '723', '763', '520', '387', '159', '281', '359', '100', '534', '191', '658', '013', '041', '698', '008', '709', '574', '122', '339', '614', '178', '411', '004', '692', '036', '367', '682', '014', '607', '113', '078', '277', '434', '695', '438', '755', '741', '181', '145', '044', '677', '382', '600', '234', '283', '295', '226', '730']","['006', '019', '021', '024', '028', '029', '033', '050', '051', '056', '059', '062', '064', '065', '069', '073', '074', '081', '083', '086', '090', '095', '104', '109', '116', '121', '124', '131', '135', '139', '142', '144', '146', '148', '153', '154', '158', '166', '169', '172', '177', '182', '183', '189', '194', '197', '201', '212', '213', '218', '220', '240', '243', '245', '246', '249', '258', '280', '287', '290', '291', '297', '303', '308', '314', '328', '333', '334', '335', '347', '348', '353', '356', '360', '373', '374', '383', '389', '398', '400', '408', '417', '418', '423', '430', '445', '447', '449', '451', '455', '458', '465', '484', '487', '493', '495', '498', '504', '521', '522', '528', '536', '539', '544', '545', '548', '549', '554', '556', '559', '561', '565', '566', '567', '570', '579', '582', '590', '601', '604', '612', '613', '625', '627', '630', '632', '637', '659', '660', '670', '674', '678', '679', '688', '700', '705', '708', '715', '717', '720', '721', '725', '726', '728', '732', '735', '736', '742', '744', '756', '757', '759']",4.032853083219379,1.4085420416668057,0.7176724137931034,0.5733117169313151,0.1350746136980415,0.053503649848464285,5.445990042295307
target_recurrence,lightgbm,Full,46,0,real,8a77b6213cb86ea5ae1d,611,152,complete,,"['293', '267', '039', '469', '746', '743', '368', '338', '035', '066', '586', '054', '307', '543', '481', '415', '750', '592', '362', '691', '244', '393', '454', '385', '480', '738', '689', '115', '583', '134', '379', '255', '437', '618', '525', '233', '424', '443', '428', '259', '202', '325', '696', '397', '038', '701', '514', '751', '516', '541', '363', '345', '527', '186', '384', '022', '611', '524', '340', '587', '096', '620', '713', '649', '488', '661', '125', '238', '712', '273', '440', '421', '687', '745', '407', '391', '515', '204', '641', '141', '133', '023', '380', '321', '464', '319', '079', '749', '719', '427', '457', '251', '394', '071', '737', '084', '615', '681', '208', '593', '228', '530', '557', '476', '080', '010', '432', '710', '224', '456', '049', '376', '184', '584', '502', '199', '119', '542', '473', '588', '011', '402', '517', '381', '107', '581', '358', '015', '552', '475', '540', '232', '645', '309', '626', '569', '740', '312', '406', '669', '298', '758', '203', '221', '426', '747', '241', '563', '560', '349', '061', '392', '673', '727', '136', '120', '412', '595', '439', '042', '489', '346', '317', '532', '269', '063', '219', '754', '260', '209', '494', '264', '003', '215', '047', '555', '683', '160', '190', '671', '576', '299', '419', '401', '702', '352', '505', '018', '294', '375', '733', '589', '622', '435', '242', '274', '009', '326', '655', '195', '656', '468', '388', '167', '636', '653', '254', '762', '580', '668', '722', '196', '222', '558', '017', '027', '231', '092', '633', '025', '093', '414', '405', '016', '315', '511', '344', '621', '150', '075', '163', '714', '365', '270', '037', '296', '263', '519', '529', '285', '748', '265', '200', '486', '433', '094', '087', '685', '292', '337', '130', '108', '535', '152', '724', '501', '577', '102', '239', '665', '106', '053', '510', '330', '442', '413', '635', '198', '072', '310', '680', '205', '547', '227', '460', '302', '490', '046', '499', '301', '597', '496', '533', '370', '336', '596', '644', '323', '005', '396', '268', '272', '693', '313', '311', '351', '089', '568', '491', '252', '082', '538', '422', '446', '088', '099', '654', '684', '675', '436', '322', '753', '193', '425', '331', '048', '638', '459', '731', '485', '479', '711', '266', '026', '045', '354', '262', '043', '575', '690', '699', '694', '503', '420', '103', '551', '007', '686', '399', '052', '594', '676', '206', '657', '631', '483', '343', '162', '729', '098', '117', '147', '187', '176', '067', '463', '207', '616', '639', '235', '609', '507', '562', '070', '467', '155', '461', '329', '288', '361', '470', '364', '431', '624', '477', '571', '342', '085', '223', '526', '598', '599', '707', '629', '492', '327', '286', '591', '550', '497', '111', '448', '165', '369', '123', '619', '101', '578', '395', '275', '662', '057', '500', '706', '173', '170', '664', '386', '647', '012', '247', '279', '214', '261', '634', '697', '643', '060', '648', '650', '371', '282', '289', '608', '068', '055', '105', '110', '236', '174', '320', '506', '097', '672', '031', '403', '652', '034', '716', '466', '472', '663', '605', '718', '300', '404', '237', '409', '002', '151', '752', '114', '429', '185', '623', '518', '180', '304', '091', '129', '640', '734', '076', '452', '118', '572', '378', '646', '523', '230', '573', '001', '355', '161', '703', '030', '450', '225', '332', '667', '478', '192', '546', '188', '164', '410', '077', '553', '217', '441', '350', '179', '513', '482', '416', '651', '211', '256', '276', '140', '617', '606', '318', '210', '316', '512', '372', '175', '020', '171', '112', '531', '610', '278', '149', '444', '157', '306', '564', '168', '341', '126', '143', '032', '666', '229', '760', '058', '453', '462', '704', '642', '248', '537', '138', '761', '508', '509', '471', '253', '137', '284', '474', '324', '366', '390', '216', '271', '602', '377', '127', '132', '305', '739', '603', '156', '128', '257', '357', '250', '585', '040', '628', '723', '763', '520', '387', '159', '281', '359', '100', '534', '191', '658', '013', '041', '698', '008', '709', '574', '122', '339', '614', '178', '411', '004', '692', '036', '367', '682', '014', '607', '113', '078', '277', '434', '695', '438', '755', '741', '181', '145', '044', '677', '382', '600', '234', '283', '295', '226', '730']","['006', '019', '021', '024', '028', '029', '033', '050', '051', '056', '059', '062', '064', '065', '069', '073', '074', '081', '083', '086', '090', '095', '104', '109', '116', '121', '124', '131', '135', '139', '142', '144', '146', '148', '153', '154', '158', '166', '169', '172', '177', '182', '183', '189', '194', '197', '201', '212', '213', '218', '220', '240', '243', '245', '246', '249', '258', '280', '287', '290', '291', '297', '303', '308', '314', '328', '333', '334', '335', '347', '348', '353', '356', '360', '373', '374', '383', '389', '398', '400', '408', '417', '418', '423', '430', '445', '447', '449', '451', '455', '458', '465', '484', '487', '493', '495', '498', '504', '521', '522', '528', '536', '539', '544', '545', '548', '549', '554', '556', '559', '561', '565', '566', '567', '570', '579', '582', '590', '601', '604', '612', '613', '625', '627', '630', '632', '637', '659', '660', '670', '674', '678', '679', '688', '700', '705', '708', '715', '717', '720', '721', '725', '726', '728', '732', '735', '736', '742', '744', '756', '757', '759']",0.1129726660437882,0.006751667242497206,0.701388888888889,0.6209628566684843,0.13707319491955244,0.12518963945677508,0.12079304084181786
target_recurrence,xgboost,Full,46,0,real,0991f71a346716b2d16e,611,152,complete,,"['293', '267', '039', '469', '746', '743', '368', '338', '035', '066', '586', '054', '307', '543', '481', '415', '750', '592', '362', '691', '244', '393', '454', '385', '480', '738', '689', '115', '583', '134', '379', '255', '437', '618', '525', '233', '424', '443', '428', '259', '202', '325', '696', '397', '038', '701', '514', '751', '516', '541', '363', '345', '527', '186', '384', '022', '611', '524', '340', '587', '096', '620', '713', '649', '488', '661', '125', '238', '712', '273', '440', '421', '687', '745', '407', '391', '515', '204', '641', '141', '133', '023', '380', '321', '464', '319', '079', '749', '719', '427', '457', '251', '394', '071', '737', '084', '615', '681', '208', '593', '228', '530', '557', '476', '080', '010', '432', '710', '224', '456', '049', '376', '184', '584', '502', '199', '119', '542', '473', '588', '011', '402', '517', '381', '107', '581', '358', '015', '552', '475', '540', '232', '645', '309', '626', '569', '740', '312', '406', '669', '298', '758', '203', '221', '426', '747', '241', '563', '560', '349', '061', '392', '673', '727', '136', '120', '412', '595', '439', '042', '489', '346', '317', '532', '269', '063', '219', '754', '260', '209', '494', '264', '003', '215', '047', '555', '683', '160', '190', '671', '576', '299', '419', '401', '702', '352', '505', '018', '294', '375', '733', '589', '622', '435', '242', '274', '009', '326', '655', '195', '656', '468', '388', '167', '636', '653', '254', '762', '580', '668', '722', '196', '222', '558', '017', '027', '231', '092', '633', '025', '093', '414', '405', '016', '315', '511', '344', '621', '150', '075', '163', '714', '365', '270', '037', '296', '263', '519', '529', '285', '748', '265', '200', '486', '433', '094', '087', '685', '292', '337', '130', '108', '535', '152', '724', '501', '577', '102', '239', '665', '106', '053', '510', '330', '442', '413', '635', '198', '072', '310', '680', '205', '547', '227', '460', '302', '490', '046', '499', '301', '597', '496', '533', '370', '336', '596', '644', '323', '005', '396', '268', '272', '693', '313', '311', '351', '089', '568', '491', '252', '082', '538', '422', '446', '088', '099', '654', '684', '675', '436', '322', '753', '193', '425', '331', '048', '638', '459', '731', '485', '479', '711', '266', '026', '045', '354', '262', '043', '575', '690', '699', '694', '503', '420', '103', '551', '007', '686', '399', '052', '594', '676', '206', '657', '631', '483', '343', '162', '729', '098', '117', '147', '187', '176', '067', '463', '207', '616', '639', '235', '609', '507', '562', '070', '467', '155', '461', '329', '288', '361', '470', '364', '431', '624', '477', '571', '342', '085', '223', '526', '598', '599', '707', '629', '492', '327', '286', '591', '550', '497', '111', '448', '165', '369', '123', '619', '101', '578', '395', '275', '662', '057', '500', '706', '173', '170', '664', '386', '647', '012', '247', '279', '214', '261', '634', '697', '643', '060', '648', '650', '371', '282', '289', '608', '068', '055', '105', '110', '236', '174', '320', '506', '097', '672', '031', '403', '652', '034', '716', '466', '472', '663', '605', '718', '300', '404', '237', '409', '002', '151', '752', '114', '429', '185', '623', '518', '180', '304', '091', '129', '640', '734', '076', '452', '118', '572', '378', '646', '523', '230', '573', '001', '355', '161', '703', '030', '450', '225', '332', '667', '478', '192', '546', '188', '164', '410', '077', '553', '217', '441', '350', '179', '513', '482', '416', '651', '211', '256', '276', '140', '617', '606', '318', '210', '316', '512', '372', '175', '020', '171', '112', '531', '610', '278', '149', '444', '157', '306', '564', '168', '341', '126', '143', '032', '666', '229', '760', '058', '453', '462', '704', '642', '248', '537', '138', '761', '508', '509', '471', '253', '137', '284', '474', '324', '366', '390', '216', '271', '602', '377', '127', '132', '305', '739', '603', '156', '128', '257', '357', '250', '585', '040', '628', '723', '763', '520', '387', '159', '281', '359', '100', '534', '191', '658', '013', '041', '698', '008', '709', '574', '122', '339', '614', '178', '411', '004', '692', '036', '367', '682', '014', '607', '113', '078', '277', '434', '695', '438', '755', '741', '181', '145', '044', '677', '382', '600', '234', '283', '295', '226', '730']","['006', '019', '021', '024', '028', '029', '033', '050', '051', '056', '059', '062', '064', '065', '069', '073', '074', '081', '083', '086', '090', '095', '104', '109', '116', '121', '124', '131', '135', '139', '142', '144', '146', '148', '153', '154', '158', '166', '169', '172', '177', '182', '183', '189', '194', '197', '201', '212', '213', '218', '220', '240', '243', '245', '246', '249', '258', '280', '287', '290', '291', '297', '303', '308', '314', '328', '333', '334', '335', '347', '348', '353', '356', '360', '373', '374', '383', '389', '398', '400', '408', '417', '418', '423', '430', '445', '447', '449', '451', '455', '458', '465', '484', '487', '493', '495', '498', '504', '521', '522', '528', '536', '539', '544', '545', '548', '549', '554', '556', '559', '561', '565', '566', '567', '570', '579', '582', '590', '601', '604', '612', '613', '625', '627', '630', '632', '637', '659', '660', '670', '674', '678', '679', '688', '700', '705', '708', '715', '717', '720', '721', '725', '726', '728', '732', '735', '736', '742', '744', '756', '757', '759']",0.06950537487864494,0.0070031252689659595,0.684147509578544,0.5689182344626182,0.14870747245100918,0.12084112591439503,0.07764150016009808
