target,size,n,seed,model,calibration,roc_auc,average_precision,brier,ece,log_loss,elapsed_seconds,selected
recurrence,100,100,42,lightgbm,raw,0.5316531653165316,0.3023511677485445,0.1942144063032591,0.08851389859188268,0.5965995773290563,0.12359970808029175,3
recurrence,100,100,42,lightgbm,calibrated,0.4683468346834683,0.26007046056017075,0.1865548131951641,0.026885733926784887,0.560889397866056,0.12359970808029175,3
recurrence,100,100,42,logistic,raw,0.6771677167716772,0.5035657353221403,0.2558245323849434,0.25457648357272533,1.3030593202947047,0.032303167041391134,3
recurrence,100,100,42,logistic,calibrated,0.6765676567656765,0.4793233110797162,0.16889346506130803,0.04990709546623164,0.5179346584839108,0.032303167041391134,3
recurrence,100,100,42,rf,raw,0.6783678367836784,0.575788846055726,0.16638150912106134,0.12649253731343282,0.51857797826411,1.2312974999658763,0
recurrence,100,100,42,rf,calibrated,0.6783678367836784,0.575788846055726,0.18008408059501113,0.017448810678418688,0.5436714243637759,1.2312974999658763,0
recurrence,100,100,42,rf_smote,raw,0.6482148214821484,0.4529423100961605,0.17656782752902153,0.08432835820895525,0.5382525421147667,1.3838090826757252,0
recurrence,100,100,42,rf_smote,calibrated,0.6482148214821484,0.4529423100961605,0.18370930088589654,0.026650861605333698,0.5528179991458572,1.3838090826757252,0
recurrence,100,100,42,tabpfn,raw,0.7257725772577258,0.5979114809732196,0.16889064674365115,0.12823628467410358,0.5156818914926095,13.499444667249918,0
recurrence,100,100,42,tabpfn,calibrated,0.7257725772577258,0.5979114809732196,0.1775554569988181,0.052162627061743704,0.5362269021229605,13.499444667249918,0
recurrence,100,100,42,xgboost,raw,0.525952595259526,0.29823086707049923,0.19349193933429304,0.07488196423805471,0.5896814673742429,0.1355205844156444,2
recurrence,100,100,42,xgboost,calibrated,0.4740474047404741,0.24229181995428611,0.18745737048012265,0.024647197235800975,0.5636320492852613,0.1355205844156444,2
recurrence,100,100,43,lightgbm,raw,0.6276627662766276,0.4208065976386415,0.19178706368104245,0.16457657162282213,0.6049346973879776,0.11344166612252593,2
recurrence,100,100,43,lightgbm,calibrated,0.6276627662766276,0.4208065976386415,0.17984712771401146,0.08168394856778213,0.5473937192538737,0.11344166612252593,2
recurrence,100,100,43,logistic,raw,0.6576657665766577,0.5498386916344988,0.17810957736351488,0.031052381113982046,0.5382173875582346,0.031236915849149227,0
recurrence,100,100,43,logistic,calibrated,0.6576657665766577,0.5498386916344988,0.1821487403444726,0.051636634891100666,0.5485265765943375,0.031236915849149227,0
recurrence,100,100,43,rf,raw,0.7469246924692471,0.6038533187381485,0.15684378109452735,0.07074626865671642,0.48915273161162043,1.2220909581519663,0
recurrence,100,100,43,rf,calibrated,0.7469246924692471,0.6038533187381485,0.16013277862989955,0.0730496340951233,0.49518968184124074,1.2220909581519663,0
recurrence,100,100,43,rf_smote,raw,0.7242724272427243,0.6130768836435037,0.15816457957226238,0.11205579221320643,0.5058100926126577,1.409544374793768,2
recurrence,100,100,43,rf_smote,calibrated,0.7242724272427243,0.6130768836435037,0.1574964384555654,0.1252843485497199,0.5054413131664486,1.409544374793768,2
recurrence,100,100,43,tabpfn,raw,0.720972097209721,0.5909014319378375,0.14830649866056503,0.038726399694360904,0.47210385376172254,12.231636541895568,0
recurrence,100,100,43,tabpfn,calibrated,0.720972097209721,0.5909014319378375,0.14843904667451638,0.052103043409712474,0.47302695595334904,12.231636541895568,0
recurrence,100,100,43,xgboost,raw,0.6594659465946595,0.46140609453349,0.1759125034340617,0.06936444118340958,0.5492743087994655,0.13321704091504216,2
recurrence,100,100,43,xgboost,calibrated,0.6594659465946595,0.46140609453349,0.17370630050393132,0.043872666120741616,0.5323198735474217,0.13321704091504216,2
recurrence,100,100,44,lightgbm,raw,0.6216621662166216,0.3770303493543319,0.18489991860921462,0.0706063258326854,0.5564595619609132,0.12024466600269079,3
recurrence,100,100,44,lightgbm,calibrated,0.3783378337833783,0.19561001413751036,0.18762833763033848,0.02669810406637041,0.5640253499728113,0.12024466600269079,3
recurrence,100,100,44,logistic,raw,0.6657665766576658,0.5092807407828632,0.17805647413834305,0.03913130107066674,0.5379816328937833,0.029979709070175886,0
recurrence,100,100,44,logistic,calibrated,0.6657665766576658,0.5092807407828632,0.17962413464336266,0.029596789259716493,0.5418539857217992,0.029979709070175886,0
recurrence,100,100,44,rf,raw,0.731773177317732,0.5331136278229824,0.16220771144278606,0.04828358208955219,0.4986689819807297,1.2378650000318885,0
recurrence,100,100,44,rf,calibrated,0.731773177317732,0.5331136278229824,0.16726291338343469,0.0698542663604675,0.5093796029843679,1.2378650000318885,0
recurrence,100,100,44,rf_smote,raw,0.6837683768376838,0.35505790195602754,0.1804100127598914,0.08751181473534878,0.5352967055277575,1.4178836247883737,2
recurrence,100,100,44,rf_smote,calibrated,0.6837683768376838,0.35505790195602754,0.17724612940540035,0.08723610953934864,0.5325411354922474,1.4178836247883737,2
recurrence,100,100,44,tabpfn,raw,0.771977197719772,0.6677881147691785,0.1426117694663938,0.05609668007315095,0.4548441012069791,18.8079687920399,0
recurrence,100,100,44,tabpfn,calibrated,0.771977197719772,0.6677881147691785,0.16299743687523197,0.07881164390122891,0.5005732892193774,18.8079687920399,0
recurrence,100,100,44,xgboost,raw,0.777977797779778,0.5640492735082759,0.15168437916328784,0.054627513089008733,0.463747076164585,0.1460680002346635,0
recurrence,100,100,44,xgboost,calibrated,0.777977797779778,0.5640492735082759,0.18467534984006953,0.02627417150159722,0.5554135932609978,0.1460680002346635,0
recurrence,100,100,45,lightgbm,raw,0.6438643864386439,0.505345650662282,0.16864501746386862,0.1591076387510967,0.7179211121901543,0.1119738332927227,1
recurrence,100,100,45,lightgbm,calibrated,0.6438643864386439,0.505345650662282,0.16419054689300777,0.07341343538585408,0.5133543108527493,0.1119738332927227,1
recurrence,100,100,45,logistic,raw,0.6225622562256227,0.42051856153616857,0.1806201050060977,0.0932243592195423,0.5748763751440374,0.028886542189866304,1
recurrence,100,100,45,logistic,calibrated,0.6225622562256227,0.42051856153616857,0.18445932754482053,0.1056676454072407,0.5914508262721484,0.028886542189866304,1
recurrence,100,100,45,rf,raw,0.7052205220522053,0.5897713411833795,0.15991384742951908,0.09365671641791047,0.4981834629694386,1.2155713327229023,0
recurrence,100,100,45,rf,calibrated,0.7052205220522053,0.5897713411833795,0.15851566307449308,0.08584568726111678,0.4966119358895734,1.2155713327229023,0
recurrence,100,100,45,rf_smote,raw,0.6842184218421842,0.4290610631830219,0.17377346600331675,0.0628855721393035,0.5268430298044889,1.33260462526232,0
recurrence,100,100,45,rf_smote,calibrated,0.6842184218421842,0.4290610631830219,0.17124904627646842,0.05268642205348478,0.5223432902608378,1.33260462526232,0
recurrence,100,100,45,tabpfn,raw,0.6948694869486949,0.6020657567802636,0.141618432009791,0.0833336111547342,0.46623954199837353,13.136541583109647,0
recurrence,100,100,45,tabpfn,calibrated,0.6948694869486949,0.6020657567802636,0.14120286880101304,0.08325925143486386,0.4626703716161567,13.136541583109647,0
recurrence,100,100,45,xgboost,raw,0.6651665166516653,0.5194385037127532,0.16823843528545931,0.0967742438469805,0.5554272231517922,0.1303500416688621,0
recurrence,100,100,45,xgboost,calibrated,0.6651665166516653,0.5194385037127532,0.1680934983733278,0.029986343547506403,0.516965551732913,0.1303500416688621,0
recurrence,100,100,46,lightgbm,raw,0.6251125112511251,0.43322875062643484,0.18161371625029987,0.11406607729079192,0.5753909343655036,0.11654804181307554,2
recurrence,100,100,46,lightgbm,calibrated,0.6251125112511251,0.43322875062643484,0.1825843762185203,0.10260565663045804,0.5730535292741148,0.11654804181307554,2
recurrence,100,100,46,logistic,raw,0.654065406540654,0.4778630229972378,0.17745524185385814,0.05229857635819323,0.537299048443197,0.029424999840557575,0
recurrence,100,100,46,logistic,calibrated,0.654065406540654,0.4778630229972378,0.1742352382144328,0.030679508295742654,0.5312059843658061,0.029424999840557575,0
recurrence,100,100,46,rf,raw,0.7172217221722172,0.5433365938014508,0.16223092868988395,0.05400497512437811,0.501083160149656,1.2208324167877436,0
recurrence,100,100,46,rf,calibrated,0.7172217221722172,0.5433365938014508,0.16180380825100693,0.0534529679649931,0.500421743946547,1.2208324167877436,0
recurrence,100,100,46,rf_smote,raw,0.7245724572457246,0.49743813975975515,0.16418821746811704,0.07981139913199724,0.5068275422547496,1.3933392916806042,2
recurrence,100,100,46,rf_smote,calibrated,0.7245724572457246,0.49743813975975515,0.15928051651104955,0.06668595800474263,0.494731233665958,1.3933392916806042,2
recurrence,100,100,46,tabpfn,raw,0.7515751575157515,0.6105676042310798,0.1466108238748937,0.09666533401208137,0.4672852623454739,87.92097112489864,0
recurrence,100,100,46,tabpfn,calibrated,0.7515751575157515,0.6105676042310798,0.15401455326233582,0.08639365218408207,0.4813531278264477,87.92097112489864,0
recurrence,100,100,46,xgboost,raw,0.6132613261326133,0.38310896391760585,0.20800419459596278,0.17909879983687746,0.7096174815621006,0.13579483283683658,1
recurrence,100,100,46,xgboost,calibrated,0.6132613261326133,0.38310896391760585,0.1935090215219934,0.10992510956562478,0.5934569120297911,0.13579483283683658,1
recurrence,100,100,47,lightgbm,raw,0.6819681968196821,0.5185765989375641,0.1675014777237104,0.14024812506054063,0.6020465959985781,0.11754137510433793,0
recurrence,100,100,47,logistic,raw,0.6567656765676568,0.4626403687399769,0.1696448696916831,0.0802755937160665,0.5416171459666707,0.029911375138908625,1
recurrence,100,100,47,rf,raw,0.7277227722772277,0.5920245849483314,0.15771310116086235,0.11293532338308462,0.4966229296660895,1.2090453747659922,0
recurrence,100,100,47,rf_smote,raw,0.7011701170117011,0.5889105680529236,0.16180043889750725,0.11540005392574589,0.5066393231825114,1.3964517917484045,2
recurrence,100,100,47,tabpfn,raw,0.693069306930693,0.6204481507772036,0.13894328265395456,0.06710794840508434,0.45119380619804095,3.3318828749470413,0
recurrence,100,100,47,xgboost,raw,0.6354635463546354,0.39678243695999643,0.1805982012814821,0.0785834574793924,0.5502175181168786,0.13433904107660055,2
recurrence,100,100,48,lightgbm,raw,0.6189618961896189,0.4189881175607291,0.19423867771512446,0.15247426069408523,0.6787842960205778,0.13370391679927707,0
recurrence,100,100,48,logistic,raw,0.6447644764476448,0.420209205638572,0.17873976368317876,0.03237795668849782,0.5398506836030877,0.03107895888388157,0
recurrence,100,100,48,rf,raw,0.6818181818181819,0.4813989530164504,0.16799676616915424,0.1104726368159204,0.5234815108331834,1.2401761249639094,0
recurrence,100,100,48,rf_smote,raw,0.6528652865286529,0.3866848559182857,0.18352321724709783,0.10666666666666666,0.5509505452436576,1.373513292055577,0
recurrence,100,100,48,tabpfn,raw,0.7068706870687069,0.611994957114504,0.1412873974340936,0.06575699656534549,0.4580769622190806,3.255484083201736,0
recurrence,100,100,48,xgboost,raw,0.6363636363636362,0.5168396470207604,0.16903068634412954,0.133625471408465,0.5635058193854727,0.13626904087141156,0
recurrence,100,100,49,lightgbm,raw,0.6087608760876089,0.43589672213274056,0.1803900232822775,0.10490931738929517,0.5703424490270211,0.11398537503555417,2
recurrence,100,100,49,logistic,raw,0.6396639663966396,0.49036870691980106,0.17565257990155797,0.06749668850401247,0.533329358434233,0.02905066730454564,0
recurrence,100,100,49,rf,raw,0.6723672367236724,0.5260731870877414,0.1700554764876986,0.10128177978911292,0.5267189205675675,1.2071624170057476,3
recurrence,100,100,49,rf_smote,raw,0.5970597059705971,0.3605312695692959,0.19130873725799197,0.1489996258825202,0.5720601615078759,1.3390216249972582,3
recurrence,100,100,49,tabpfn,raw,0.6822682268226823,0.538427808427104,0.16612403444502952,0.08202414264652266,0.5213291570967389,5.348238707985729,0
recurrence,100,100,49,xgboost,raw,0.576957695769577,0.38054337976689445,0.19778478636044347,0.1313348212765891,0.6252150344569514,0.13422154216095805,0
recurrence,100,100,50,lightgbm,raw,0.7986798679867988,0.6328228167971399,0.1350084075013968,0.08443784866200339,0.45045916559693594,0.11977083422243595,0
recurrence,100,100,50,logistic,raw,0.6477647764776477,0.5047643758589924,0.17615839325059277,0.06650506227323671,0.5344570987680136,0.027942208107560873,0
recurrence,100,100,50,rf,raw,0.7209720972097211,0.5850045886699521,0.1613535273567729,0.07923814481140853,0.5034254003718304,1.2492399998009205,2
recurrence,100,100,50,rf_smote,raw,0.7524752475247525,0.5169038297263389,0.1566196980061351,0.11224759025675692,0.499425605517072,1.393776792101562,2
recurrence,100,100,50,tabpfn,raw,0.7629762976297629,0.5995298756481408,0.15114077042273757,0.07920360629127096,0.475393310837442,3.4351176670752466,0
recurrence,100,100,50,xgboost,raw,0.6849684968496849,0.4722118723011718,0.16939658281852785,0.09671042876234695,0.5269161567815862,0.132169459015131,2
recurrence,100,100,51,lightgbm,raw,0.6819681968196819,0.4581817057071772,0.18350943122013544,0.15590032413592145,0.6610397192216054,0.12408112501725554,1
recurrence,100,100,51,logistic,raw,0.5793579357935794,0.31848230251886595,0.18459311005004744,0.036810356371296114,0.5557502695993484,0.03397249989211559,0
recurrence,100,100,51,rf,raw,0.7599759975997601,0.5776686473567924,0.16233913764510782,0.10074626865671639,0.4981361634853938,1.2501077079214156,0
recurrence,100,100,51,rf_smote,raw,0.6171617161716172,0.37002885890534415,0.1811920324546851,0.09009636539273581,0.5482905110519172,1.3774274168536067,3
recurrence,100,100,51,tabpfn,raw,0.7116711671167116,0.5972461127430524,0.1621138332185204,0.046686925383201294,0.5008432459161508,3.200150875374675,0
recurrence,100,100,51,xgboost,raw,0.6942694269426943,0.5044574526731476,0.16654117731470577,0.08073550152745265,0.5248645315303557,0.1393861253745854,0
recurrence,200,200,42,lightgbm,raw,0.6984698469846985,0.5539149134348633,0.16260907950452586,0.10846280166300533,0.5327897138827148,0.19735387479886413,0
recurrence,200,200,42,lightgbm,calibrated,0.6984698469846985,0.5539149134348633,0.16054652908619022,0.0306132804717527,0.49921615454012974,0.19735387479886413,0
recurrence,200,200,42,logistic,raw,0.6810681068106811,0.5529711336661426,0.17203225510481493,0.06599871405006522,0.5256390156810663,0.03657541610300541,0
recurrence,200,200,42,logistic,calibrated,0.6810681068106811,0.5529711336661426,0.1736835273707968,0.042315555130765944,0.5289345747148941,0.03657541610300541,0
recurrence,200,200,42,rf,raw,0.724872487248725,0.654716901131901,0.16059851573943526,0.12398827882971884,0.5004322011462201,1.454468207899481,3
recurrence,200,200,42,rf,calibrated,0.724872487248725,0.654716901131901,0.1607469378325726,0.08519473554043774,0.5005824001408486,1.454468207899481,3
recurrence,200,200,42,rf_smote,raw,0.6936693669366937,0.5308513511072324,0.17305209138554006,0.10811766231443931,0.5296964605706139,1.7966603329405189,3
recurrence,200,200,42,rf_smote,calibrated,0.6936693669366937,0.5308513511072324,0.1709568748565478,0.0634768417755665,0.5208384898008201,1.7966603329405189,3
recurrence,200,200,42,tabpfn,raw,0.7500750075007501,0.6866776921022465,0.1364686419165082,0.09854200209921865,0.44426196947146895,15.141401042230427,0
recurrence,200,200,42,tabpfn,calibrated,0.7500750075007501,0.6866776921022465,0.13779662425101213,0.10007346383325519,0.44724242778698137,15.141401042230427,0
recurrence,200,200,42,xgboost,raw,0.6972697269726973,0.5422966959034902,0.16161736880051888,0.09979176433729146,0.5394039521799504,0.22146487515419722,1
recurrence,200,200,42,xgboost,calibrated,0.6972697269726973,0.5422966959034902,0.15954297446885718,0.023120016839633353,0.4959884497657319,0.22146487515419722,1
recurrence,200,200,43,lightgbm,raw,0.7392739273927393,0.5485395064564474,0.16080344461716164,0.12058448108875328,0.5140960829674259,0.1968562500551343,0
recurrence,200,200,43,lightgbm,calibrated,0.7392739273927393,0.5485395064564474,0.164656140498546,0.05917519533421472,0.5057609607991123,0.1968562500551343,0
recurrence,200,200,43,logistic,raw,0.7239723972397241,0.5804359082471391,0.17218598128767307,0.05286424703927038,0.5227761161746345,0.036282542161643505,0
recurrence,200,200,43,logistic,calibrated,0.7239723972397241,0.5804359082471391,0.16377280694147123,0.0631514908969696,0.5042396019055995,0.036282542161643505,0
recurrence,200,200,43,rf,raw,0.7617761776177617,0.6321403883101235,0.15802705394141475,0.12228636738284517,0.4906257464835249,1.46447958284989,3
recurrence,200,200,43,rf,calibrated,0.7617761776177617,0.6321403883101235,0.1573858683857329,0.11837531242052456,0.4892780891270263,1.46447958284989,3
recurrence,200,200,43,rf_smote,raw,0.7746774677467747,0.6003607043900931,0.1588574084095354,0.14230368063579668,0.49611059204843655,1.8245412921532989,3
recurrence,200,200,43,rf_smote,calibrated,0.7746774677467747,0.6003607043900931,0.15403160967143056,0.0861961691999992,0.47802161983183483,1.8245412921532989,3
recurrence,200,200,43,tabpfn,raw,0.757875787578758,0.6281299905816939,0.1465378170482892,0.050430600044887454,0.4623743436368054,16.063166082836688,0
recurrence,200,200,43,tabpfn,calibrated,0.757875787578758,0.6281299905816939,0.14664478454299262,0.04516513232850824,0.46257404041250605,16.063166082836688,0
recurrence,200,200,43,xgboost,raw,0.7311731173117312,0.5630600437788158,0.15353162755568672,0.04858042219125512,0.49035291082428795,0.2258854159153998,0
recurrence,200,200,43,xgboost,calibrated,0.7311731173117312,0.5630600437788158,0.16237480530465045,0.07695461816710844,0.5014466251033447,0.2258854159153998,0
recurrence,200,200,44,lightgbm,raw,0.7275727572757277,0.6260270050849918,0.14261627407865973,0.10581514732869218,0.481115255607448,0.19467229209840298,0
recurrence,200,200,44,lightgbm,calibrated,0.7275727572757277,0.6260270050849918,0.14269889004845507,0.06913330398078109,0.4587826440767671,0.19467229209840298,0
recurrence,200,200,44,logistic,raw,0.6717671767176718,0.49119958558936344,0.1728844667871361,0.04110118450591985,0.5267469551955787,0.03662762511521578,0
recurrence,200,200,44,logistic,calibrated,0.6717671767176718,0.49119958558936344,0.17049300727894492,0.04664481694282267,0.52273960707577,0.03662762511521578,0
recurrence,200,200,44,rf,raw,0.7578757875787581,0.6412317657363376,0.1476353233830846,0.0890547263681592,0.46815651718504186,1.4674849580042064,0
recurrence,200,200,44,rf,calibrated,0.7578757875787581,0.6412317657363376,0.1502773627412292,0.08025370955620494,0.4734599586938774,1.4674849580042064,0
recurrence,200,200,44,rf_smote,raw,0.6903690369036903,0.5422871956387645,0.17010979182973932,0.16360378926180283,0.5149641268557955,1.9618882909417152,2
recurrence,200,200,44,rf_smote,calibrated,0.6903690369036903,0.5422871956387645,0.15984833574450708,0.0973352233610435,0.49514551056910505,1.9618882909417152,2
recurrence,200,200,44,tabpfn,raw,0.7770777077707771,0.6599433060936547,0.1306030616184033,0.03541519059174097,0.4178721662812281,13.889062083791941,0
recurrence,200,200,44,tabpfn,calibrated,0.7770777077707771,0.6599433060936547,0.13135357176356788,0.04988792255232661,0.4167793993770276,13.889062083791941,0
recurrence,200,200,44,xgboost,raw,0.7122712271227123,0.6294693246092026,0.14059342721601878,0.10633153118081946,0.46518839940026346,0.21500750025734305,0
recurrence,200,200,44,xgboost,calibrated,0.7122712271227123,0.6294693246092026,0.1451694921058939,0.09222940997227223,0.46691837453527935,0.21500750025734305,0
recurrence,200,200,45,lightgbm,raw,0.7302730273027302,0.662253081261521,0.13873167526942934,0.10011103742777071,0.5041720380070367,0.18714849976822734,0
recurrence,200,200,45,lightgbm,calibrated,0.7302730273027302,0.662253081261521,0.14045558097485675,0.09269501912355904,0.4708096978083672,0.18714849976822734,0
recurrence,200,200,45,logistic,raw,0.6813681368136814,0.5064295034958134,0.17059290822906167,0.05827595850437086,0.5237244588483753,0.054464709013700485,0
recurrence,200,200,45,logistic,calibrated,0.6813681368136814,0.5064295034958134,0.16595739317684907,0.05800588443476162,0.5179378900843755,0.054464709013700485,0
recurrence,200,200,45,rf,raw,0.7227722772277229,0.6433261916573005,0.13906398651789206,0.09135715297395491,0.47078444055351154,1.6543859578669071,2
recurrence,200,200,45,rf,calibrated,0.7227722772277229,0.6433261916573005,0.13691628524709948,0.07359295882391387,0.4763060695730703,1.6543859578669071,2
recurrence,200,200,45,rf_smote,raw,0.7205220522052205,0.5880216824506714,0.16165580431177448,0.1321641791044776,0.5076715656700241,1.8796182498335838,0
recurrence,200,200,45,rf_smote,calibrated,0.7205220522052205,0.5880216824506714,0.15836967465918333,0.0907222209369299,0.5004793936666604,1.8796182498335838,0
recurrence,200,200,45,tabpfn,raw,0.7335733573357335,0.6680807858701504,0.13208908036102537,0.06328820464993593,0.44044004747855947,13.716099291108549,0
recurrence,200,200,45,tabpfn,calibrated,0.7335733573357335,0.6680807858701504,0.13401848354310897,0.08999808255586363,0.4431371854850137,13.716099291108549,0
recurrence,200,200,45,xgboost,raw,0.6924692469246925,0.6192625513263132,0.14653746097066211,0.11139674057294406,0.4895148428713152,0.30214416701346636,0
recurrence,200,200,45,xgboost,calibrated,0.6924692469246925,0.6192625513263132,0.14704656833261548,0.0765906042840292,0.48185675455664256,0.30214416701346636,0
recurrence,200,200,46,lightgbm,raw,0.7587758775877587,0.6706006591376931,0.13301350772106338,0.07246109014435598,0.4640911043044429,0.18996312515810132,0
recurrence,200,200,46,lightgbm,calibrated,0.7587758775877587,0.6706006591376931,0.14367548413492973,0.0929360733029027,0.46133578168758005,0.18996312515810132,0
recurrence,200,200,46,logistic,raw,0.6825682568256826,0.5021524108580127,0.172060010077568,0.055575076066578084,0.5251686849907627,0.035630833357572556,0
recurrence,200,200,46,logistic,calibrated,0.6825682568256826,0.5021524108580127,0.16771232376870515,0.03054687209785118,0.5207570915483328,0.035630833357572556,0
recurrence,200,200,46,rf,raw,0.7605760576057606,0.6761309910326299,0.14620746268656715,0.10119402985074624,0.4685910604291521,1.4487157920375466,0
recurrence,200,200,46,rf,calibrated,0.7605760576057606,0.6761309910326299,0.1454821866905029,0.10932918272265461,0.4672950409370286,1.4487157920375466,0
recurrence,200,200,46,rf_smote,raw,0.7785778577857786,0.6148201193764866,0.15404568822553896,0.11141791044776118,0.4861693968120785,1.7687737909145653,0
recurrence,200,200,46,rf_smote,calibrated,0.7785778577857786,0.6148201193764866,0.1500010794431261,0.09266992630996766,0.4723677111203405,1.7687737909145653,0
recurrence,200,200,46,tabpfn,raw,0.7740774077407742,0.7018464833124829,0.12636813633265628,0.08788861731873518,0.4176106858886275,13.497633583843708,0
recurrence,200,200,46,tabpfn,calibrated,0.7740774077407742,0.7018464833124829,0.12637860967529327,0.07761639737571004,0.41773051063363525,13.497633583843708,0
recurrence,200,200,46,xgboost,raw,0.7350735073507351,0.6577069727182573,0.13997227331498432,0.0754834807046981,0.4688985740874706,0.21709150029346347,0
recurrence,200,200,46,xgboost,calibrated,0.7350735073507351,0.6577069727182573,0.14668173810369853,0.11252935866758294,0.4713553109095564,0.21709150029346347,0
recurrence,200,200,47,lightgbm,raw,0.6741674167416741,0.5164212716260512,0.17642464136703775,0.1347870113368872,0.6531867096796246,0.20780591713264585,1
recurrence,200,200,47,logistic,raw,0.6744674467446745,0.5026692384747139,0.1739602139545498,0.0609614313164922,0.5291359986024334,0.03555691707879305,0
recurrence,200,200,47,rf,raw,0.7338733873387339,0.6622715194480687,0.1589979504504,0.13895206880349598,0.49692930062195195,1.440431332681328,3
recurrence,200,200,47,rf_smote,raw,0.7287728772877288,0.5903452852101354,0.16614370500694084,0.11964004398941137,0.5169849010782998,1.7880746251903474,1
recurrence,200,200,47,tabpfn,raw,0.7233723372337234,0.6510137301282676,0.13337232222962042,0.038113303816140594,0.43630756430489026,3.4944041250273585,0
recurrence,200,200,47,xgboost,raw,0.7140714071407142,0.5820828259291708,0.15246123001368767,0.13327363175479,0.5372799675970766,0.22207712475210428,1
recurrence,200,200,48,lightgbm,raw,0.712871287128713,0.5665336342859545,0.15361344667726978,0.13121181498388057,0.5199004276488473,0.19065012503415346,0
recurrence,200,200,48,logistic,raw,0.7236723672367237,0.5408514522860506,0.15733813362624036,0.07627436472514174,0.4900602621844505,0.03579533286392689,1
recurrence,200,200,48,rf,raw,0.7610261026102612,0.6765955807788359,0.14753714759535658,0.13467661691542288,0.4775876998258042,1.4586155419237912,0
recurrence,200,200,48,rf_smote,raw,0.7305730573057306,0.6509347530094257,0.1606413526568199,0.14001237707001823,0.5038702826853942,1.768486374989152,1
recurrence,200,200,48,tabpfn,raw,0.7806780678067807,0.6868792963164256,0.1320302745971769,0.05704791849451279,0.424618358871308,3.355382042005658,0
recurrence,200,200,48,xgboost,raw,0.7098709870987099,0.5420409292342321,0.16031553943220714,0.10408371155421291,0.5418719502270879,0.21976929204538465,1
recurrence,200,200,49,lightgbm,raw,0.7047704770477048,0.6412124626955542,0.13910334537830935,0.07784221048913761,0.4980011979842269,0.19729162473231554,0
recurrence,200,200,49,logistic,raw,0.7236723672367237,0.49825383850251437,0.2133688525293682,0.20313095657788183,0.870012414772377,0.03861358296126127,3
recurrence,200,200,49,rf,raw,0.7715271527152716,0.7470769570929712,0.14113615257048095,0.1599502487562189,0.46817380813996,1.4690105840563774,0
recurrence,200,200,49,rf_smote,raw,0.6792679267926793,0.4801146889254514,0.17543820319322925,0.10074577851756555,0.537918089464075,1.7746024578809738,3
recurrence,200,200,49,tabpfn,raw,0.7395739573957396,0.6502054928310803,0.14276210097163347,0.0976883170486831,0.4569081068649321,5.421550957951695,0
recurrence,200,200,49,xgboost,raw,0.741974197419742,0.6595832553436836,0.13296499627629807,0.06923547489985601,0.439630200449911,0.217850208748132,0
recurrence,200,200,50,lightgbm,raw,0.7272727272727274,0.5862414405309866,0.15528974288675426,0.10498812288746126,0.5308925292566319,0.18962620897218585,0
recurrence,200,200,50,logistic,raw,0.6558655865586559,0.5150883307348953,0.17119531459912127,0.09519297522643026,0.5245426855663408,0.03377991681918502,0
recurrence,200,200,50,rf,raw,0.7641764176417642,0.6814342889340875,0.15169856219710984,0.10823603083662346,0.48577415240502736,1.462738832924515,1
recurrence,200,200,50,rf_smote,raw,0.7473747374737473,0.5510537981922796,0.1641893459128286,0.12403560666982896,0.5131674539772638,1.7542969998903573,1
recurrence,200,200,50,tabpfn,raw,0.7653765376537655,0.6611203404155536,0.13426464710613364,0.060838691153521855,0.44429143569154245,3.3376412917859852,0
recurrence,200,200,50,xgboost,raw,0.7416741674167416,0.6199972075631781,0.14610403934879881,0.06813027373334364,0.4768605862902422,0.2141101248562336,0
recurrence,200,200,51,lightgbm,raw,0.6834683468346835,0.5980542501117977,0.15108037613698588,0.09470504206589687,0.5198717419815522,0.20142562501132488,0
recurrence,200,200,51,logistic,raw,0.6765676567656765,0.48313704444764416,0.203236047507853,0.18759337075161098,0.8830330105736175,0.04139929171651602,3
recurrence,200,200,51,rf,raw,0.7394239423942395,0.6450860600610737,0.15461202321724715,0.11017412935323383,0.4856838426362724,1.4799787499941885,0
recurrence,200,200,51,rf_smote,raw,0.6812181218121811,0.5047402344407631,0.16948424543946933,0.09203980099502489,0.5243866500986666,1.8148859590291977,0
recurrence,200,200,51,tabpfn,raw,0.741974197419742,0.6848534503772611,0.13718370833087512,0.10357723821566174,0.4487393734769971,3.331674249842763,0
recurrence,200,200,51,xgboost,raw,0.6591659165916592,0.5454786218478722,0.1589657490205483,0.09125926164882396,0.5121946259609533,0.21979125030338764,0
recurrence,500,500,42,lightgbm,raw,0.7098709870987099,0.602959167394191,0.14837762190735362,0.07998220522753931,0.48160426052187383,0.42909291572868824,3
recurrence,500,500,42,lightgbm,calibrated,0.7098709870987099,0.602959167394191,0.14972917176299136,0.08739915577427429,0.47530427395597646,0.42909291572868824,3
recurrence,500,500,42,logistic,raw,0.7251725172517253,0.572195895248536,0.1637072921859825,0.06555547676197192,0.5055715057910614,0.045814374927431345,0
recurrence,500,500,42,logistic,calibrated,0.7251725172517253,0.572195895248536,0.1606379996630712,0.06085664412397403,0.4997233344306625,0.045814374927431345,0
recurrence,500,500,42,rf,raw,0.7781278127812781,0.711832076470489,0.14127180762852404,0.11134328358208957,0.45848806894767835,2.4289413751102984,0
recurrence,500,500,42,rf,calibrated,0.7781278127812781,0.711832076470489,0.14257645795019466,0.12651862254397409,0.46038020645212885,2.4289413751102984,0
recurrence,500,500,42,rf_smote,raw,0.7755775577557756,0.6311666946655485,0.1532687785825297,0.16682780247530402,0.48601748909906534,3.3294001249596477,1
recurrence,500,500,42,rf_smote,calibrated,0.7755775577557756,0.6311666946655485,0.1477230422761106,0.10580128358338861,0.46751440825922735,3.3294001249596477,1
recurrence,500,500,42,tabpfn,raw,0.7860786078607862,0.7065557201226986,0.12532716372020974,0.06622453545456503,0.4110498625112043,16.786605041008443,0
recurrence,500,500,42,tabpfn,calibrated,0.7860786078607862,0.7065557201226986,0.13027728744385716,0.07446368320914375,0.42675599793555047,16.786605041008443,0
recurrence,500,500,42,xgboost,raw,0.744974497449745,0.6453578959689669,0.13909894028105318,0.08032902669328362,0.45102366670590843,0.4333356670103967,3
recurrence,500,500,42,xgboost,calibrated,0.744974497449745,0.6453578959689669,0.14264050183612548,0.0606906870444887,0.45752846002966596,0.4333356670103967,3
recurrence,500,500,43,lightgbm,raw,0.7428742874287427,0.6631845774394939,0.13602269293173594,0.06807582068400643,0.44981696628313333,0.3935491247102618,0
recurrence,500,500,43,lightgbm,calibrated,0.7428742874287427,0.6631845774394939,0.14120316611230935,0.0681226611478357,0.4568067683018418,0.3935491247102618,0
recurrence,500,500,43,logistic,raw,0.7635763576357636,0.6305447854600077,0.14438236873820945,0.06315225363722968,0.4584802327986618,0.04407087480649352,1
recurrence,500,500,43,logistic,calibrated,0.7635763576357636,0.6305447854600077,0.14656710989075913,0.08641742230413865,0.462792756838223,0.04407087480649352,1
recurrence,500,500,43,rf,raw,0.7443744374437444,0.6630293429136441,0.13467782339141465,0.0929404104061792,0.4446532931463067,2.6555503751151264,2
recurrence,500,500,43,rf,calibrated,0.7443744374437444,0.6630293429136441,0.13503478527940352,0.07217364086112328,0.44525879823241926,2.6555503751151264,2
recurrence,500,500,43,rf_smote,raw,0.7797779777977797,0.6840649107517898,0.13542480043242566,0.09430945253389246,0.43567087997043874,3.778452292084694,2
recurrence,500,500,43,rf_smote,calibrated,0.7797779777977797,0.6840649107517898,0.13016995112070878,0.06046646606481983,0.42354453741574594,3.778452292084694,2
recurrence,500,500,43,tabpfn,raw,0.7881788178817882,0.6976172546834726,0.12500109162284923,0.06607471637205402,0.40923796475750696,18.248617333825678,0
recurrence,500,500,43,tabpfn,calibrated,0.7881788178817882,0.6976172546834726,0.12501327595923326,0.0680270880700694,0.40936317766533975,18.248617333825678,0
recurrence,500,500,43,xgboost,raw,0.7311731173117312,0.6654488190767274,0.1381787309210592,0.10384816061983358,0.45440219373429497,0.3958533750846982,0
recurrence,500,500,43,xgboost,calibrated,0.7311731173117312,0.6654488190767274,0.13985064549152285,0.09961647401681135,0.456743748208148,0.3958533750846982,0
recurrence,500,500,44,lightgbm,raw,0.7461746174617462,0.6459889609004311,0.13748879447641144,0.05676152791219238,0.45370111441179356,0.43008933309465647,3
recurrence,500,500,44,lightgbm,calibrated,0.7461746174617462,0.6459889609004311,0.1396156296785516,0.06229482477044482,0.4524592157631959,0.43008933309465647,3
recurrence,500,500,44,logistic,raw,0.7596759675967597,0.6341700228771202,0.15623864689395106,0.10672060188198333,0.5167359578078564,0.046301333233714104,3
recurrence,500,500,44,logistic,calibrated,0.7596759675967597,0.6341700228771202,0.14964046320781782,0.06371426872521578,0.4704428178387162,0.046301333233714104,3
recurrence,500,500,44,rf,raw,0.7644764476447645,0.7143727097330733,0.1428261414290582,0.1264479570855239,0.4623858932025631,2.4129702909849584,1
recurrence,500,500,44,rf,calibrated,0.7644764476447645,0.7143727097330733,0.13453156053555745,0.12762206981132124,0.44973320351025814,2.4129702909849584,1
recurrence,500,500,44,rf_smote,raw,0.788028802880288,0.7131931299387069,0.14659510779436152,0.16843283582089552,0.47274395751541864,3.362445916980505,0
recurrence,500,500,44,rf_smote,calibrated,0.788028802880288,0.7131931299387069,0.14045784813526965,0.10910251407127629,0.4558667491870996,3.362445916980505,0
recurrence,500,500,44,tabpfn,raw,0.7755775577557755,0.7060777178389785,0.12276448949781461,0.0584314834715715,0.4067093305663818,14.063795416150242,0
recurrence,500,500,44,tabpfn,calibrated,0.7755775577557755,0.7060777178389785,0.12381831590161675,0.07447591663383672,0.41006127159550826,14.063795416150242,0
recurrence,500,500,44,xgboost,raw,0.7746774677467747,0.7071523103520471,0.1287459031769071,0.09799347147901556,0.42574285587986666,0.40124716702848673,0
recurrence,500,500,44,xgboost,calibrated,0.7746774677467747,0.7071523103520471,0.13188677827343975,0.07021200010237785,0.43345295237346243,0.40124716702848673,0
recurrence,500,500,45,lightgbm,raw,0.7083708370837084,0.6096253996035905,0.14392765618609557,0.09047010874131638,0.468320205528835,0.4076773328706622,2
recurrence,500,500,45,lightgbm,calibrated,0.7083708370837084,0.6096253996035905,0.14622932065278446,0.0779503462986879,0.46893872057674485,0.4076773328706622,2
recurrence,500,500,45,logistic,raw,0.8001800180018002,0.6684574636360423,0.1329139413368465,0.06853067245471123,0.42819030680292763,0.04595225024968386,2
recurrence,500,500,45,logistic,calibrated,0.8001800180018002,0.6684574636360423,0.1387282455341997,0.05245069397164258,0.4398953929286868,0.04595225024968386,2
recurrence,500,500,45,rf,raw,0.7461746174617461,0.6607565411589524,0.13199941572044624,0.06710202347305284,0.43401263314859306,2.67744320910424,2
recurrence,500,500,45,rf,calibrated,0.7461746174617461,0.6607565411589524,0.13218388399549186,0.05913066478286585,0.43492921959571357,2.67744320910424,2
recurrence,500,500,45,rf_smote,raw,0.7613261326132613,0.6270962913935813,0.1503296849087894,0.11293532338308457,0.4776920860409134,3.4244566247798502,0
recurrence,500,500,45,rf_smote,calibrated,0.7613261326132613,0.6270962913935813,0.14463094618145586,0.0676747357511686,0.46073402671479646,3.4244566247798502,0
recurrence,500,500,45,tabpfn,raw,0.7887788778877889,0.7181908979397968,0.1230082084901293,0.06124758014260833,0.40347269288506143,15.743363333400339,0
recurrence,500,500,45,tabpfn,calibrated,0.7887788778877889,0.7181908979397968,0.12345455035337705,0.06547495579021717,0.4046726985334982,15.743363333400339,0
recurrence,500,500,45,xgboost,raw,0.7632763276327633,0.6836134228464816,0.12869912134722059,0.06200102041127967,0.42235397698378,0.39631083281710744,0
recurrence,500,500,45,xgboost,calibrated,0.7632763276327633,0.6836134228464816,0.13072271171646951,0.0462570948663912,0.4285362455221186,0.39631083281710744,0
recurrence,500,500,46,lightgbm,raw,0.7338733873387338,0.6181044308881178,0.14273058657442417,0.0813360975274397,0.4680963657047664,0.428162083029747,3
recurrence,500,500,46,lightgbm,calibrated,0.7338733873387338,0.6181044308881178,0.14417989317873364,0.08187928920516581,0.46349002102893905,0.428162083029747,3
recurrence,500,500,46,logistic,raw,0.7734773477347735,0.6477627627246779,0.1514227050959235,0.10920509575041627,0.5121567587397156,0.05668933317065239,3
recurrence,500,500,46,logistic,calibrated,0.7734773477347735,0.6477627627246779,0.14759259566370647,0.06951090374163968,0.4663195160510414,0.05668933317065239,3
recurrence,500,500,46,rf,raw,0.7524752475247525,0.7038480963350774,0.14653856828538583,0.11224151559926594,0.46888056238530423,2.4034677082672715,1
recurrence,500,500,46,rf,calibrated,0.7524752475247525,0.7038480963350774,0.1405091384459157,0.11021495683801769,0.4588795919389677,2.4034677082672715,1
recurrence,500,500,46,rf_smote,raw,0.758925892589259,0.6635553680678757,0.15144519071310114,0.1414676616915423,0.48348769220063387,3.3698308342136443,0
recurrence,500,500,46,rf_smote,calibrated,0.758925892589259,0.6635553680678757,0.1449010157314459,0.14421695721386768,0.4665279950540636,3.3698308342136443,0
recurrence,500,500,46,tabpfn,raw,0.7932793279327933,0.7181534081244758,0.12334868868362334,0.06816809613313247,0.405928048991103,13.698343708179891,0
recurrence,500,500,46,tabpfn,calibrated,0.7932793279327933,0.7181534081244758,0.12408857405753061,0.07640534084879835,0.4083538333268387,13.698343708179891,0
recurrence,500,500,46,xgboost,raw,0.7608760876087608,0.6516800347417637,0.13975510936100383,0.04256939935261634,0.4510844263582552,0.43170058401301503,3
recurrence,500,500,46,xgboost,calibrated,0.7608760876087608,0.6516800347417637,0.14197459380122407,0.06532328832151725,0.4551350381688267,0.43170058401301503,3
recurrence,500,500,47,lightgbm,raw,0.6963696369636964,0.6061470467208949,0.1439360112864818,0.08553932533683396,0.47544308989599937,0.39365241676568985,2
recurrence,500,500,47,logistic,raw,0.7731773177317731,0.6366725977818158,0.15015125286937098,0.08935955252905312,0.5071556766881403,0.046589958015829325,3
recurrence,500,500,47,rf,raw,0.7569756975697571,0.6974935572886699,0.14060439469320066,0.10823383084577115,0.46137064712102277,2.4276772500015795,0
recurrence,500,500,47,rf_smote,raw,0.7527752775277529,0.6552664481429404,0.15448506920161054,0.14266991985289929,0.48893903417370504,3.3126238333061337,1
recurrence,500,500,47,tabpfn,raw,0.7764776477647765,0.7007296915361414,0.12509143869451883,0.05000768601894379,0.40910537500245536,3.3653287920169532,0
recurrence,500,500,47,xgboost,raw,0.6903690369036903,0.6041523378919833,0.14294720559112362,0.06134496754341162,0.47130803097108787,0.42818829184398055,3
recurrence,500,500,48,lightgbm,raw,0.7482748274827482,0.643175633002511,0.13761170124433938,0.09279536586419708,0.44751805204166545,0.39266075007617474,0
recurrence,500,500,48,logistic,raw,0.7500750075007501,0.6193990717448127,0.16072205789329747,0.12567835207510147,0.5402238730271425,0.04853595793247223,3
recurrence,500,500,48,rf,raw,0.7575757575757577,0.6564168928858861,0.14950801120128035,0.11393527363467466,0.47387764423363815,2.403949291910976,1
recurrence,500,500,48,rf_smote,raw,0.7596759675967597,0.6714030755095077,0.14074256649283357,0.12018845776047682,0.44996338625522864,3.751511833164841,2
recurrence,500,500,48,tabpfn,raw,0.7797779777977798,0.6884586852934675,0.12713220793152594,0.052344832902968826,0.41534504496068464,5.5047814580611885,0
recurrence,500,500,48,xgboost,raw,0.7293729372937294,0.6326765957767069,0.14206841540172754,0.08285139951465735,0.45987761371684016,0.39771137526258826,0
recurrence,500,500,49,lightgbm,raw,0.7095709570957096,0.6343784303945564,0.1444327860622598,0.09772096553332425,0.5439076315677889,0.42505337530747056,1
recurrence,500,500,49,logistic,raw,0.7989798979897991,0.673482180988876,0.13049891462545116,0.06732930251014055,0.42129532136570863,0.04901099996641278,2
recurrence,500,500,49,rf,raw,0.7797779777977798,0.7359123715654056,0.1470125595853897,0.14910206236362042,0.46932804109669746,2.4007102083414793,3
recurrence,500,500,49,rf_smote,raw,0.7764776477647765,0.6760086417576618,0.14434825870646767,0.15940298507462686,0.4681050441052466,3.355774125084281,0
recurrence,500,500,49,tabpfn,raw,0.7857785778577858,0.7260650742165992,0.12078371066010493,0.08030064376210098,0.4018963575697849,5.502484208904207,0
recurrence,500,500,49,xgboost,raw,0.7446744674467447,0.6811547524825622,0.13217089983034974,0.08845929812584351,0.4383184911380348,0.4011287079192698,0
recurrence,500,500,50,lightgbm,raw,0.7116711671167117,0.600761989396525,0.1492315252779414,0.10644598361261766,0.4838810889451595,0.40007262537255883,2
recurrence,500,500,50,logistic,raw,0.7773777377737774,0.633399557712367,0.14099663220279451,0.07853656316565437,0.45376279888553706,0.046762125100940466,2
recurrence,500,500,50,rf,raw,0.7797779777977798,0.7134224752858488,0.14835679624433565,0.10174152763925685,0.470333183410204,2.3630375838838518,3
recurrence,500,500,50,rf_smote,raw,0.7971797179717973,0.6898180657284924,0.14752222222222222,0.13582089552238802,0.47236294183995703,3.4668438751250505,0
recurrence,500,500,50,tabpfn,raw,0.7872787278727874,0.6966827538615575,0.1261278951991219,0.05887411651549054,0.4126859355755798,3.335767916869372,0
recurrence,500,500,50,xgboost,raw,0.7434743474347436,0.6709669762928188,0.13403473281278808,0.06756031924664084,0.4459257986416901,0.41346774995326996,1
recurrence,500,500,51,lightgbm,raw,0.6810681068106812,0.5742183681236221,0.1611155153298394,0.13924643361867248,0.59566349506324,0.42573516676202416,1
recurrence,500,500,51,logistic,raw,0.7692769276927693,0.6667591270489701,0.13425183350888287,0.07820800571075859,0.4467287972563609,0.04771845880895853,2
recurrence,500,500,51,rf,raw,0.7773777377737775,0.7037261166884585,0.13825058043117744,0.10761194029850746,0.44944749054681543,2.4860708750784397,0
recurrence,500,500,51,rf_smote,raw,0.7785778577857786,0.6897716637419653,0.14961753508021583,0.1419411020119604,0.47591230436221577,3.391714250203222,1
recurrence,500,500,51,tabpfn,raw,0.7881788178817881,0.7054992429175807,0.12512476874786638,0.06508333627968581,0.4097987683598249,3.4574037920683622,0
recurrence,500,500,51,xgboost,raw,0.7077707770777077,0.6090295562296959,0.144764941044319,0.09279811957767649,0.47206583876436453,0.4376186248846352,3
recurrence,50,50,42,lightgbm,raw,0.5697569756975698,0.2910255282565945,0.19266194724417374,0.08544696554232122,0.5853237035775616,0.08459416637197137,2
recurrence,50,50,42,lightgbm,calibrated,0.4302430243024302,0.22437232110129074,0.18752085548280953,0.025598623960320668,0.5636994662059489,0.08459416637197137,2
recurrence,50,50,42,logistic,raw,0.6261626162616261,0.4417069876026679,0.2098776913235775,0.16433842732246481,0.7255643411149453,0.026753959245979786,2
recurrence,50,50,42,logistic,calibrated,0.6261626162616261,0.4417069876026679,0.17685335140370184,0.03472249227748771,0.5365146242059637,0.026753959245979786,2
recurrence,50,50,42,rf,raw,0.6207620762076208,0.4134459984447021,0.17849253731343284,0.0464179104477612,0.5440023575495935,1.1474181250669062,0
recurrence,50,50,42,rf,calibrated,0.6207620762076208,0.4134459984447021,0.18163461208082912,0.036603820509686386,0.5479508077519917,1.1474181250669062,0
recurrence,50,50,42,rf_smote,raw,0.6294629462946295,0.40052465604759896,0.1876857033846326,0.11495908851400996,0.561852594490587,1.1942020412534475,3
recurrence,50,50,42,rf_smote,calibrated,0.37053705370537054,0.20294408963971985,0.19038956749480293,0.07499625524420168,0.5728138501002248,1.1942020412534475,3
recurrence,50,50,42,tabpfn,raw,0.6915691569156915,0.44365293858991606,0.1710959165666828,0.05778406287974384,0.5216870540216182,87.63659616699442,0
recurrence,50,50,42,tabpfn,calibrated,0.30843084308430846,0.19163182691115932,0.19196843381972026,0.10494322122752975,0.5777999421262721,87.63659616699442,0
recurrence,50,50,42,xgboost,raw,0.5922592259225923,0.3009965375905051,0.1839844197562799,0.05567006394267082,0.5524946199052145,0.09497433295473456,3
recurrence,50,50,42,xgboost,calibrated,0.4077407740774077,0.2074048786910274,0.18771930668654893,0.024990592436101137,0.5642284217823288,0.09497433295473456,3
recurrence,50,50,43,lightgbm,raw,0.5274527452745275,0.28287669661699816,0.2466312551944973,0.22128829945233805,0.9097994433745497,0.07589204236865044,1
recurrence,50,50,43,lightgbm,calibrated,0.5274527452745275,0.28287669661699816,0.19238801948613343,0.07731911439785086,0.5822422137558275,0.07589204236865044,1
recurrence,50,50,43,logistic,raw,0.6141614161416142,0.4129791389472158,0.18197525208663512,0.029161748788972586,0.5482524376809982,0.026561541948467493,0
recurrence,50,50,43,logistic,calibrated,0.6141614161416142,0.4129791389472158,0.1846755556563561,0.030738315271793094,0.5555004757712352,0.026561541948467493,0
recurrence,50,50,43,rf,raw,0.7172217221722172,0.5331097472204509,0.16408955223880597,0.07532338308457712,0.5065531671208082,1.1461755828931928,0
recurrence,50,50,43,rf,calibrated,0.7172217221722172,0.5331097472204509,0.17614420159736746,0.036605404320718536,0.5327817764419076,1.1461755828931928,0
recurrence,50,50,43,rf_smote,raw,0.7110711071107111,0.5105618832202283,0.16680261445597871,0.10475974995096399,0.5199401830319825,1.2055334998294711,2
recurrence,50,50,43,rf_smote,calibrated,0.7110711071107111,0.5105618832202283,0.17304790189980074,0.06053360981522491,0.526159275862159,1.2055334998294711,2
recurrence,50,50,43,tabpfn,raw,0.7119711971197119,0.5422386374021289,0.1605975293719564,0.07704017094489353,0.4988637549417764,18.420406541787088,0
recurrence,50,50,43,tabpfn,calibrated,0.7119711971197119,0.5422386374021289,0.17221252109555257,0.0654963705487555,0.5228653947439987,18.420406541787088,0
recurrence,50,50,43,xgboost,raw,0.5466546654665467,0.29014363543179705,0.22850119099330665,0.18121316840649765,0.7255961207060995,0.09062354220077395,0
recurrence,50,50,43,xgboost,calibrated,0.5466546654665467,0.29014363543179705,0.19455834801733934,0.08964214086648407,0.5880079097881252,0.09062354220077395,0
recurrence,50,50,44,lightgbm,raw,0.6344134413441344,0.34129906011958716,0.18564110979602216,0.10680453905133488,0.5542910242721587,0.08641083305701613,3
recurrence,50,50,44,lightgbm,calibrated,0.3655865586558656,0.19112806680399558,0.1893578095517216,0.02674687418843594,0.5690895165734334,0.08641083305701613,3
recurrence,50,50,44,logistic,raw,0.6807680768076808,0.4796508503708118,0.1737002737236199,0.072696308278102,0.5299600946742098,0.02665012516081333,1
recurrence,50,50,44,logistic,calibrated,0.6807680768076808,0.4796508503708118,0.18226216001910112,0.055798703398162945,0.5486204851286739,0.02665012516081333,1
recurrence,50,50,44,rf,raw,0.6234623462346235,0.34891056885480737,0.17818521044881838,0.049541102381587446,0.5364696709565362,1.1275681657716632,3
recurrence,50,50,44,rf,calibrated,0.6234623462346235,0.34891056885480737,0.18557721707662828,0.024946646266374217,0.55802562114686,1.1275681657716632,3
recurrence,50,50,44,rf_smote,raw,0.5685568556855686,0.2740062875755854,0.1982557686608098,0.07820639285593443,0.5845533347259496,1.181988584343344,3
recurrence,50,50,44,rf_smote,calibrated,0.5685568556855686,0.2740062875755854,0.18566640664612394,0.028718304481336,0.5581654808717064,1.181988584343344,3
recurrence,50,50,44,tabpfn,raw,0.714971497149715,0.5049892270698321,0.17527912237597798,0.04921679532349998,0.5307036566141441,17.330259874928743,0
recurrence,50,50,44,tabpfn,calibrated,0.285028502850285,0.1802180775832015,0.18723634758788132,0.026667425882237833,0.5628700414668011,17.330259874928743,0
recurrence,50,50,44,xgboost,raw,0.6315631563156315,0.3268765772984593,0.20800343782185376,0.15659404266278137,0.6573118199050457,0.09684770787134767,1
recurrence,50,50,44,xgboost,calibrated,0.6315631563156315,0.3268765772984593,0.18621452159189225,0.026196061921060804,0.559875850313848,0.09684770787134767,1
recurrence,50,50,45,lightgbm,raw,0.6822682268226823,0.4491903582807776,0.1867736065366125,0.16384751666291508,0.627188506136252,0.07648595795035362,0
recurrence,50,50,45,lightgbm,calibrated,0.6822682268226823,0.4491903582807776,0.17361211976787566,0.03173079606482129,0.5256217850077416,0.07648595795035362,0
recurrence,50,50,45,logistic,raw,0.639063906390639,0.46122228394071985,0.17539600945747041,0.08733425947993684,0.5453348758013884,0.026835749857127666,1
recurrence,50,50,45,logistic,calibrated,0.639063906390639,0.46122228394071985,0.17404262337338935,0.07209057659233875,0.5324960530655684,0.026835749857127666,1
recurrence,50,50,45,rf,raw,0.7148214821482148,0.5342252056657008,0.16439817578772803,0.07945273631840796,0.5084650267881854,1.1244224589318037,0
recurrence,50,50,45,rf,calibrated,0.7148214821482148,0.5342252056657008,0.16465336979879283,0.07230128653146617,0.5089013184041974,1.1244224589318037,0
recurrence,50,50,45,rf_smote,raw,0.6752175217521751,0.4096010939558271,0.17656849087893864,0.05810945273631843,0.5341173981975851,1.1831108331680298,0
recurrence,50,50,45,rf_smote,calibrated,0.6752175217521751,0.4096010939558271,0.1753494048137485,0.038418941279029735,0.5304169246325212,1.1831108331680298,0
recurrence,50,50,45,tabpfn,raw,0.6966696669666967,0.4971712575135958,0.15888768904717432,0.0701013047581733,0.5070186029832418,13.064168750308454,0
recurrence,50,50,45,tabpfn,calibrated,0.6966696669666967,0.4971712575135958,0.1591463381437863,0.06928379354261623,0.5085532380756406,13.064168750308454,0
recurrence,50,50,45,xgboost,raw,0.5898589858985899,0.3129587660790116,0.20827652360315058,0.17104240343210972,0.6712350570187342,0.08986962493509054,1
recurrence,50,50,45,xgboost,calibrated,0.41014101410141013,0.20588870004834559,0.18722947094651915,0.025707897920670575,0.5628305048205221,0.08986962493509054,1
recurrence,50,50,46,lightgbm,raw,0.5862586258625863,0.3156770450837194,0.21357145696407073,0.16758370359179706,0.7401560852887119,0.08277983404695988,0
recurrence,50,50,46,lightgbm,calibrated,0.5862586258625863,0.3156770450837194,0.18566259390758572,0.0518367089045291,0.5591950355776666,0.08277983404695988,0
recurrence,50,50,46,logistic,raw,0.5679567956795679,0.35738337431005684,0.18365012110609086,0.03196254370305188,0.5531160158928459,0.028448750264942646,0
recurrence,50,50,46,logistic,calibrated,0.5679567956795679,0.35738337431005684,0.1841397994704165,0.029400365469885854,0.5542059993372945,0.028448750264942646,0
recurrence,50,50,46,rf,raw,0.6746174617461747,0.49429722533229703,0.1715255389718076,0.081044776119403,0.5313334882051864,1.1515077082440257,0
recurrence,50,50,46,rf,calibrated,0.6746174617461747,0.49429722533229703,0.17712074261660507,0.051050056510250956,0.5377687328147991,1.1515077082440257,0
recurrence,50,50,46,rf_smote,raw,0.5876087608760876,0.33967648352083146,0.18752537313432835,0.08303482587064678,0.5616104267455038,1.1878626658581197,0
recurrence,50,50,46,rf_smote,calibrated,0.5876087608760876,0.33967648352083146,0.18438143261740694,0.029730380447928004,0.5546943306261143,1.1878626658581197,0
recurrence,50,50,46,tabpfn,raw,0.681968196819682,0.6279655084949534,0.1664563933633393,0.11292576912178923,0.5124280676018038,13.327415042091161,0
recurrence,50,50,46,tabpfn,calibrated,0.681968196819682,0.6279655084949534,0.18524487655431984,0.026031592396774855,0.5570850565721793,13.327415042091161,0
recurrence,50,50,46,xgboost,raw,0.585958595859586,0.3257720605516328,0.1886727621955767,0.08629290156288823,0.5756270267963212,0.09183858288452029,2
recurrence,50,50,46,xgboost,calibrated,0.585958595859586,0.3257720605516328,0.18433987968879087,0.040965611079115595,0.5548559131833781,0.09183858288452029,2
recurrence,50,50,47,lightgbm,raw,0.5927092709270928,0.32578967043941015,0.2013279448084943,0.1352011559287317,0.606428188315408,0.07141979085281491,2
recurrence,50,50,47,logistic,raw,0.6054605460546054,0.32837763242349705,0.22963592491467658,0.19861350707429884,0.9631421714862599,0.026067041791975498,2
recurrence,50,50,47,rf,raw,0.5991599159915992,0.3158732609923143,0.19143551224514796,0.07513487147749655,0.5738979583073747,1.122370541561395,2
recurrence,50,50,47,rf_smote,raw,0.6246624662466247,0.35985675390460214,0.20134800279356446,0.1381368576327422,0.5918959834126929,1.1919182911515236,2
recurrence,50,50,47,tabpfn,raw,0.6564656465646566,0.4149969996179166,0.17359838331747854,0.05411487945647383,0.5288572539752167,5.275808167178184,0
recurrence,50,50,47,xgboost,raw,0.6189618961896189,0.33783029554950483,0.22041719124017747,0.18559790955884242,0.7119890576654737,0.08811016706749797,0
recurrence,50,50,48,lightgbm,raw,0.48304830483048306,0.27209048615232595,0.24231202033714755,0.2356987082912289,0.7976634455383836,0.08388158259913325,0
recurrence,50,50,48,logistic,raw,0.45244524452445245,0.24756247630642753,0.18886527340306344,0.038235034838277185,0.5674062189716337,0.02918100031092763,0
recurrence,50,50,48,rf,raw,0.5262526252625263,0.26509491086299575,0.19702056384742953,0.10203980099502488,0.5864067220110639,1.1243176669813693,0
recurrence,50,50,48,rf_smote,raw,0.4878487848784878,0.24037991963093325,0.21249907804085055,0.1474727187828114,0.6143045994627518,1.2130124578252435,3
recurrence,50,50,48,tabpfn,raw,0.5613561356135613,0.27993534051352525,0.18489749696708763,0.0398548730273745,0.55576445760862,3.27387350006029,0
recurrence,50,50,48,xgboost,raw,0.41929192919291924,0.21470919554095966,0.21786435011454156,0.1472088561407221,0.6520362188533121,0.09900875017046928,2
recurrence,50,50,49,lightgbm,raw,0.6077107710771077,0.4354093127711133,0.1781773703647461,0.12133134065663247,0.5580421733195519,0.07381195900961757,2
recurrence,50,50,49,logistic,raw,0.6153615361536153,0.4911919667295974,0.17764377177506108,0.029564004643825293,0.5385660290159143,0.026201042346656322,0
recurrence,50,50,49,rf,raw,0.6291629162916291,0.495028432227736,0.17236246454970794,0.052530933033821815,0.5297055655753624,1.109768540598452,3
recurrence,50,50,49,rf_smote,raw,0.5952595259525952,0.4240807647361349,0.1857172744768731,0.1119253325825471,0.5606088280202294,1.1751305419020355,3
recurrence,50,50,49,tabpfn,raw,0.6195619561956195,0.4791098383977208,0.17330778101529717,0.06899427961724909,0.5338644115610661,3.3136433749459684,0
recurrence,50,50,49,xgboost,raw,0.6303630363036303,0.46824960730792947,0.17825968405809287,0.1069793066412989,0.6033715006354414,0.08847174979746342,0
recurrence,50,50,50,lightgbm,raw,0.6077107710771077,0.38149666795456283,0.18244279280606232,0.07865889350802184,0.5614229487491716,0.0824281251989305,3
recurrence,50,50,50,logistic,raw,0.6171617161716172,0.4334982344979561,0.17841379215693984,0.06935497500497073,0.5644484569070951,0.027431875001639128,1
recurrence,50,50,50,rf,raw,0.6213621362136214,0.39842041721644045,0.1782070197398,0.0300132517085935,0.5423833892274945,1.1257392498664558,3
recurrence,50,50,50,rf_smote,raw,0.6162616261626163,0.3656548873223813,0.18407039800995023,0.08340796019900495,0.5568880682360832,1.194509374909103,0
recurrence,50,50,50,tabpfn,raw,0.645964596459646,0.4154961742216467,0.17786827427275823,0.08145624987169434,0.5481964773416704,3.2800972498953342,0
recurrence,50,50,50,xgboost,raw,0.6225622562256227,0.36222616140438985,0.19312062508257286,0.12892050225176474,0.6239992972016457,0.09439050033688545,0
recurrence,50,50,51,lightgbm,raw,0.4776477647764777,0.23650006639725724,0.208662598876684,0.1528738922889896,0.6386624270800082,0.08102199994027615,2
recurrence,50,50,51,logistic,raw,0.49144914491449143,0.2559625572502431,0.18775360640261088,0.034173104420742506,0.5646314791197481,0.027697375044226646,0
recurrence,50,50,51,rf,raw,0.5025502550255025,0.2444632108388933,0.1925540068433855,0.07240672824639029,0.5787219389230103,1.1845291671343148,2
recurrence,50,50,51,rf_smote,raw,0.4443444344434444,0.22801135488831437,0.21590855200417366,0.13023128417569813,0.6254513602736772,1.2596145831048489,2
recurrence,50,50,51,tabpfn,raw,0.6123612361236124,0.41709783176824794,0.18114193987084024,0.01314289567630683,0.5467875656373223,3.274980583228171,0
recurrence,50,50,51,xgboost,raw,0.5486048604860486,0.28092549339776013,0.1932397191522506,0.08006381221226792,0.5832078077865434,0.09218320809304714,2
recurrence,Full,533,42,lightgbm,raw,0.7248724872487249,0.6304057393556786,0.142303496703351,0.08105304501251186,0.47258710682721844,0.44616262521594763,3
recurrence,Full,533,42,lightgbm,calibrated,0.7248724872487249,0.6304057393556786,0.14451850535921051,0.07284626664979606,0.46729000961437395,0.44616262521594763,3
recurrence,Full,533,42,logistic,raw,0.7950795079507951,0.6755657025793171,0.13214256431970592,0.06185878790839028,0.42736270035149576,0.04611524986103177,2
recurrence,Full,533,42,logistic,calibrated,0.7950795079507951,0.6755657025793171,0.13769245558242296,0.07176690555213316,0.4393741716765802,0.04611524986103177,2
recurrence,Full,533,42,rf,raw,0.7704770477047704,0.7203916638853056,0.1471026641465865,0.15801138333202144,0.46835145214228213,2.4863551249727607,3
recurrence,Full,533,42,rf,calibrated,0.7704770477047704,0.7203916638853056,0.13752742148644492,0.11846463894317916,0.45152943980533455,2.4863551249727607,3
recurrence,Full,533,42,rf_smote,raw,0.7797779777977799,0.6700815919803018,0.15131435441542135,0.15260339972264306,0.4816853516867995,3.506385709159076,1
recurrence,Full,533,42,rf_smote,calibrated,0.7797779777977799,0.6700815919803018,0.14032244135976704,0.11907465687289057,0.45389341022585294,3.506385709159076,1
recurrence,Full,533,42,tabpfn,raw,0.7866786678667869,0.70598776651866,0.12474631329649542,0.06441338237986634,0.4091388493588398,14.086788875050843,0
recurrence,Full,533,42,tabpfn,calibrated,0.7866786678667869,0.70598776651866,0.12530121203787722,0.06402811862431732,0.4112009411802287,14.086788875050843,0
recurrence,Full,533,42,xgboost,raw,0.7131713171317132,0.6239402183951035,0.14360200668251735,0.06188382163866243,0.4692034600941539,0.4460237082093954,3
recurrence,Full,533,42,xgboost,calibrated,0.7131713171317132,0.6239402183951035,0.14522102812442858,0.0700101475645994,0.4685111967944643,0.4460237082093954,3
recurrence,Full,533,43,lightgbm,raw,0.7203720372037203,0.6220362225262867,0.14365720635753318,0.09054857080984582,0.47459458474157323,0.5071450830437243,3
recurrence,Full,533,43,lightgbm,calibrated,0.7203720372037203,0.6220362225262867,0.14425932975991904,0.059148915661852215,0.46757790587649806,0.5071450830437243,3
recurrence,Full,533,43,logistic,raw,0.7950795079507951,0.6755657025793171,0.13214256431970994,0.061858787908391936,0.42736270035150625,0.05709708295762539,2
recurrence,Full,533,43,logistic,calibrated,0.7950795079507951,0.6755657025793171,0.13449620433087853,0.062341819705910025,0.4308731574090207,0.05709708295762539,2
recurrence,Full,533,43,rf,raw,0.7836783678367838,0.7214840961014866,0.13640182421227198,0.11179104477611941,0.45270332710571215,2.601915083359927,0
recurrence,Full,533,43,rf,calibrated,0.7836783678367838,0.7214840961014866,0.13047626588074474,0.10233550608396043,0.4450042314249822,2.601915083359927,0
recurrence,Full,533,43,rf_smote,raw,0.7965796579657966,0.7075408314578191,0.14468766949654435,0.14408609219987834,0.4673910811355602,3.572522666770965,1
recurrence,Full,533,43,rf_smote,calibrated,0.7965796579657966,0.7075408314578191,0.13734343289631368,0.0690857602093583,0.4453741945043687,3.572522666770965,1
recurrence,Full,533,43,tabpfn,raw,0.7872787278727873,0.7075997623230051,0.12427677508058206,0.061071695120476964,0.407908080723797,13.662478792015463,0
recurrence,Full,533,43,tabpfn,calibrated,0.7872787278727873,0.7075997623230051,0.1244078131397529,0.0632240419960272,0.4079439177836323,13.662478792015463,0
recurrence,Full,533,43,xgboost,raw,0.7131713171317132,0.6239402183951035,0.14360200668251735,0.06188382163866243,0.4692034600941539,0.4533522496931255,3
recurrence,Full,533,43,xgboost,calibrated,0.7131713171317132,0.6239402183951035,0.14397129089975766,0.07397752110987184,0.4676709584688294,0.4533522496931255,3
recurrence,Full,533,44,lightgbm,raw,0.753975397539754,0.6806382806542974,0.13091195911527173,0.07590007717798616,0.436905437737698,0.42397762509062886,0
recurrence,Full,533,44,lightgbm,calibrated,0.753975397539754,0.6806382806542974,0.13716421652851318,0.07584737279564359,0.44775656747336373,0.42397762509062886,0
recurrence,Full,533,44,logistic,raw,0.7950795079507951,0.6755657025793171,0.13214256431971674,0.0618587879083978,0.42736270035152363,0.04618012486025691,2
recurrence,Full,533,44,logistic,calibrated,0.7950795079507951,0.6755657025793171,0.13377197996612158,0.05631951497416234,0.42923246609356647,0.04618012486025691,2
recurrence,Full,533,44,rf,raw,0.7524752475247526,0.6735305612403549,0.1321500778528012,0.07327321042004963,0.4375603425891349,2.800534542184323,2
recurrence,Full,533,44,rf,calibrated,0.7524752475247526,0.6735305612403549,0.13226079417684877,0.06907655169163945,0.4380742928227437,2.800534542184323,2
recurrence,Full,533,44,rf_smote,raw,0.7818781878187819,0.6924232898142717,0.14942186546362768,0.15760269984272066,0.47861764854178523,3.5180701250210404,1
recurrence,Full,533,44,rf_smote,calibrated,0.7818781878187819,0.6924232898142717,0.13800266104803655,0.10145665066776803,0.4484230906402374,3.5180701250210404,1
recurrence,Full,533,44,tabpfn,raw,0.7890789078907892,0.7084192098903732,0.12415959948093053,0.05662244858581628,0.40734475299725803,13.638188417069614,0
recurrence,Full,533,44,tabpfn,calibrated,0.7890789078907892,0.7084192098903732,0.12387385044537678,0.05913169382224652,0.40609179542402457,13.638188417069614,0
recurrence,Full,533,44,xgboost,raw,0.7500750075007501,0.6690935469210616,0.13535118161426582,0.0918918892240791,0.4446923604507668,0.4129910417832434,2
recurrence,Full,533,44,xgboost,calibrated,0.7500750075007501,0.6690935469210616,0.13633979602499235,0.059879527489317255,0.44609491550341546,0.4129910417832434,2
recurrence,Full,533,45,lightgbm,raw,0.7221722172217223,0.6250984879307605,0.14249949856030297,0.09843405200781229,0.47254016455949455,0.46065337490290403,3
recurrence,Full,533,45,lightgbm,calibrated,0.7221722172217223,0.6250984879307605,0.14462145192004366,0.08457740670127553,0.46736829042318995,0.46065337490290403,3
recurrence,Full,533,45,logistic,raw,0.7746774677467747,0.6445657589610048,0.14871297758781957,0.09456978741170284,0.502558283173783,0.048676584381610155,3
recurrence,Full,533,45,logistic,calibrated,0.7746774677467747,0.6445657589610048,0.14298782662133716,0.047350662901029746,0.4552664664065963,0.048676584381610155,3
recurrence,Full,533,45,rf,raw,0.7718271827182719,0.7035068361529206,0.14065663349917085,0.11843283582089549,0.45877652150601894,2.5463082077912986,0
recurrence,Full,533,45,rf,calibrated,0.7718271827182719,0.7035068361529206,0.13797039864809726,0.09699810186087147,0.45444311196516024,2.5463082077912986,0
recurrence,Full,533,45,rf_smote,raw,0.7947794779477948,0.6641228013571732,0.1458839137645108,0.12616915422885575,0.4680174573811531,3.5628812918439507,0
recurrence,Full,533,45,rf_smote,calibrated,0.7947794779477948,0.6641228013571732,0.14028374939965638,0.08681466347220622,0.45047549130449505,3.5628812918439507,0
recurrence,Full,533,45,tabpfn,raw,0.7911791179117912,0.7174452881377402,0.1221267174429248,0.06283187349118403,0.4029332255534273,15.429474332835525,0
recurrence,Full,533,45,tabpfn,calibrated,0.7911791179117912,0.7174452881377402,0.1227273173773497,0.0735327067048475,0.40486893375276833,15.429474332835525,0
recurrence,Full,533,45,xgboost,raw,0.7575757575757576,0.6827965856087909,0.13115930734262832,0.08797657164508726,0.432600340792789,0.4113967497833073,0
recurrence,Full,533,45,xgboost,calibrated,0.7575757575757576,0.6827965856087909,0.13294096249983275,0.06727536732980939,0.43673732375970975,0.4113967497833073,0
recurrence,Full,533,46,lightgbm,raw,0.7167716771677168,0.6234768401879415,0.1432321211272661,0.09386089602918453,0.4754853711800352,0.4475215417332947,3
recurrence,Full,533,46,lightgbm,calibrated,0.7167716771677168,0.6234768401879415,0.1476116385351856,0.06658557933667039,0.47348155488410004,0.4475215417332947,3
recurrence,Full,533,46,logistic,raw,0.7746774677467747,0.6445657589610048,0.1487129844288892,0.09456978437416519,0.5025582953852448,0.050558125134557486,3
recurrence,Full,533,46,logistic,calibrated,0.7746774677467747,0.6445657589610048,0.14366899526270538,0.0532373601387989,0.4568513021654237,0.050558125134557486,3
recurrence,Full,533,46,rf,raw,0.7776777677767776,0.7198806246227042,0.14574554238851142,0.11990980313797454,0.4655214222419802,2.4617902911268175,3
recurrence,Full,533,46,rf,calibrated,0.7776777677767776,0.7198806246227042,0.13894949723241568,0.12448535638486416,0.45340881068058114,2.4617902911268175,3
recurrence,Full,533,46,rf_smote,raw,0.7470747074707471,0.6665501717917103,0.1406868858854139,0.12205250702521737,0.4518375134346493,3.9795792079530656,2
recurrence,Full,533,46,rf_smote,calibrated,0.7470747074707471,0.6665501717917103,0.13490366355616817,0.08542215441501119,0.4402270319456168,3.9795792079530656,2
recurrence,Full,533,46,tabpfn,raw,0.7908790879087909,0.7155564278850617,0.12290084583623798,0.07378568305675662,0.40448591352315083,13.659007541835308,0
recurrence,Full,533,46,tabpfn,calibrated,0.7908790879087909,0.7155564278850617,0.12391526473516219,0.08130333664913035,0.408156664250525,13.659007541835308,0
recurrence,Full,533,46,xgboost,raw,0.7500750075007501,0.6690935469210616,0.13535118161426582,0.0918918892240791,0.4446923604507668,0.4160957080312073,2
recurrence,Full,533,46,xgboost,calibrated,0.7500750075007501,0.6690935469210616,0.1405376487435831,0.07579965378247078,0.45495735206486365,0.4160957080312073,2
recurrence,Full,533,47,lightgbm,raw,0.7596759675967597,0.6772851559866725,0.13195923792927852,0.09068102225275333,0.43607403129519123,0.42045729188248515,0
recurrence,Full,533,47,logistic,raw,0.7950795079507951,0.6755657025793171,0.13214256431971347,0.061858787908393595,0.4273627003515153,0.04773745918646455,2
recurrence,Full,533,47,rf,raw,0.7856285628562856,0.7140370141277272,0.13702263681592042,0.12296019900497515,0.4514311432483224,2.5610652919858694,0
recurrence,Full,533,47,rf_smote,raw,0.7752775277527753,0.6670357569238341,0.14977014225317506,0.15104541007182487,0.4760549643895183,3.5737117077223957,1
recurrence,Full,533,47,tabpfn,raw,0.7824782478247825,0.7038363712722631,0.12500893736230467,0.057392252859339785,0.4102020204098252,3.387825000099838,0
recurrence,Full,533,47,xgboost,raw,0.7575757575757576,0.6827965856087909,0.13115930734262832,0.08797657164508726,0.432600340792789,0.4123861249536276,0
recurrence,Full,533,48,lightgbm,raw,0.7380738073807381,0.661550740252425,0.1325457348584366,0.06987306509830005,0.4413265135179828,0.4196499581448734,0
recurrence,Full,533,48,logistic,raw,0.7950795079507951,0.6755657025793171,0.13214256431971932,0.06185878790839935,0.4273627003515301,0.04654200002551079,2
recurrence,Full,533,48,rf,raw,0.7674767476747674,0.7069164439302514,0.1427856599149812,0.1247476837369776,0.4618025898320006,2.5019607497379184,1
recurrence,Full,533,48,rf_smote,raw,0.7920792079207921,0.6798524473651051,0.15242910247673366,0.13209565284662428,0.48351825477471694,3.446835415903479,3
recurrence,Full,533,48,tabpfn,raw,0.7887788778877889,0.7095479821394767,0.12434290012895968,0.06209776928620552,0.40789383041304755,3.364303917158395,0
recurrence,Full,533,48,xgboost,raw,0.7500750075007501,0.6690935469210616,0.13535118161426582,0.0918918892240791,0.4446923604507668,0.4112653750926256,2
recurrence,Full,533,49,lightgbm,raw,0.7224722472247225,0.6276225653596198,0.14211413680818666,0.08406714301702976,0.47221703446988716,0.4541509998962283,3
recurrence,Full,533,49,logistic,raw,0.7950795079507951,0.6755657025793171,0.1321425643197122,0.06185878790839325,0.42736270035151197,0.04756120825186372,2
recurrence,Full,533,49,rf,raw,0.7755775577557756,0.6944093324301122,0.14813872414475462,0.09826103799324538,0.4676818225915108,2.4893588330596685,3
recurrence,Full,533,49,rf_smote,raw,0.8048304830483048,0.6766115886209438,0.1441172470978441,0.14442786069651742,0.4663095062216826,3.5492013338953257,0
recurrence,Full,533,49,tabpfn,raw,0.7893789378937894,0.7109535229154407,0.12391998440529188,0.06230861638019334,0.4071108974093191,3.5060501247644424,0
recurrence,Full,533,49,xgboost,raw,0.7500750075007501,0.6690935469210616,0.13535118161426582,0.0918918892240791,0.4446923604507668,0.4097788748331368,2
recurrence,Full,533,50,lightgbm,raw,0.7362736273627364,0.6384783838514461,0.1402067293350135,0.07961435885187697,0.4581091818384809,0.45967204216867685,2
recurrence,Full,533,50,logistic,raw,0.7950795079507951,0.6755657025793171,0.13214256431972474,0.06185878790840128,0.42736270035154406,0.04796591680496931,2
recurrence,Full,533,50,rf,raw,0.7656765676567656,0.7172313707831468,0.1447004491371677,0.10384420852981799,0.4633859671582841,2.6418392499908805,3
recurrence,Full,533,50,rf_smote,raw,0.7866786678667868,0.6758022555756134,0.14845212211862685,0.13922464091067793,0.47506568081161704,3.7624840829521418,1
recurrence,Full,533,50,tabpfn,raw,0.7932793279327932,0.7164503413079193,0.12275594775330802,0.06892479344535231,0.40384044546627484,5.307110915891826,0
recurrence,Full,533,50,xgboost,raw,0.7575757575757576,0.6827965856087909,0.13115930734262832,0.08797657164508726,0.432600340792789,0.4248059159144759,0
recurrence,Full,533,51,lightgbm,raw,0.7485748574857486,0.6715844085745946,0.13198260189323544,0.08654509332967135,0.44043684858601473,0.43533558398485184,0
recurrence,Full,533,51,logistic,raw,0.7746774677467747,0.6445657589610048,0.14871298512756279,0.09456978406415353,0.5025582966323321,0.052355125080794096,3
recurrence,Full,533,51,rf,raw,0.76987698769877,0.7035424755911013,0.1420967401740611,0.1143929126384618,0.45934028560107076,2.5809123339131474,1
recurrence,Full,533,51,rf_smote,raw,0.7911791179117913,0.6842197166944899,0.14546016847975404,0.1294331763770014,0.46722768859034314,3.542748167179525,1
recurrence,Full,533,51,tabpfn,raw,0.7863786378637865,0.7108864297014398,0.12346784093609665,0.07365206045223706,0.40638915359646455,3.4628887912258506,0
recurrence,Full,533,51,xgboost,raw,0.7575757575757576,0.6827965856087909,0.13115930734262832,0.08797657164508726,0.432600340792789,0.42145833279937506,0
survival_status,100,100,42,lightgbm,raw,0.5360714285714286,0.21787456071009215,0.18644442581462387,0.1697093604689816,0.7128884774387829,0.14423562493175268,1
survival_status,100,100,42,lightgbm,calibrated,0.5360714285714286,0.21787456071009215,0.15245798198426683,0.05775377530725906,0.4835673117304977,0.14423562493175268,1
survival_status,100,100,42,logistic,raw,0.6364285714285715,0.3668384687269198,0.1438070490249841,0.041100846260139,0.4593738779861207,0.03047354193404317,0
survival_status,100,100,42,logistic,calibrated,0.6364285714285715,0.3668384687269198,0.1477018594388793,0.03673901534162799,0.47030836197464965,0.03047354193404317,0
survival_status,100,100,42,rf,raw,0.6389285714285714,0.3372483902351243,0.14484006488240064,0.0265206812652068,0.46388658651413267,1.220456374809146,0
survival_status,100,100,42,rf,calibrated,0.6389285714285714,0.3372483902351243,0.14403986405001623,0.032124768137745625,0.4603336383543994,1.220456374809146,0
survival_status,100,100,42,rf_smote,raw,0.5235714285714286,0.22118059710317833,0.18454149469620929,0.16307997470620916,0.5573177739726545,1.5045852502807975,2
survival_status,100,100,42,rf_smote,calibrated,0.5235714285714286,0.22118059710317833,0.1495386204885053,0.01993640112031985,0.47627593817211217,1.5045852502807975,2
survival_status,100,100,42,tabpfn,raw,0.6742857142857143,0.3336305146175934,0.1400489254651976,0.03411472789997602,0.4471807977067277,15.345241833012551,0
survival_status,100,100,42,tabpfn,calibrated,0.6742857142857143,0.3336305146175934,0.14113183964921522,0.025896975488663324,0.45106784549478596,15.345241833012551,0
survival_status,100,100,42,xgboost,raw,0.49678571428571416,0.2116081175018817,0.1756611956230617,0.15686124606044405,0.5930491746473457,0.14331154199317098,0
survival_status,100,100,42,xgboost,calibrated,0.49678571428571416,0.2116081175018817,0.15434248187514588,0.07701168728076245,0.49063607620671984,0.14331154199317098,0
survival_status,100,100,43,lightgbm,raw,0.7178571428571429,0.3602500729946525,0.13792003260302066,0.05244946979927476,0.4369015727208881,0.12191583309322596,3
survival_status,100,100,43,lightgbm,calibrated,0.28214285714285714,0.12754315637086272,0.14966533899692022,0.002576988542995068,0.47677779702502887,0.12191583309322596,3
survival_status,100,100,43,logistic,raw,0.7332142857142857,0.4193023127722138,0.1864427916691269,0.18384268634827441,0.8904790780477826,0.033739833161234856,3
survival_status,100,100,43,logistic,calibrated,0.7324999999999999,0.41902582526944887,0.14889223264641208,0.00253287906455521,0.4741549799218659,0.033739833161234856,3
survival_status,100,100,43,rf,raw,0.7807142857142858,0.5709753596233399,0.12482530413625305,0.058734793187347936,0.40565649368009576,1.2491872077807784,0
survival_status,100,100,43,rf,calibrated,0.7807142857142858,0.5709753596233399,0.14427585677105645,0.08383130690753025,0.459010166673242,1.2491872077807784,0
survival_status,100,100,43,rf_smote,raw,0.7392857142857143,0.4895732952513131,0.13743514409322236,0.12577533271119576,0.4415109467632487,1.438102041836828,2
survival_status,100,100,43,rf_smote,calibrated,0.7392857142857143,0.4895732952513131,0.14765229320456863,0.001232577592759937,0.4700415541595271,1.438102041836828,2
survival_status,100,100,43,tabpfn,raw,0.7949999999999999,0.6123883155445329,0.12904202355177982,0.08138947602171098,0.41644094385230507,17.90185979194939,0
survival_status,100,100,43,tabpfn,calibrated,0.7949999999999999,0.6123883155445329,0.13831934368436694,0.12377070349034969,0.4416061790570118,17.90185979194939,0
survival_status,100,100,43,xgboost,raw,0.7260714285714285,0.3920086207528838,0.14008517455357666,0.09300323124009653,0.4673954307563505,0.13543824991211295,1
survival_status,100,100,43,xgboost,calibrated,0.7260714285714285,0.3920086207528838,0.14870196437644453,0.0021002863872025546,0.4735158035593838,0.13543824991211295,1
survival_status,100,100,44,lightgbm,raw,0.6975,0.40084114979700575,0.14235795471021637,0.08744214865362943,0.4736649877182232,0.10997887514531612,0
survival_status,100,100,44,lightgbm,calibrated,0.6975,0.40084114979700575,0.14243389983895127,0.05064362079915827,0.4542678924530763,0.10997887514531612,0
survival_status,100,100,44,logistic,raw,0.7035714285714286,0.3987735328454771,0.16723279515153414,0.16448554707980498,0.955837759628147,0.028855583164840937,3
survival_status,100,100,44,logistic,calibrated,0.7035714285714286,0.3987735328454772,0.13566135889847197,0.04639313499539371,0.4338359966497266,0.028855583164840937,3
survival_status,100,100,44,rf,raw,0.7707142857142857,0.5271986235854503,0.12807858880778591,0.06708029197080291,0.41524481062373164,1.2151126246899366,0
survival_status,100,100,44,rf,calibrated,0.7707142857142857,0.5271986235854503,0.13029777773416268,0.07194081060634458,0.4215692093090502,1.2151126246899366,0
survival_status,100,100,44,rf_smote,raw,0.7757142857142857,0.5350441284453331,0.14249359705960327,0.1396174776267456,0.45613336315966757,1.3510245000943542,3
survival_status,100,100,44,rf_smote,calibrated,0.7757142857142857,0.5350441284453331,0.13070529458863253,0.07882613830662627,0.42217637879750236,1.3510245000943542,3
survival_status,100,100,44,tabpfn,raw,0.7528571428571429,0.47153257425964296,0.12632949144598052,0.06366435023718071,0.4090153914474553,13.418906374834478,0
survival_status,100,100,44,tabpfn,calibrated,0.7528571428571429,0.47153257425964296,0.127275662513807,0.06244130295199293,0.41229111372352895,13.418906374834478,0
survival_status,100,100,44,xgboost,raw,0.6417857142857143,0.31484688652270154,0.14602083594286266,0.07508863170162168,0.46670217105829653,0.12660024967044592,2
survival_status,100,100,44,xgboost,calibrated,0.6417857142857143,0.31484688652270154,0.14409465809670585,0.031832958457248074,0.45930262108107295,0.12660024967044592,2
survival_status,100,100,45,lightgbm,raw,0.655,0.31309672130640975,0.14793974820609318,0.11653673091933281,0.4667618978277781,0.11537312529981136,2
survival_status,100,100,45,lightgbm,calibrated,0.655,0.31309672130640975,0.142036579303723,0.036001015222226165,0.45023382035776055,0.11537312529981136,2
survival_status,100,100,45,logistic,raw,0.6953571428571429,0.35075356813547154,0.13978747334086483,0.052542279986872796,0.4457170095081945,0.031580124981701374,0
survival_status,100,100,45,logistic,calibrated,0.6953571428571429,0.35075356813547154,0.13761693724566254,0.061566820178733266,0.43934135582019984,0.031580124981701374,0
survival_status,100,100,45,rf,raw,0.7782142857142857,0.48283447679025776,0.1309814743150685,0.05626656748083946,0.4199653396354789,1.2561974171549082,1
survival_status,100,100,45,rf,calibrated,0.7782142857142857,0.48283447679025776,0.13180376620122822,0.07355888890250295,0.4214645032256529,1.2561974171549082,1
survival_status,100,100,45,rf_smote,raw,0.6428571428571429,0.2778787131114887,0.1760555650889757,0.15883796984983115,0.5244318266086935,1.4646653747186065,2
survival_status,100,100,45,rf_smote,calibrated,0.6428571428571429,0.2778787131114887,0.14528549273402577,0.05026238826355713,0.45893908902933517,1.4646653747186065,2
survival_status,100,100,45,tabpfn,raw,0.6521428571428571,0.27891865906032803,0.150211832581781,0.06884432681938157,0.4650370693836303,15.479526916984469,0
survival_status,100,100,45,tabpfn,calibrated,0.6521428571428571,0.27891865906032803,0.14677281600524267,0.05443447811833747,0.4594120048988994,15.479526916984469,0
survival_status,100,100,45,xgboost,raw,0.7085714285714286,0.35180842009450264,0.15505758397296762,0.12270731363618868,0.5082816551139898,0.15801870776340365,1
survival_status,100,100,45,xgboost,calibrated,0.7085714285714286,0.35180842009450264,0.13731266916762366,0.012986935138445552,0.43345807017826476,0.15801870776340365,1
survival_status,100,100,46,lightgbm,raw,0.6971428571428572,0.3523463814525224,0.15759249688173627,0.127845092389918,0.5588480305233301,0.1121343751437962,1
survival_status,100,100,46,lightgbm,calibrated,0.6971428571428572,0.3523463814525224,0.14063463170883755,0.06769007844683086,0.44224086170257415,0.1121343751437962,1
survival_status,100,100,46,logistic,raw,0.72,0.38786038357035324,0.14055342121663322,0.0782403008552976,0.44518817643355574,0.030351791996508837,0
survival_status,100,100,46,logistic,calibrated,0.72,0.38786038357035324,0.1395044974935928,0.06114654592723112,0.4392791478588123,0.030351791996508837,0
survival_status,100,100,46,rf,raw,0.7441071428571429,0.42525292316938695,0.13084744525547443,0.041338199513381996,0.41674677451640185,1.2448206669650972,0
survival_status,100,100,46,rf,calibrated,0.7441071428571429,0.42525292316938695,0.13057433466274712,0.046525362575563986,0.4158502638218573,1.2448206669650972,0
survival_status,100,100,46,rf_smote,raw,0.6964285714285714,0.29785385836930955,0.15754865562108483,0.1276040064315505,0.48306598097563036,1.3746547908522189,3
survival_status,100,100,46,rf_smote,calibrated,0.6964285714285714,0.29785385836930955,0.14323829231407603,0.049336546650140055,0.4446343271718997,1.3746547908522189,3
survival_status,100,100,46,tabpfn,raw,0.7067857142857144,0.30891923534150967,0.14397519262149178,0.056762881359479725,0.4430696326669387,15.261154250241816,0
survival_status,100,100,46,tabpfn,calibrated,0.7067857142857144,0.30891923534150967,0.14104696227983837,0.08290026106417836,0.4393259279488661,15.261154250241816,0
survival_status,100,100,46,xgboost,raw,0.6614285714285714,0.3403578775330488,0.15454918414191954,0.10082059033065491,0.507309294570136,0.1314858328551054,0
survival_status,100,100,46,xgboost,calibrated,0.6614285714285714,0.3403578775330488,0.1447943109591093,0.05910364764952701,0.45683742673009,0.1314858328551054,0
survival_status,100,100,47,lightgbm,raw,0.6867857142857142,0.3184556572388479,0.15818595566056068,0.12159627354467302,0.5408769019918215,0.11556987510994077,0
survival_status,100,100,47,logistic,raw,0.6710714285714285,0.32044868513045566,0.14377990487502437,0.05284929041009401,0.45714082554482655,0.031010915990918875,0
survival_status,100,100,47,rf,raw,0.7007142857142856,0.35039744932121253,0.1374581508515815,0.05613138686131386,0.4374734000015456,1.2416668329387903,0
survival_status,100,100,47,rf_smote,raw,0.6328571428571428,0.24929519542166514,0.15774170688781122,0.08586780893796742,0.4870868167683807,1.372903374955058,3
survival_status,100,100,47,tabpfn,raw,0.6857142857142858,0.27726691627153655,0.1487854528119881,0.0605815123413166,0.4591627386979002,15.343569667078555,0
survival_status,100,100,47,xgboost,raw,0.6632142857142858,0.2539860336152226,0.16858261106055455,0.15085663818788245,0.5575900885492436,0.135904457885772,1
survival_status,100,100,48,lightgbm,raw,0.5903571428571428,0.26165581925618475,0.1551834632914223,0.0756527317897528,0.5066673073226666,0.11010054219514132,3
survival_status,100,100,48,logistic,raw,0.6907142857142857,0.38704786721388407,0.13903750256196237,0.05828930775506629,0.4444074300844087,0.03022287506610155,1
survival_status,100,100,48,rf,raw,0.6892857142857143,0.36745438855651574,0.13722258504021684,0.040627934875393,0.43998057873841745,1.1957761659286916,1
survival_status,100,100,48,rf_smote,raw,0.6685714285714286,0.3356714285592529,0.15627295663312066,0.1299027849097668,0.4903172744713188,1.3609029590152204,1
survival_status,100,100,48,tabpfn,raw,0.7303571428571428,0.42424822130925566,0.13298306812935318,0.053842679699407016,0.4261383124768236,13.63941816566512,0
survival_status,100,100,48,xgboost,raw,0.6007142857142856,0.2296663846368018,0.15608791385753107,0.07831407591265484,0.499384010960561,0.12748387502506375,3
survival_status,100,100,49,lightgbm,raw,0.7085714285714285,0.4027364768288515,0.15353593841977978,0.1151660732701923,0.5827358854314545,0.10733887506648898,1
survival_status,100,100,49,logistic,raw,0.7314285714285714,0.4048143663106681,0.134072528847158,0.05878664171824413,0.427325093455571,0.028629709035158157,1
survival_status,100,100,49,rf,raw,0.7775,0.4180092639421724,0.12757323569996928,0.025347429317201166,0.402634017874271,1.2229769169352949,2
survival_status,100,100,49,rf_smote,raw,0.7017857142857142,0.3468158776050939,0.156311148412229,0.09230156701348315,0.46894909772493976,1.3993150419555604,2
survival_status,100,100,49,tabpfn,raw,0.7775000000000001,0.3644615497140936,0.13242251067675526,0.11021397970820757,0.4068306072462242,65.87059191567823,0
survival_status,100,100,49,xgboost,raw,0.7314285714285715,0.42009384362295005,0.1420046352077291,0.10844378998200578,0.5019774463040039,0.12582312477752566,1
survival_status,100,100,50,lightgbm,raw,0.7328571428571429,0.3627492892627416,0.1624576863156347,0.13443547151051716,0.5574899651988475,0.11121266707777977,1
survival_status,100,100,50,logistic,raw,0.7035714285714286,0.37701420289752013,0.14140895489231387,0.04496098658103453,0.44988216540876563,0.029190832749009132,0
survival_status,100,100,50,rf,raw,0.765,0.45955901164862645,0.12991136224898264,0.08534472256324364,0.41585051895806774,1.243465082719922,3
survival_status,100,100,50,rf_smote,raw,0.7375,0.4401070161564209,0.14507367507994803,0.12632522700031176,0.45904651351122894,1.3973891250789165,3
survival_status,100,100,50,tabpfn,raw,0.7285714285714285,0.4169032261335975,0.13413344312913153,0.061455704407752866,0.42368505021414943,17.52343145897612,0
survival_status,100,100,50,xgboost,raw,0.6730357142857143,0.336025830774481,0.14122444103602938,0.05949666364675891,0.45109187605668427,0.1268963748589158,3
survival_status,100,100,51,lightgbm,raw,0.7467857142857144,0.48380531372841484,0.13247744707539122,0.09442551943093916,0.45458982583866,0.11932441592216492,0
survival_status,100,100,51,logistic,raw,0.6225,0.3356667678696144,0.15839476567959201,0.10958564819854719,0.5497657397254491,0.03025404131039977,2
survival_status,100,100,51,rf,raw,0.8466071428571429,0.602489319210274,0.11613795620437957,0.10372262773722626,0.3752504243210143,1.211211417336017,0
survival_status,100,100,51,rf_smote,raw,0.7367857142857143,0.5233643177540894,0.13315293451636842,0.1338131167299068,0.43275834622621345,1.4086972079239786,2
survival_status,100,100,51,tabpfn,raw,0.8021428571428572,0.6126343065864567,0.1209044145094572,0.07955029345776912,0.3944917880968251,13.614985374733806,0
survival_status,100,100,51,xgboost,raw,0.7442857142857142,0.579976755683432,0.11859660429900874,0.06925397416590338,0.4039000444267823,0.12965687504038215,0
survival_status,200,200,42,lightgbm,raw,0.6307142857142858,0.28933730756776854,0.16583230345486838,0.1265624557317481,0.611228036600752,0.22726295795291662,1
survival_status,200,200,42,lightgbm,calibrated,0.6307142857142858,0.28933730756776854,0.14482473709288513,0.011207625425202705,0.45987831577074384,0.22726295795291662,1
survival_status,200,200,42,logistic,raw,0.7171428571428572,0.40249268373590047,0.13853174572914795,0.07159881979783018,0.44182756361581116,0.042774499859660864,0
survival_status,200,200,42,logistic,calibrated,0.7171428571428572,0.40249268373590047,0.138980708670727,0.0742830521212487,0.4433050712727438,0.042774499859660864,0
survival_status,200,200,42,rf,raw,0.7051785714285714,0.4827510419430781,0.13232733171127334,0.03761557177615571,0.42777035956057297,1.4844949590042233,0
survival_status,200,200,42,rf,calibrated,0.7051785714285714,0.4827510419430781,0.1373427912160565,0.0477850291953849,0.43947271046289343,1.4844949590042233,0
survival_status,200,200,42,rf_smote,raw,0.6941071428571429,0.27416602160645676,0.1563037307380373,0.11695863746958637,0.4864940391821974,1.9441685830242932,0
survival_status,200,200,42,rf_smote,calibrated,0.6941071428571429,0.27416602160645676,0.14775080688405495,0.011816901440866586,0.47036079074863835,1.9441685830242932,0
survival_status,200,200,42,tabpfn,raw,0.7125,0.32234749246224625,0.14045992874734597,0.05992444669895799,0.4449415666153228,64.53163245785981,0
survival_status,200,200,42,tabpfn,calibrated,0.7125,0.32234749246224625,0.14437742446218374,0.09361923251456679,0.4596945212767076,64.53163245785981,0
survival_status,200,200,42,xgboost,raw,0.6367857142857143,0.3228407176324512,0.1462694147021886,0.038426880282859725,0.46948030750663816,0.2317072912119329,0
survival_status,200,200,42,xgboost,calibrated,0.6367857142857143,0.3228407176324512,0.1435242520659543,0.024986140590077102,0.4580499639303861,0.2317072912119329,0
survival_status,200,200,43,lightgbm,raw,0.7832142857142858,0.4503501174841957,0.14464687498176942,0.11293334441945664,0.4805994973341794,0.19953429186716676,1
survival_status,200,200,43,lightgbm,calibrated,0.7832142857142858,0.4503501174841957,0.12857951828927314,0.061391763874041536,0.40763581464893933,0.19953429186716676,1
survival_status,200,200,43,logistic,raw,0.7507142857142857,0.4809724437258797,0.1337359592214978,0.06228363980892815,0.42909936593263087,0.03423499967902899,0
survival_status,200,200,43,logistic,calibrated,0.7507142857142857,0.4809724437258797,0.1280104463415583,0.04610910437557831,0.41286800338638635,0.03423499967902899,0
survival_status,200,200,43,rf,raw,0.8039285714285713,0.5360101083402768,0.12452917797980836,0.0769921447304981,0.401215184854523,1.473204290959984,1
survival_status,200,200,43,rf,calibrated,0.8039285714285713,0.5360101083402768,0.12104641207099127,0.059349124515635676,0.39159182011852567,1.473204290959984,1
survival_status,200,200,43,rf_smote,raw,0.7496428571428572,0.46448160370203945,0.14014045718729976,0.12588216838816427,0.4410117700902872,1.9739860827103257,2
survival_status,200,200,43,rf_smote,calibrated,0.7496428571428572,0.46448160370203945,0.13116456150350403,0.05127306024398197,0.41855394263689816,1.9739860827103257,2
survival_status,200,200,43,tabpfn,raw,0.8025,0.5046100106783805,0.1235541223926279,0.05088383841743,0.3929809292184281,16.040585208218545,0
survival_status,200,200,43,tabpfn,calibrated,0.8025,0.5046100106783805,0.12581644875722933,0.06377426534624041,0.4025860120968346,16.040585208218545,0
survival_status,200,200,43,xgboost,raw,0.6796428571428572,0.3633974511814537,0.14236142023135603,0.04319737494046236,0.4526929428496857,0.20980716589838266,2
survival_status,200,200,43,xgboost,calibrated,0.6796428571428572,0.3633974511814537,0.13945004276634881,0.033024411834063336,0.44468868957201463,0.20980716589838266,2
survival_status,200,200,44,lightgbm,raw,0.66,0.33147729029700546,0.16604022859595655,0.14551017246871012,0.609067806034241,0.1939394581131637,1
survival_status,200,200,44,lightgbm,calibrated,0.66,0.33147729029700546,0.14161854532212081,0.03389816970909594,0.45122889950601774,0.1939394581131637,1
survival_status,200,200,44,logistic,raw,0.7328571428571429,0.4237941360199058,0.13687642406352207,0.07809554634448938,0.4372523309676293,0.03737620776519179,0
survival_status,200,200,44,logistic,calibrated,0.7328571428571429,0.4237941360199058,0.13477577248066513,0.07736994590699739,0.43179686680166807,0.03737620776519179,0
survival_status,200,200,44,rf,raw,0.7583928571428571,0.4871598942631903,0.12837704785077048,0.052335766423357674,0.4126800898253408,1.9774117502383888,0
survival_status,200,200,44,rf,calibrated,0.7583928571428571,0.4871598942631903,0.12955094788350927,0.06320100440853406,0.41685887001485034,1.9774117502383888,0
survival_status,200,200,44,rf_smote,raw,0.7210714285714286,0.3435208440307232,0.1518622279936265,0.12772057735895595,0.47320390667592793,2.337359958793968,3
survival_status,200,200,44,rf_smote,calibrated,0.7210714285714286,0.3435208440307232,0.13892033117056737,0.07186600259025318,0.43644028044349326,2.337359958793968,3
survival_status,200,200,44,tabpfn,raw,0.7371428571428571,0.3652861581794032,0.14180669271430368,0.08237492441315286,0.4330244908468785,14.11624608328566,0
survival_status,200,200,44,tabpfn,calibrated,0.7371428571428571,0.3652861581794032,0.13874947396668466,0.06941586535908774,0.43398298541787395,14.11624608328566,0
survival_status,200,200,44,xgboost,raw,0.7046428571428571,0.3655784513443866,0.1574591801366619,0.11688478792215405,0.5082306409412509,0.21905420813709497,1
survival_status,200,200,44,xgboost,calibrated,0.7046428571428571,0.3655784513443866,0.13827811486059727,0.02885712205017575,0.4412902869379931,0.21905420813709497,1
survival_status,200,200,45,lightgbm,raw,0.6996428571428571,0.3440223344374699,0.1477434127810135,0.09819225001240128,0.4761849869287296,0.18777079181745648,0
survival_status,200,200,45,lightgbm,calibrated,0.6996428571428571,0.3440223344374699,0.13856550561986544,0.055713364463637574,0.4395498968285399,0.18777079181745648,0
survival_status,200,200,45,logistic,raw,0.7050000000000001,0.3762197231046364,0.13716063344168036,0.03666501336915127,0.43839685025747277,0.03715279186144471,0
survival_status,200,200,45,logistic,calibrated,0.7050000000000001,0.3762197231046364,0.1356777403021962,0.06151426687632504,0.43327192274182935,0.03715279186144471,0
survival_status,200,200,45,rf,raw,0.7585714285714287,0.44000797883181114,0.13131207733630254,0.0525622864999162,0.42087056591274136,1.44667529175058,3
survival_status,200,200,45,rf,calibrated,0.7585714285714287,0.44000797883181114,0.12998152742752186,0.05007156699582391,0.414726123046081,1.44667529175058,3
survival_status,200,200,45,rf_smote,raw,0.6635714285714286,0.3628331333882916,0.16219821573398216,0.13581508515815086,0.49877421968405966,1.846813749987632,0
survival_status,200,200,45,rf_smote,calibrated,0.6635714285714286,0.3628331333882916,0.14621672395982385,0.07870384914070434,0.4615085042431339,1.846813749987632,0
survival_status,200,200,45,tabpfn,raw,0.7257142857142856,0.36625955776704916,0.14199630756636097,0.05029493246744149,0.43939240722979317,14.93942862516269,0
survival_status,200,200,45,tabpfn,calibrated,0.7257142857142856,0.36625955776704916,0.14030500243963898,0.0491248666370954,0.4370703166284041,14.93942862516269,0
survival_status,200,200,45,xgboost,raw,0.6460714285714285,0.3556401271695472,0.14789183425885052,0.079173982714432,0.4688846245464196,0.20970695931464434,2
survival_status,200,200,45,xgboost,calibrated,0.6460714285714285,0.3556401271695472,0.1436430166504861,0.07124779669278727,0.4571446241617427,0.20970695931464434,2
survival_status,200,200,46,lightgbm,raw,0.7492857142857143,0.44286647781707955,0.14039598966774577,0.10405258487542833,0.49885793026186237,0.20269649988040328,1
survival_status,200,200,46,lightgbm,calibrated,0.7492857142857143,0.44286647781707955,0.13566086446807324,0.04030822279733765,0.4333024347736267,0.20269649988040328,1
survival_status,200,200,46,logistic,raw,0.7392857142857143,0.43257102627390326,0.13421596064900818,0.06662957052851323,0.42869617046931224,0.035184333100914955,0
survival_status,200,200,46,logistic,calibrated,0.7392857142857143,0.43257102627390326,0.13215781102280474,0.07337931298809874,0.42062556936341977,0.035184333100914955,0
survival_status,200,200,46,rf,raw,0.7617857142857143,0.5287957279779163,0.12769831565789835,0.05759957150568788,0.41272371084246096,1.4633872918784618,3
survival_status,200,200,46,rf,calibrated,0.7617857142857143,0.5287957279779163,0.12577897140552532,0.0690231194068034,0.4069009292603529,1.4633872918784618,3
survival_status,200,200,46,rf_smote,raw,0.7403571428571428,0.43851996400008675,0.14283699112726816,0.11151162013721429,0.4543964172393785,1.8650450413115323,3
survival_status,200,200,46,rf_smote,calibrated,0.7403571428571428,0.43851996400008675,0.13216957421269152,0.07401905180442006,0.4215691476437457,1.8650450413115323,3
survival_status,200,200,46,tabpfn,raw,0.7167857142857144,0.4614626583089616,0.13396557722340147,0.05790883677936819,0.42388024341569774,15.85342837497592,0
survival_status,200,200,46,tabpfn,calibrated,0.7167857142857144,0.4614626583089616,0.1340704771060754,0.059475886897176033,0.42473159759473894,15.85342837497592,0
survival_status,200,200,46,xgboost,raw,0.7257142857142858,0.38206685708133875,0.13597561154665277,0.02599588116753276,0.4286477157751657,0.21043983288109303,2
survival_status,200,200,46,xgboost,calibrated,0.7257142857142858,0.38206685708133875,0.1364741638834344,0.0320176949829371,0.4336638241642792,0.21043983288109303,2
survival_status,200,200,47,lightgbm,raw,0.6957142857142856,0.3024295610401174,0.1506943238584387,0.12069518306841487,0.4845362488495293,0.19488687487319112,0
survival_status,200,200,47,logistic,raw,0.6796428571428571,0.36320751356183867,0.1405512658961161,0.030045458544059208,0.44756600080590064,0.03740437515079975,0
survival_status,200,200,47,rf,raw,0.7439285714285715,0.4254383773096131,0.13316889891015826,0.028169296313868393,0.4243379184222815,1.453204416204244,3
survival_status,200,200,47,rf_smote,raw,0.6464285714285715,0.2697105266534048,0.1566624533290458,0.09756775912057074,0.48580292826946947,1.8421280831098557,1
survival_status,200,200,47,tabpfn,raw,0.7228571428571429,0.3481077173025029,0.13636777629479807,0.04341710454029758,0.4283531606165883,23.01462220819667,0
survival_status,200,200,47,xgboost,raw,0.6578571428571429,0.33265855952425516,0.14489679508949563,0.06725284665224761,0.46510271515462853,0.20943900011479855,2
survival_status,200,200,48,lightgbm,raw,0.6435714285714287,0.262180857393787,0.1542331978642833,0.08100936454673972,0.48608756056924013,0.21494545880705118,3
survival_status,200,200,48,logistic,raw,0.6799999999999999,0.3328340633130256,0.14156754172426078,0.03981982517619295,0.45108925315777465,0.0357658751308918,0
survival_status,200,200,48,rf,raw,0.7232142857142857,0.3376099259561711,0.13730716765922674,0.05003402168070141,0.43498706896963385,1.4600589168258011,1
survival_status,200,200,48,rf_smote,raw,0.6742857142857143,0.25952069707653047,0.161968581946411,0.13751513993358494,0.49778836951314315,1.8710672915913165,3
survival_status,200,200,48,tabpfn,raw,0.7082142857142857,0.3066227493044821,0.14047134080565293,0.05936992826470492,0.44164621375426294,13.831724333111197,0
survival_status,200,200,48,xgboost,raw,0.6389285714285714,0.2521665438996154,0.14928186546874586,0.05337542287298362,0.46962060918604975,0.2363424999639392,3
survival_status,200,200,49,lightgbm,raw,0.685,0.2582296943574253,0.15370493783176747,0.09341945389109012,0.46995745503739617,0.1793377920985222,3
survival_status,200,200,49,logistic,raw,0.7285714285714285,0.42434732851165335,0.13493319664878325,0.051847935362835086,0.4312981215114364,0.03340941667556763,0
survival_status,200,200,49,rf,raw,0.8164285714285714,0.5225429294502412,0.1254571877249872,0.06774656844009759,0.4053258383844009,1.427289041224867,3
survival_status,200,200,49,rf_smote,raw,0.7335714285714285,0.34529677693334637,0.14786874092671726,0.10871364330699979,0.4525609069578813,1.9697064156644046,2
survival_status,200,200,49,tabpfn,raw,0.7957142857142856,0.4200238202560925,0.12621284078260372,0.06137685557949717,0.39523176863022635,86.60047025000677,0
survival_status,200,200,49,xgboost,raw,0.7078571428571429,0.30139737019871077,0.1418239769648416,0.06016903086463464,0.4391539508744397,0.19946704199537635,2
survival_status,200,200,50,lightgbm,raw,0.7532142857142857,0.3997600637355973,0.13599817777600104,0.08520224012100766,0.43289367451899796,0.185225167311728,0
survival_status,200,200,50,logistic,raw,0.7264285714285714,0.49170093951547145,0.18526235003205482,0.18240268152362013,0.7714949170879136,0.03959895810112357,3
survival_status,200,200,50,rf,raw,0.8230357142857142,0.6183302403544877,0.11849610705596107,0.06907542579075426,0.38220073073996064,1.4913222501054406,0
survival_status,200,200,50,rf_smote,raw,0.7764285714285715,0.39232423148861595,0.14128585366542828,0.10946514778823749,0.44865021025833157,1.7978568337857723,3
survival_status,200,200,50,tabpfn,raw,0.8025,0.5491103648859017,0.1197295139092948,0.06082723545332026,0.3856537886586366,16.46630841679871,0
survival_status,200,200,50,xgboost,raw,0.7325,0.437455308714112,0.13137882403836126,0.04449779573270548,0.4178528630402587,0.21060629235580564,0
survival_status,200,200,51,lightgbm,raw,0.7757142857142857,0.4786934248959053,0.12783423239800568,0.07186967950286403,0.41869736182536527,0.18672762485221028,0
survival_status,200,200,51,logistic,raw,0.7196428571428571,0.40819405386164687,0.1384316968888309,0.07046184683810998,0.441723961157537,0.03535941615700722,0
survival_status,200,200,51,rf,raw,0.8232142857142858,0.608866291601328,0.12225945712706972,0.08592569350853516,0.3935414812481392,1.431817791890353,3
survival_status,200,200,51,rf_smote,raw,0.7675000000000001,0.43011576836462434,0.13887192030049503,0.1102717940742037,0.44490379757749876,1.8118954999372363,3
survival_status,200,200,51,tabpfn,raw,0.8007142857142857,0.6087424796545035,0.11418414887412516,0.04134535838435166,0.3760910405318983,13.924159415997565,0
survival_status,200,200,51,xgboost,raw,0.7739285714285714,0.4939406890145925,0.12788091779903546,0.05982498186181577,0.41833631250625236,0.20888399984687567,1
survival_status,500,500,42,lightgbm,raw,0.765,0.37703608147268164,0.14338999098493033,0.11252271391650187,0.4661118502656814,0.4202257920987904,1
survival_status,500,500,42,lightgbm,calibrated,0.765,0.37703608147268164,0.13286900586758435,0.05284053711045237,0.41923940628328404,0.4202257920987904,1
survival_status,500,500,42,logistic,raw,0.7571428571428571,0.44126296667768694,0.1271080475731068,0.027915105412421735,0.4057836649936709,0.04242504108697176,1
survival_status,500,500,42,logistic,calibrated,0.7571428571428571,0.44126296667768694,0.1282493335677906,0.04047390883591062,0.41006871548305834,0.04242504108697176,1
survival_status,500,500,42,rf,raw,0.8119642857142858,0.5886120437647003,0.12012846715328467,0.06433090024330901,0.3912766330853279,2.456077499780804,0
survival_status,500,500,42,rf,calibrated,0.8119642857142858,0.5886120437647003,0.11840373456883818,0.05253876712386199,0.3859762606329571,2.456077499780804,0
survival_status,500,500,42,rf_smote,raw,0.8008928571428572,0.4523615048043896,0.13289886455798866,0.08990267639902674,0.4257994577558161,3.6702057090587914,0
survival_status,500,500,42,rf_smote,calibrated,0.8008928571428572,0.4523615048043896,0.12647782678783204,0.04539751883135983,0.39929942969634696,3.6702057090587914,0
survival_status,500,500,42,tabpfn,raw,0.8335714285714286,0.5284814023233272,0.11741363761213458,0.07465010060228572,0.3782526982226767,16.056058124639094,0
survival_status,500,500,42,tabpfn,calibrated,0.8335714285714286,0.5284814023233272,0.11632056487977759,0.05793050408957409,0.37391245922193755,16.056058124639094,0
survival_status,500,500,42,xgboost,raw,0.8285714285714285,0.5486815806119282,0.11812407157319094,0.06266723809777384,0.3796897654727784,0.4018637081608176,0
survival_status,500,500,42,xgboost,calibrated,0.8285714285714285,0.5486815806119282,0.11848904527992829,0.06796995228607777,0.38323248984612035,0.4018637081608176,0
survival_status,500,500,43,lightgbm,raw,0.7071428571428571,0.4009277672791378,0.14207309702027732,0.09508438288326886,0.5068775252746025,0.4127184581011534,1
survival_status,500,500,43,lightgbm,calibrated,0.7071428571428571,0.4009277672791378,0.13490886381990316,0.05331923822049976,0.4324510407614256,0.4127184581011534,1
survival_status,500,500,43,logistic,raw,0.7421428571428572,0.4509648814283137,0.13291116776587525,0.030114302037678446,0.42532401377072765,0.04505562502890825,0
survival_status,500,500,43,logistic,calibrated,0.7421428571428572,0.4509648814283137,0.12994951857693046,0.05188155520760746,0.4157582782889798,0.04505562502890825,0
survival_status,500,500,43,rf,raw,0.7978571428571429,0.5574302054200568,0.12275109489051098,0.0867396593673966,0.40203079671632236,2.4069805000908673,0
survival_status,500,500,43,rf,calibrated,0.7978571428571429,0.5574302054200568,0.1224594426841428,0.0750821170009614,0.40064318811694416,2.4069805000908673,0
survival_status,500,500,43,rf_smote,raw,0.770357142857143,0.4719563533379316,0.1387834006386955,0.12293677278935447,0.44533964841359186,3.588297332637012,3
survival_status,500,500,43,rf_smote,calibrated,0.770357142857143,0.4719563533379316,0.1290315204445209,0.057835611202387234,0.413026474268253,3.588297332637012,3
survival_status,500,500,43,tabpfn,raw,0.8167857142857143,0.5679641384206199,0.11632040297044403,0.07251469948648537,0.3792803350612543,13.900913625024259,0
survival_status,500,500,43,tabpfn,calibrated,0.8167857142857143,0.5679641384206199,0.11925118472544347,0.07519441560737146,0.38847006085645364,13.900913625024259,0
survival_status,500,500,43,xgboost,raw,0.7432142857142857,0.4483586985945167,0.1294540170438409,0.05818385111480733,0.41647835557377194,0.419062125030905,1
survival_status,500,500,43,xgboost,calibrated,0.7432142857142857,0.4483586985945167,0.13069172960549194,0.04426249723009415,0.41985537159752406,0.419062125030905,1
survival_status,500,500,44,lightgbm,raw,0.7275,0.38154274418118617,0.1429622743906075,0.0902044414364073,0.48410082572037705,0.42597220791503787,1
survival_status,500,500,44,lightgbm,calibrated,0.7275,0.38154274418118617,0.13515048558563925,0.04249418407561357,0.43089567726952804,0.42597220791503787,1
survival_status,500,500,44,logistic,raw,0.7525000000000001,0.4577220134470745,0.1273688777925376,0.07695449479755131,0.4195930379369031,0.05213741725310683,2
survival_status,500,500,44,logistic,calibrated,0.7525000000000001,0.4577220134470745,0.12935244082719793,0.06878682810937667,0.4170830855056621,0.05213741725310683,2
survival_status,500,500,44,rf,raw,0.817857142857143,0.5946180354074065,0.12339236786608639,0.07286160171037159,0.3995333072207775,2.9454935831017792,3
survival_status,500,500,44,rf,calibrated,0.817857142857143,0.5946180354074065,0.11707144455669634,0.0839318941259362,0.38348982317006786,2.9454935831017792,3
survival_status,500,500,44,rf_smote,raw,0.7842857142857143,0.4620457157894229,0.13642684509326847,0.10873479318734791,0.4362655706677706,3.734863667283207,0
survival_status,500,500,44,rf_smote,calibrated,0.7842857142857143,0.4620457157894229,0.12868856307424353,0.05804007719791474,0.40967000322398117,3.734863667283207,0
survival_status,500,500,44,tabpfn,raw,0.8292857142857143,0.5714431783993472,0.11626078079078703,0.05762026861418773,0.376456168063618,87.8676438331604,0
survival_status,500,500,44,tabpfn,calibrated,0.8292857142857143,0.5714431783993472,0.11715327648966961,0.06331742442747848,0.379887324696866,87.8676438331604,0
survival_status,500,500,44,xgboost,raw,0.8132142857142857,0.5188850964743371,0.12119776985168257,0.0734100393189566,0.3882823210021511,0.39879391714930534,0
survival_status,500,500,44,xgboost,calibrated,0.8132142857142857,0.5188850964743371,0.12555662050017866,0.10176771444529642,0.4051533825737843,0.39879391714930534,0
survival_status,500,500,45,lightgbm,raw,0.7385714285714285,0.42846422451186705,0.13059419669192793,0.048290555834807625,0.418508051060656,0.40268054185435176,2
survival_status,500,500,45,lightgbm,calibrated,0.7385714285714285,0.42846422451186705,0.13369807929670363,0.05493829570539921,0.4271531490840918,0.40268054185435176,2
survival_status,500,500,45,logistic,raw,0.7414285714285714,0.4503170504244867,0.13247357851195288,0.04579066932087726,0.42462043163294466,0.045987125020474195,0
survival_status,500,500,45,logistic,calibrated,0.7414285714285714,0.4503170504244867,0.1292467232796649,0.029486869384597943,0.414661111589243,0.045987125020474195,0
survival_status,500,500,45,rf,raw,0.8189285714285715,0.5956784369580095,0.12409470672636397,0.07722879512195441,0.3997675300251515,2.4341507921926677,3
survival_status,500,500,45,rf,calibrated,0.8189285714285715,0.5956784369580095,0.12156577141130633,0.06102649050391238,0.39154204761741934,2.4341507921926677,3
survival_status,500,500,45,rf_smote,raw,0.7732142857142857,0.4744369774648771,0.14038164461463243,0.13651447814098708,0.4473946007664138,4.1605140417814255,2
survival_status,500,500,45,rf_smote,calibrated,0.7732142857142857,0.4744369774648771,0.13109981309970106,0.0455252649819753,0.41814260673357107,4.1605140417814255,2
survival_status,500,500,45,tabpfn,raw,0.8167857142857142,0.5824433672543025,0.11877315905839912,0.05094020810984347,0.384260664924377,13.863990417215973,0
survival_status,500,500,45,tabpfn,calibrated,0.8167857142857142,0.5824433672543025,0.12306917224596854,0.07316582002208832,0.39709408232943705,13.863990417215973,0
survival_status,500,500,45,xgboost,raw,0.7985714285714286,0.506515008641531,0.12364532566505831,0.061586120893267836,0.3964546344971684,0.40868670772761106,0
survival_status,500,500,45,xgboost,calibrated,0.7985714285714286,0.506515008641531,0.12864027549562213,0.0760259628488731,0.41351408283902796,0.40868670772761106,0
survival_status,500,500,46,lightgbm,raw,0.7439285714285714,0.37121286503672385,0.13821275246997508,0.05784990536799151,0.4311135071952878,0.4214149583131075,3
survival_status,500,500,46,lightgbm,calibrated,0.7439285714285714,0.37121286503672385,0.13609755746928334,0.04774971135883483,0.43008990535235925,0.4214149583131075,3
survival_status,500,500,46,logistic,raw,0.7557142857142858,0.4618867663228355,0.13154147366324678,0.06492123739552867,0.42062111114714734,0.04414095776155591,0
survival_status,500,500,46,logistic,calibrated,0.7557142857142858,0.4618867663228355,0.12894325190218467,0.04730359733807831,0.4121616137280824,0.04414095776155591,0
survival_status,500,500,46,rf,raw,0.8085714285714285,0.5684404504507254,0.125178582556361,0.0680442338351832,0.4031989398571435,2.408937541767955,3
survival_status,500,500,46,rf,calibrated,0.8085714285714285,0.5684404504507254,0.12270815390501294,0.077284581586767,0.3963864528169756,2.408937541767955,3
survival_status,500,500,46,rf_smote,raw,0.7764285714285714,0.3950824817339817,0.1409226916038216,0.12913145248392396,0.4475903319644256,3.585594375152141,3
survival_status,500,500,46,rf_smote,calibrated,0.7764285714285714,0.3950824817339817,0.1316704558134408,0.08423534979844866,0.4154929938435921,3.585594375152141,3
survival_status,500,500,46,tabpfn,raw,0.8228571428571428,0.5327462986340185,0.11813427249623082,0.06960034222226508,0.3807776016458871,17.079312708228827,0
survival_status,500,500,46,tabpfn,calibrated,0.8228571428571428,0.5327462986340185,0.12028382557781998,0.07486724100188653,0.38848331786275003,17.079312708228827,0
survival_status,500,500,46,xgboost,raw,0.7553571428571428,0.4892470707288412,0.12710758571002678,0.028625957259949108,0.4071965483283519,0.41176099982112646,2
survival_status,500,500,46,xgboost,calibrated,0.7553571428571428,0.4892470707288412,0.13343793598753897,0.05122535565952443,0.4276594220219835,0.41176099982112646,2
survival_status,500,500,47,lightgbm,raw,0.7571428571428571,0.442693951213005,0.1292092782465948,0.0542092641741212,0.40677894073411175,0.3973352503962815,2
survival_status,500,500,47,logistic,raw,0.755,0.42363583085665246,0.13325104243562264,0.059053111402336364,0.4248939837399218,0.04570437502115965,0
survival_status,500,500,47,rf,raw,0.8153571428571429,0.5990279038429722,0.12369048568368053,0.09583893631463428,0.39898268801071046,2.4502037498168647,3
survival_status,500,500,47,rf_smote,raw,0.7764285714285715,0.39605565860595243,0.14392316513653636,0.11561364620697451,0.4555726058826976,3.6809384170919657,3
survival_status,500,500,47,tabpfn,raw,0.8296428571428571,0.5721019250756735,0.11802845980190162,0.051463539610161396,0.37945268053537745,17.17446320783347,0
survival_status,500,500,47,xgboost,raw,0.7889285714285714,0.5090914931610697,0.12331370251610961,0.03752010050535637,0.39324402396328345,0.40650345804169774,2
survival_status,500,500,48,lightgbm,raw,0.7560714285714286,0.36278431147553963,0.1427174721335804,0.09763203430497322,0.4607405724725396,0.4165361672639847,1
survival_status,500,500,48,logistic,raw,0.7532142857142857,0.45457062257360753,0.13209125483545273,0.029700362550252976,0.4223091102915569,0.043100500013679266,0
survival_status,500,500,48,rf,raw,0.8010714285714287,0.571767198193414,0.12633886989075235,0.05615900300357938,0.40531854658294875,2.385979167185724,3
survival_status,500,500,48,rf_smote,raw,0.7442857142857143,0.39124111685515794,0.14199675587996757,0.09722627737226282,0.45093401924848153,3.6109130419790745,0
survival_status,500,500,48,tabpfn,raw,0.8232142857142857,0.513042239681428,0.1196785113583302,0.07379343072428321,0.3847620720956135,13.880543916951865,0
survival_status,500,500,48,xgboost,raw,0.8035714285714286,0.5217178759236366,0.12212791080947688,0.07832010587962875,0.39136417459684597,0.40466650016605854,0
survival_status,500,500,49,lightgbm,raw,0.7317857142857143,0.3998417978131892,0.1340533561897847,0.042758006721495524,0.42437322305746733,0.39163554133847356,2
survival_status,500,500,49,logistic,raw,0.7382142857142857,0.48264865261427925,0.1260842561389192,0.0515574526709067,0.40733516244276374,0.04284699959680438,1
survival_status,500,500,49,rf,raw,0.8239285714285715,0.5966033860917762,0.1230158515379994,0.10230323176376238,0.3972527142288203,2.369830165989697,3
survival_status,500,500,49,rf_smote,raw,0.7653571428571428,0.4633224232022718,0.13946378740238566,0.10825641412700429,0.4453302617016841,3.6103565003722906,1
survival_status,500,500,49,tabpfn,raw,0.8164285714285715,0.548360610196736,0.11971916464909406,0.047261103960501885,0.384338625490086,14.162931500002742,0
survival_status,500,500,49,xgboost,raw,0.7535714285714286,0.44011962790823683,0.129850784731244,0.04557541988953186,0.41260537098539635,0.4332098327577114,3
survival_status,500,500,50,lightgbm,raw,0.7671428571428571,0.3921379523125451,0.1382212694854989,0.09180038590840518,0.44279546996033403,0.4183735828846693,1
survival_status,500,500,50,logistic,raw,0.7403571428571428,0.4352260003660522,0.13318948531512764,0.03834409539748575,0.4261425007759618,0.0455677923746407,0
survival_status,500,500,50,rf,raw,0.8246428571428572,0.6009709746253811,0.12363231962400563,0.06846451099781835,0.3976346645598886,2.3897415827959776,3
survival_status,500,500,50,rf_smote,raw,0.7617857142857143,0.46985632487182755,0.1411110071362707,0.1138089545804455,0.45192442895325713,3.562630624976009,1
survival_status,500,500,50,tabpfn,raw,0.8285714285714285,0.5849076086935806,0.1170893982622008,0.06721734500279392,0.3787423694323126,14.898207040969282,0
survival_status,500,500,50,xgboost,raw,0.765357142857143,0.5077342714964937,0.12645864300182796,0.02954993598217512,0.40387198140513264,0.4425794999115169,3
survival_status,500,500,51,lightgbm,raw,0.7453571428571428,0.40556233956664134,0.13526125059475255,0.05025276571356551,0.42538728906152,0.39595337491482496,0
survival_status,500,500,51,logistic,raw,0.7414285714285714,0.4309949808802225,0.1333479091525606,0.03751182459592041,0.42658194772780716,0.044536208268254995,0
survival_status,500,500,51,rf,raw,0.7833928571428571,0.5076017211639796,0.12512473641524735,0.06150851581508515,0.40426104457908096,2.420672916341573,0
survival_status,500,500,51,rf_smote,raw,0.7792857142857142,0.418811505312618,0.14416165657311267,0.13171843579385134,0.45767598267790716,3.557416541967541,3
survival_status,500,500,51,tabpfn,raw,0.8214285714285714,0.5039944036549346,0.11921521636355922,0.06608604346096081,0.3836007915694218,13.899422459304333,0
survival_status,500,500,51,xgboost,raw,0.7846428571428571,0.5021802090917595,0.12467464501421559,0.035685620848497336,0.3992337439764302,0.3935622498393059,0
survival_status,50,50,42,lightgbm,raw,0.6382142857142856,0.3462047748556472,0.15644555319014353,0.14486577992516023,0.6522667931688904,0.5480063748545945,1
survival_status,50,50,42,lightgbm,calibrated,0.6382142857142856,0.3462047748556472,0.1412842487941707,0.01812092197156313,0.45308918095167366,0.5480063748545945,1
survival_status,50,50,42,logistic,raw,0.6432142857142857,0.3428610845544275,0.14448991650779092,0.08593455965652991,0.47520915386862145,0.028077374678105116,1
survival_status,50,50,42,logistic,calibrated,0.6432142857142857,0.3428610845544275,0.14341507868438635,0.045297490431328295,0.45794715600037267,0.028077374678105116,1
survival_status,50,50,42,rf,raw,0.6707142857142857,0.4113889727468172,0.13865273419281132,0.04055097369513429,0.44392424672966657,1.2115140841342509,1
survival_status,50,50,42,rf,calibrated,0.6707142857142857,0.4113889727468172,0.13913069747847123,0.02347630187848346,0.4449605298125413,1.2115140841342509,1
survival_status,50,50,42,rf_smote,raw,0.6328571428571429,0.29873622815640977,0.16371935519419153,0.10850881165452868,0.4996767451551516,1.394936874974519,2
survival_status,50,50,42,rf_smote,calibrated,0.6328571428571429,0.29873622815640977,0.14418536107787827,0.036824344689608046,0.4573681909135478,1.394936874974519,2
survival_status,50,50,42,tabpfn,raw,0.6414285714285715,0.31216509313878943,0.14387438588177948,0.039508073651877626,0.4583015701390932,17.998840208165348,0
survival_status,50,50,42,tabpfn,calibrated,0.6414285714285715,0.31216509313878943,0.1439773065460764,0.04408762413548875,0.4586815901588921,17.998840208165348,0
survival_status,50,50,42,xgboost,raw,0.6078571428571429,0.28601191113918356,0.16723570416315695,0.1423659346637445,0.5776406212522035,0.40878687473013997,0
survival_status,50,50,42,xgboost,calibrated,0.6078571428571429,0.28601191113918356,0.1464398690908127,0.05716724668026978,0.46632502599912257,0.40878687473013997,0
survival_status,50,50,43,lightgbm,raw,0.6039285714285715,0.23687056683815633,0.20875602112395764,0.2265261656082404,0.7391541688256896,0.07447358267381787,1
survival_status,50,50,43,lightgbm,calibrated,0.6039285714285715,0.23687056683815633,0.1495439637179661,0.0429343056049264,0.4729425855528347,0.07447358267381787,1
survival_status,50,50,43,logistic,raw,0.6575,0.30188916678704725,0.14484989484586985,0.04684921536996538,0.4606296183051546,0.028999416157603264,0
survival_status,50,50,43,logistic,calibrated,0.6575,0.30188916678704725,0.14782571821631627,0.002439793905621039,0.47057579392698967,0.028999416157603264,0
survival_status,50,50,43,rf,raw,0.6985714285714286,0.3219215184345784,0.13980725364272237,0.060331178578616564,0.44339130270632104,1.1242092922329903,3
survival_status,50,50,43,rf,calibrated,0.6985714285714286,0.3219215184345784,0.14114604845536463,0.07526547570525603,0.44871697927485604,1.1242092922329903,3
survival_status,50,50,43,rf_smote,raw,0.6124999999999999,0.2533660226759694,0.15571806981723546,0.09526611184747585,0.4859697978690584,1.1965671670623124,3
survival_status,50,50,43,rf_smote,calibrated,0.6124999999999999,0.2533660226759694,0.14659906703601164,0.030032047575811398,0.4650149743095875,1.1965671670623124,3
survival_status,50,50,43,tabpfn,raw,0.7010714285714286,0.3752457323167788,0.13924313496986257,0.029175006668933114,0.4438219466926796,39.87719508400187,0
survival_status,50,50,43,tabpfn,calibrated,0.7010714285714286,0.3752457323167788,0.1435763743679126,0.08903557724026771,0.4571316172724066,39.87719508400187,0
survival_status,50,50,43,xgboost,raw,0.6110714285714285,0.24845702682343448,0.17575299794717952,0.15258219987697844,0.5730025804649349,0.10619316715747118,0
survival_status,50,50,43,xgboost,calibrated,0.6110714285714285,0.24845702682343448,0.14730567725045246,0.015922112918105778,0.46825517401449035,0.10619316715747118,0
survival_status,50,50,44,lightgbm,raw,0.5964285714285714,0.25612894537604125,0.157892760949417,0.09575972118974085,0.4957523599647899,0.08234062511473894,2
survival_status,50,50,44,lightgbm,calibrated,0.5964285714285714,0.25612894537604125,0.14714078284650678,0.023134781182891685,0.46700751548355285,0.08234062511473894,2
survival_status,50,50,44,logistic,raw,0.6917857142857142,0.3278151631018005,0.15391428210990013,0.09311520870213577,0.5047828470144375,0.026473791804164648,1
survival_status,50,50,44,logistic,calibrated,0.6917857142857142,0.3278151631018005,0.14806725135745744,0.08492942990215026,0.47187287829430435,0.026473791804164648,1
survival_status,50,50,44,rf,raw,0.7394642857142857,0.4588468551542002,0.1293390916463909,0.04815085158150854,0.4195263354904535,1.134717249777168,0
survival_status,50,50,44,rf,calibrated,0.7394642857142857,0.4588468551542002,0.1296716013252166,0.07939317737640068,0.42184549087793616,1.134717249777168,0
survival_status,50,50,44,rf_smote,raw,0.6842857142857143,0.34679984923310586,0.15107128953089527,0.11082132090035046,0.4723052088159472,1.1869085421785712,3
survival_status,50,50,44,rf_smote,calibrated,0.6842857142857143,0.34679984923310586,0.13929095059534594,0.03427760004686822,0.4425336547684226,1.1869085421785712,3
survival_status,50,50,44,tabpfn,raw,0.7189285714285715,0.4453550233028998,0.13289932571760849,0.08076689551400877,0.4291345928154608,13.443582249805331,0
survival_status,50,50,44,tabpfn,calibrated,0.7189285714285715,0.4453550233028998,0.13500600069209537,0.08455663323191007,0.43592310640065857,13.443582249805331,0
survival_status,50,50,44,xgboost,raw,0.6417857142857143,0.30078816084904314,0.16388714745469912,0.11553509853250028,0.5607232297914092,0.08742950018495321,1
survival_status,50,50,44,xgboost,calibrated,0.6417857142857143,0.30078816084904314,0.1445103329238499,0.05400723164918146,0.459873188870709,0.08742950018495321,1
survival_status,50,50,45,lightgbm,raw,0.5655357142857144,0.2121519922185844,0.15707390368321186,0.08256948892941149,0.4946801889019042,0.07819691579788923,3
survival_status,50,50,45,lightgbm,calibrated,0.5655357142857144,0.2121519922185844,0.15249717739375124,0.04607456224592559,0.4810158047200908,0.07819691579788923,3
survival_status,50,50,45,logistic,raw,0.5596428571428571,0.24208968723439256,0.22394286592836998,0.23242203425374683,1.3779986172171337,0.029395209159702063,3
survival_status,50,50,45,logistic,calibrated,0.5596428571428571,0.24227784619627418,0.15459472219883622,0.04945404470484258,0.4928975204040378,0.029395209159702063,3
survival_status,50,50,45,rf,raw,0.7155357142857143,0.3524675770411289,0.13809334955393351,0.08985401459854014,0.43791374053842297,1.145931958220899,0
survival_status,50,50,45,rf,calibrated,0.7155357142857143,0.3524675770411289,0.13737842534392863,0.047902453977068604,0.4350870592114354,1.145931958220899,0
survival_status,50,50,45,rf_smote,raw,0.6653571428571429,0.2647124524112139,0.16197088402270884,0.12226277372262774,0.4976167316648771,1.2106825830414891,0
survival_status,50,50,45,rf_smote,calibrated,0.6653571428571429,0.2647124524112139,0.14661950326045442,0.03819346423777886,0.4582217509888415,1.2106825830414891,0
survival_status,50,50,45,tabpfn,raw,0.6160714285714286,0.23476920758289826,0.1502597495784088,0.048708950407313614,0.4721738994857565,13.383945791982114,0
survival_status,50,50,45,tabpfn,calibrated,0.6160714285714286,0.23476920758289826,0.14828634846128955,0.023688516852937245,0.4688305142971265,13.383945791982114,0
survival_status,50,50,45,xgboost,raw,0.7003571428571429,0.31400426331658177,0.1581360374791284,0.09376932339348497,0.5105030905977582,0.08952929172664881,1
survival_status,50,50,45,xgboost,calibrated,0.7003571428571429,0.31400426331658177,0.14428116366093502,0.04844283794671077,0.45474597218542023,0.08952929172664881,1
survival_status,50,50,46,lightgbm,raw,0.6717857142857143,0.2938082494683928,0.16152180880884145,0.12950222934963054,0.5439618228258563,0.09271516697481275,0
survival_status,50,50,46,lightgbm,calibrated,0.6717857142857143,0.2938082494683928,0.1599794772631358,0.11725995139036816,0.5031307706468452,0.09271516697481275,0
survival_status,50,50,46,logistic,raw,0.6989285714285715,0.3469875080331254,0.14201316758355764,0.07183682951958659,0.4502803729996446,0.028280625119805336,0
survival_status,50,50,46,logistic,calibrated,0.6989285714285715,0.3469875080331254,0.14092391835001666,0.05411260661392052,0.44408840685996664,0.028280625119805336,0
survival_status,50,50,46,rf,raw,0.7105357142857143,0.3831449790167018,0.1329624493106245,0.0591970802919708,0.42544970119646863,1.196637457702309,0
survival_status,50,50,46,rf,calibrated,0.7105357142857143,0.3831449790167018,0.14304105339370216,0.10215510601934065,0.46292647242473783,1.196637457702309,0
survival_status,50,50,46,rf_smote,raw,0.6996428571428571,0.34618134462221695,0.14701600834802817,0.0958893689441135,0.4611023655909775,1.2898854999803007,3
survival_status,50,50,46,rf_smote,calibrated,0.6996428571428571,0.34618134462221695,0.1449035697944056,0.047104161490249936,0.44776108192134784,1.2898854999803007,3
survival_status,50,50,46,tabpfn,raw,0.7317857142857143,0.3883990309639076,0.13911689588431128,0.04749052351626166,0.43218362020767165,20.747791166882962,0
survival_status,50,50,46,tabpfn,calibrated,0.7317857142857143,0.3883990309639076,0.1512753505439671,0.07987368190662515,0.45893860876285797,20.747791166882962,0
survival_status,50,50,46,xgboost,raw,0.6950000000000001,0.3149494145175543,0.15174220376586112,0.09567863483960828,0.4919954951964547,0.09706462500616908,0
survival_status,50,50,46,xgboost,calibrated,0.6950000000000001,0.3149494145175543,0.1654854469420633,0.12236100777680206,0.5051024706288461,0.09706462500616908,0
survival_status,50,50,47,lightgbm,raw,0.5825,0.34243783307700004,0.14897642440392417,0.09248021766948242,0.48989746834821934,0.07301208283752203,2
survival_status,50,50,47,logistic,raw,0.5689285714285715,0.30395563327726255,0.1475082169126665,0.02915681461753391,0.46985605746212544,0.028798582963645458,0
survival_status,50,50,47,rf,raw,0.7385714285714285,0.44550842248395484,0.13449545823195458,0.06620437956204381,0.43230228862308934,1.1380446669645607,0
survival_status,50,50,47,rf_smote,raw,0.5569642857142857,0.20655649633562376,0.16417972424979727,0.0769829683698297,0.506007865665037,1.2225292078219354,0
survival_status,50,50,47,tabpfn,raw,0.6335714285714286,0.2452812039396995,0.14682216481609525,0.034115071823127084,0.46413179203737437,13.251472459174693,0
survival_status,50,50,47,xgboost,raw,0.5885714285714285,0.24865934617141838,0.14955089293670348,0.05229082053703983,0.47857189822252827,0.08934416668489575,2
survival_status,50,50,48,lightgbm,raw,0.5528571428571428,0.20340188005786158,0.18386890153662,0.16265417387972528,0.6850360712825121,0.0932500003837049,1
survival_status,50,50,48,logistic,raw,0.5428571428571429,0.232789593921432,0.18387168808724272,0.14544183267100513,0.6946760206302841,0.02919808402657509,2
survival_status,50,50,48,rf,raw,0.6678571428571429,0.3619277400369937,0.14011776155717762,0.043454987834549874,0.44663710231817666,1.1310380836948752,0
survival_status,50,50,48,rf_smote,raw,0.5667857142857143,0.27315026967811473,0.1641314679643147,0.08815085158150852,0.5128985716808989,1.186154625378549,0
survival_status,50,50,48,tabpfn,raw,0.5717857142857143,0.2870080199670244,0.15291729883567412,0.10315197287467276,0.48479690969008543,13.112515124958009,0
survival_status,50,50,48,xgboost,raw,0.4932142857142857,0.17974677831343322,0.1898215885118974,0.1737760305982491,0.6319019615418094,0.0872419998049736,0
survival_status,50,50,49,lightgbm,raw,0.7444642857142858,0.44591384504016546,0.13157523265348206,0.06276810389085379,0.423238017788139,0.07095545809715986,2
survival_status,50,50,49,logistic,raw,0.7035714285714285,0.4380790516648927,0.13467886745037996,0.04455177254141515,0.4386384494839084,0.026970583014190197,1
survival_status,50,50,49,rf,raw,0.7678571428571429,0.5499367996129207,0.12623430656934306,0.0645985401459854,0.4104059215232336,1.1235637501813471,0
survival_status,50,50,49,rf_smote,raw,0.7394642857142857,0.37626842439418684,0.13746042173560422,0.08532846715328468,0.43928105148941227,1.1800243752077222,0
survival_status,50,50,49,tabpfn,raw,0.7853571428571429,0.4933579755336122,0.12254334447091973,0.047481550719507416,0.3940492772544412,13.20195099990815,0
survival_status,50,50,49,xgboost,raw,0.7507142857142857,0.4165751405666276,0.13481417823733208,0.07998081088324424,0.45656929062002766,0.08734400011599064,1
survival_status,50,50,50,lightgbm,raw,0.6758928571428572,0.3431270053655291,0.1595566249010909,0.11941505843882484,0.4949958135756134,0.07610383303835988,2
survival_status,50,50,50,logistic,raw,0.62,0.30072443563574414,0.149206504862276,0.058972105575479584,0.4727377143062906,0.027100542094558477,1
survival_status,50,50,50,rf,raw,0.6817857142857143,0.3347996227324798,0.1466298235101229,0.0777806941762389,0.46414183145567595,1.1263547502458096,2
survival_status,50,50,50,rf_smote,raw,0.7367857142857143,0.34757602288908224,0.15616111565745291,0.11591342786072283,0.4846242752901913,1.1990629588253796,2
survival_status,50,50,50,tabpfn,raw,0.7071428571428572,0.37875063219481947,0.136902963372237,0.026719165218137473,0.4346897994359242,80.21559737529606,0
survival_status,50,50,50,xgboost,raw,0.6817857142857143,0.4236522045618629,0.1608532582949958,0.11884421308654068,0.5273441880179568,0.08683237479999661,0
survival_status,50,50,51,lightgbm,raw,0.7532142857142857,0.5302416437965772,0.12453916358231523,0.06959412428606876,0.42188431467860077,0.0779987913556397,0
survival_status,50,50,51,logistic,raw,0.7296428571428571,0.38829525507768914,0.140555309219129,0.07932193271605537,0.44720088757545495,0.026316834148019552,0
survival_status,50,50,51,rf,raw,0.7596428571428571,0.3939024485314846,0.13244114011226005,0.056432741353791185,0.42014041870403446,1.1270138341933489,2
survival_status,50,50,51,rf_smote,raw,0.7578571428571429,0.5516210656758073,0.1244260257372988,0.1202971618950043,0.4129208291831353,1.199623208027333,2
survival_status,50,50,51,tabpfn,raw,0.8139285714285713,0.5785279523354667,0.12683772679983837,0.08197874782511788,0.40858991553432517,13.353047833777964,0
survival_status,50,50,51,xgboost,raw,0.7714285714285715,0.4453230568465884,0.1311995012790894,0.06664274530281333,0.4138074285798114,0.0860402500256896,0
survival_status,Full,537,42,lightgbm,raw,0.7635714285714286,0.4412473175382448,0.13651665983660533,0.08071112768413244,0.44970506674539096,0.44191037537530065,1
survival_status,Full,537,42,lightgbm,calibrated,0.7635714285714286,0.4412473175382448,0.13122541553809774,0.030481713165202592,0.41892768188813867,0.44191037537530065,1
survival_status,Full,537,42,logistic,raw,0.7528571428571429,0.45357690285561897,0.13213081318269537,0.04350377422660499,0.42277559278489224,0.04538937518373132,0
survival_status,Full,537,42,logistic,calibrated,0.7528571428571429,0.45357690285561897,0.1293349079894122,0.055188968690082274,0.41315787369635504,0.04538937518373132,0
survival_status,Full,537,42,rf,raw,0.8285714285714286,0.6133542650256704,0.12057792259504045,0.07064073275465699,0.3911030628370476,2.5598520832136273,1
survival_status,Full,537,42,rf,calibrated,0.8285714285714286,0.6133542650256704,0.11689127603828188,0.06748183982196775,0.38050300118022634,2.5598520832136273,1
survival_status,Full,537,42,rf_smote,raw,0.7751785714285715,0.41902309307581537,0.13588783454987835,0.09574209245742092,0.43368416686274786,3.864824667107314,0
survival_status,Full,537,42,rf_smote,calibrated,0.7751785714285715,0.41902309307581537,0.13052259743308706,0.05216335414175706,0.41407100206334124,3.864824667107314,0
survival_status,Full,537,42,tabpfn,raw,0.835,0.5836422278924029,0.11538475230034348,0.07253041429730663,0.37431783886104536,16.02908125007525,0
survival_status,Full,537,42,tabpfn,calibrated,0.835,0.5836422278924029,0.11697053710208466,0.06645459030977544,0.3793741128095853,16.02908125007525,0
survival_status,Full,537,42,xgboost,raw,0.8096428571428571,0.5084238661984424,0.12164734434791837,0.08899232062653903,0.3903941764716438,0.4161368329077959,0
survival_status,Full,537,42,xgboost,calibrated,0.8096428571428571,0.5084238661984424,0.12323559903111247,0.06971038918915723,0.3978742655655274,0.4161368329077959,0
survival_status,Full,537,43,lightgbm,raw,0.7803571428571429,0.4744735939809108,0.12860219044016358,0.07374070708060874,0.4259823622891732,0.4828990837559104,1
survival_status,Full,537,43,lightgbm,calibrated,0.7803571428571429,0.4744735939809108,0.12765451979864817,0.05950856572623327,0.4087790765926306,0.4828990837559104,1
survival_status,Full,537,43,logistic,raw,0.7625,0.4903148113807155,0.12382297872549658,0.04898593166598935,0.3984080987802465,0.051793374586850405,1
survival_status,Full,537,43,logistic,calibrated,0.7625,0.4903148113807155,0.12511103515727726,0.04405951894700639,0.4029755669162486,0.051793374586850405,1
survival_status,Full,537,43,rf,raw,0.8317857142857142,0.6135038178016469,0.12211688566611345,0.0893675258313882,0.3938944226146267,2.6363842920400202,3
survival_status,Full,537,43,rf,calibrated,0.8317857142857142,0.6135038178016469,0.11631963099187663,0.10232769260573835,0.3761523382948596,2.6363842920400202,3
survival_status,Full,537,43,rf_smote,raw,0.7939285714285714,0.5568579768611835,0.13172498233655897,0.11699410831617338,0.4247447689189209,4.536303291097283,2
survival_status,Full,537,43,rf_smote,calibrated,0.7939285714285714,0.5568579768611835,0.12116014764791355,0.048908946888636944,0.39023452433280864,4.536303291097283,2
survival_status,Full,537,43,tabpfn,raw,0.8332142857142857,0.5792789523565369,0.11682768900279299,0.06410798889985919,0.37690339857219446,38.548959667328745,0
survival_status,Full,537,43,tabpfn,calibrated,0.8332142857142857,0.5792789523565369,0.11833200144070857,0.058904653227739905,0.38209299441014327,38.548959667328745,0
survival_status,Full,537,43,xgboost,raw,0.7825,0.4733424629165687,0.12685865254011494,0.06585472198135227,0.396587312509419,0.4875127081759274,1
survival_status,Full,537,43,xgboost,calibrated,0.7825,0.4733424629165687,0.12906682447889087,0.05214730436450517,0.4128252445779757,0.4875127081759274,1
survival_status,Full,537,44,lightgbm,raw,0.767142857142857,0.4613930706968744,0.13336009949022487,0.07973927949960057,0.4414776251981166,0.45719495927914977,1
survival_status,Full,537,44,lightgbm,calibrated,0.767142857142857,0.4613930706968744,0.12958950482351586,0.06292825310766471,0.41464491066000037,0.45719495927914977,1
survival_status,Full,537,44,logistic,raw,0.7528571428571429,0.45357690285561897,0.13213081318269534,0.04350377422660498,0.4227755927848923,0.046653167344629765,0
survival_status,Full,537,44,logistic,calibrated,0.7528571428571429,0.45357690285561897,0.1302059607147207,0.03702561906996024,0.41655624918539796,0.046653167344629765,0
survival_status,Full,537,44,rf,raw,0.8296428571428571,0.6289053303962573,0.12123551845247509,0.08475776384501803,0.3932138032305665,2.5974615840241313,3
survival_status,Full,537,44,rf,calibrated,0.8296428571428571,0.6289053303962573,0.11558620879455136,0.07063659946082035,0.37759552170255783,2.5974615840241313,3
survival_status,Full,537,44,rf_smote,raw,0.7855357142857142,0.5324795658403912,0.13421605839416056,0.12749391727493917,0.431961267930716,3.949633457697928,0
survival_status,Full,537,44,rf_smote,calibrated,0.7855357142857142,0.5324795658403912,0.12768979788250365,0.07036266851270995,0.4085924123655139,3.949633457697928,0
survival_status,Full,537,44,tabpfn,raw,0.8346428571428571,0.5815264378406066,0.115924497302178,0.06446494457114788,0.37578460950781917,38.4307760829106,0
survival_status,Full,537,44,tabpfn,calibrated,0.8346428571428571,0.5815264378406066,0.11700494767295756,0.07132479330765376,0.3799793145081218,38.4307760829106,0
survival_status,Full,537,44,xgboost,raw,0.7578571428571429,0.4515693810834406,0.12888823664150167,0.05097798641471967,0.4098221194486796,0.4582212078385055,3
survival_status,Full,537,44,xgboost,calibrated,0.7578571428571429,0.4515693810834406,0.13033195994415112,0.03977061257194375,0.4160991994001396,0.4582212078385055,3
survival_status,Full,537,45,lightgbm,raw,0.7825,0.4176430049179777,0.13581381721611313,0.09076438342334243,0.4334310538872602,0.4540921254083514,1
survival_status,Full,537,45,lightgbm,calibrated,0.7825,0.4176430049179777,0.13018333243854927,0.04913363399671747,0.41300726411751554,0.4540921254083514,1
survival_status,Full,537,45,logistic,raw,0.7625,0.4903148113807155,0.12382297872549666,0.048985931665989475,0.3984080987802469,0.05090079177170992,1
survival_status,Full,537,45,logistic,calibrated,0.7625,0.4903148113807155,0.1252071653810446,0.03827930899064544,0.40301133529955,0.05090079177170992,1
survival_status,Full,537,45,rf,raw,0.8210714285714286,0.5930136399758372,0.12318919206147627,0.08265012331990841,0.39692261131816303,2.550246374681592,3
survival_status,Full,537,45,rf,calibrated,0.8210714285714286,0.5930136399758372,0.11698505704513591,0.05218670593162041,0.3785787512205748,2.550246374681592,3
survival_status,Full,537,45,rf_smote,raw,0.7644642857142857,0.45614721426967536,0.13698402270884022,0.10873479318734797,0.43892698874181846,4.019910709001124,0
survival_status,Full,537,45,rf_smote,calibrated,0.7644642857142857,0.45614721426967536,0.12767783039836766,0.04674914867740156,0.40742544296603345,4.019910709001124,0
survival_status,Full,537,45,tabpfn,raw,0.8367857142857144,0.5951610331857786,0.11542196073893536,0.06486684045869939,0.3744649571233223,18.020255958195776,0
survival_status,Full,537,45,tabpfn,calibrated,0.8367857142857144,0.5951610331857786,0.1164323323110365,0.0661026501525977,0.3779373615666283,18.020255958195776,0
survival_status,Full,537,45,xgboost,raw,0.8096428571428571,0.5084238661984424,0.12164734434791837,0.08899232062653903,0.3903941764716438,0.4377278331667185,0
survival_status,Full,537,45,xgboost,calibrated,0.8096428571428571,0.5084238661984424,0.12352402760133248,0.07014303080893948,0.39752194426954957,0.4377278331667185,0
survival_status,Full,537,46,lightgbm,raw,0.7792857142857144,0.46153416639836337,0.1318601671551745,0.08628242483222906,0.4319791688274477,0.4553084159269929,1
survival_status,Full,537,46,lightgbm,calibrated,0.7792857142857144,0.46153416639836337,0.12946348795247262,0.07022233154275442,0.4154232475345556,0.4553084159269929,1
survival_status,Full,537,46,logistic,raw,0.7528571428571429,0.45357690285561897,0.13213081318269537,0.04350377422660496,0.4227755927848923,0.045196167193353176,0
survival_status,Full,537,46,logistic,calibrated,0.7528571428571429,0.45357690285561897,0.1293439891404601,0.054113027683102555,0.4135230573013387,0.045196167193353176,0
survival_status,Full,537,46,rf,raw,0.8196428571428571,0.5752171950588721,0.12341812697207322,0.09252425058432963,0.39978404302179177,2.5716882501728833,3
survival_status,Full,537,46,rf,calibrated,0.8196428571428571,0.5752171950588721,0.1172567593419061,0.07995011529496257,0.38262686751548713,2.5716882501728833,3
survival_status,Full,537,46,rf_smote,raw,0.7691071428571429,0.4501202524890632,0.1367300081103001,0.0986131386861314,0.4371985707549985,3.904693250078708,0
survival_status,Full,537,46,rf_smote,calibrated,0.7691071428571429,0.4501202524890632,0.1287063912261711,0.050610790014242055,0.4086511261664792,3.904693250078708,0
survival_status,Full,537,46,tabpfn,raw,0.8357142857142857,0.5793929099291765,0.11572562327895683,0.06965550819724581,0.3758968192553334,13.828505374956876,0
survival_status,Full,537,46,tabpfn,calibrated,0.8357142857142857,0.5793929099291765,0.11603741952347166,0.07236607189612096,0.3765468762215065,13.828505374956876,0
survival_status,Full,537,46,xgboost,raw,0.8096428571428571,0.5084238661984424,0.12164734434791837,0.08899232062653903,0.3903941764716438,0.4202638338319957,0
survival_status,Full,537,46,xgboost,calibrated,0.8096428571428571,0.5084238661984424,0.12652102890003414,0.07265186157323208,0.407475067115083,0.4202638338319957,0
survival_status,Full,537,47,lightgbm,raw,0.7685714285714287,0.4786146410189528,0.12522469262771593,0.019548358410391212,0.39903912400474806,0.41331304237246513,0
survival_status,Full,537,47,logistic,raw,0.7528571428571429,0.45357690285561897,0.13213081318269534,0.04350377422660499,0.4227755927848923,0.04801620775833726,0
survival_status,Full,537,47,rf,raw,0.8235714285714286,0.6069507489638333,0.12306004766598883,0.0995180320521432,0.39816711054477,2.6916652503423393,3
survival_status,Full,537,47,rf_smote,raw,0.7760714285714285,0.45463069294662756,0.14185514371282654,0.13175570136780065,0.4531326409013633,3.901539959013462,3
survival_status,Full,537,47,tabpfn,raw,0.8360714285714285,0.571672177287065,0.11603453551889913,0.05962581965174988,0.375935563715858,16.88694112515077,0
survival_status,Full,537,47,xgboost,raw,0.8096428571428571,0.5084238661984424,0.12164734434791837,0.08899232062653903,0.3903941764716438,0.41876012505963445,0
survival_status,Full,537,48,lightgbm,raw,0.7692857142857142,0.4189703430406802,0.13241682896003107,0.04355375743173455,0.41235612629994167,0.4458130421116948,3
survival_status,Full,537,48,logistic,raw,0.7528571428571429,0.45357690285561897,0.13213081318269534,0.04350377422660498,0.4227755927848923,0.04309199983254075,0
survival_status,Full,537,48,rf,raw,0.8185714285714286,0.5868407554632462,0.12336481033863028,0.07933204236383318,0.3982146291763652,2.5066255829297006,3
survival_status,Full,537,48,rf_smote,raw,0.7789285714285714,0.4524358538670228,0.14124658353045896,0.12138029008604813,0.45196566647061964,3.758126416709274,3
survival_status,Full,537,48,tabpfn,raw,0.8314285714285714,0.5511761074595422,0.11624919143942135,0.05719092825468439,0.3767820064568059,13.918246666900814,0
survival_status,Full,537,48,xgboost,raw,0.7671428571428571,0.503822005658028,0.12557749910441723,0.030381127389786888,0.4023548090223117,0.41759995790198445,2
survival_status,Full,537,49,lightgbm,raw,0.7560714285714286,0.4762156765981702,0.12720624615050885,0.0541551900871855,0.4058111806874187,0.41105095902457833,2
survival_status,Full,537,49,logistic,raw,0.7528571428571429,0.45357690285561897,0.13213081318269534,0.04350377422660499,0.4227755927848923,0.041821875143796206,0
survival_status,Full,537,49,rf,raw,0.8228571428571428,0.6111957082184943,0.12290357576790878,0.08579603857820021,0.39706648519118054,2.499574291985482,3
survival_status,Full,537,49,rf_smote,raw,0.8014285714285715,0.5076295372736865,0.13774306482997167,0.1205071102528825,0.4433035434198398,3.73309341724962,3
survival_status,Full,537,49,tabpfn,raw,0.8267857142857143,0.5585688583312125,0.11693803187269386,0.05552057329103026,0.37827752119873004,17.24471337487921,0
survival_status,Full,537,49,xgboost,raw,0.8096428571428571,0.5084238661984424,0.12164734434791837,0.08899232062653903,0.3903941764716438,0.41183350002393126,0
survival_status,Full,537,50,lightgbm,raw,0.7685714285714286,0.4251956285117056,0.13215441531513028,0.03610995050261042,0.41193654644456973,0.44562595803290606,3
survival_status,Full,537,50,logistic,raw,0.7528571428571429,0.45357690285561897,0.13213081318269534,0.04350377422660496,0.4227755927848923,0.04286204185336828,0
survival_status,Full,537,50,rf,raw,0.8417857142857142,0.6359467097170296,0.12144758334388397,0.0986194738739276,0.3924878708194429,2.505156499799341,3
survival_status,Full,537,50,rf_smote,raw,0.7842857142857143,0.49787418989848653,0.13402400648824006,0.11041362530413625,0.43324195241321084,3.8361726668663323,0
survival_status,Full,537,50,tabpfn,raw,0.8300000000000001,0.5805006785716724,0.11606552499416226,0.06442650158746835,0.37636926665765574,16.209082167129964,0
survival_status,Full,537,50,xgboost,raw,0.7671428571428571,0.503822005658028,0.12557749910441723,0.030381127389786888,0.4023548090223117,0.41213162522763014,2
survival_status,Full,537,51,lightgbm,raw,0.7735714285714285,0.4525804725154375,0.1248714442065623,0.021380283594447855,0.3979920634294096,0.42107899999246,0
survival_status,Full,537,51,logistic,raw,0.7528571428571429,0.45357690285561897,0.13213081318269534,0.04350377422660498,0.4227755927848923,0.044178707990795374,0
survival_status,Full,537,51,rf,raw,0.8407142857142856,0.6663756701651439,0.11751054466127622,0.0824078601210144,0.38395660196077863,2.538426165934652,1
survival_status,Full,537,51,rf_smote,raw,0.7676785714285714,0.45945752458467154,0.13710794809407945,0.12888077858880778,0.4397941610216395,3.8806364159099758,0
survival_status,Full,537,51,tabpfn,raw,0.8421428571428571,0.5838322430292358,0.11527850949684784,0.08084363310876554,0.37380094159915805,16.253423749934882,0
survival_status,Full,537,51,xgboost,raw,0.8096428571428571,0.5084238661984424,0.12164734434791837,0.08899232062653903,0.3903941764716438,0.4340534168295562,0
